encounter_id,pokemon_id,trainer,zone,pokemon_level,combat_power,captured,date
1,195,Leaf,Isla Canela,34,513,False,2026-06-19 06:00:00
2,109,Misty,Ruta 1,33,224,False,2026-05-31 10:00:00
3,78,Ash,Isla Canela,83,1452,False,2026-04-07 10:00:00
4,90,Red,Zona Safari,59,359,False,2026-06-19 08:00:00
5,164,Brock,Monte Moon,46,726,False,2026-02-27 02:00:00
6,59,Misty,Bosque Verde,24,465,False,2026-02-01 18:00:00
7,190,Misty,Ruta 1,89,640,True,2026-06-16 14:00:00
8,69,Ash,Bosque Verde,84,504,False,2026-01-04 01:00:00
9,41,Leaf,Isla Canela,64,313,True,2026-01-06 02:00:00
10,74,Leaf,Monte Moon,21,126,True,2026-03-11 09:00:00
11,187,Ash,Isla Canela,8,40,False,2026-01-11 15:00:00
12,182,Misty,Ruta 1,33,729,False,2026-02-12 14:00:00
13,101,Blue,Isla Canela,53,911,True,2026-03-09 00:00:00
14,177,Blue,Zona Safari,10,64,True,2026-03-10 17:00:00
15,28,Blue,Cueva Celeste,11,173,True,2026-04-28 03:00:00
16,38,Leaf,Cueva Celeste,55,973,True,2026-04-20 15:00:00
17,8,Misty,Cueva Celeste,97,1377,False,2026-03-17 21:00:00
18,27,Red,Zona Safari,29,174,True,2026-06-17 10:00:00
19,127,Red,Bosque Verde,93,1627,True,2026-06-06 02:00:00
20,57,Red,Ruta 1,11,174,False,2026-03-09 02:00:00
21,79,Ash,Isla Canela,8,50,False,2026-06-27 02:00:00
22,22,Misty,Ruta 1,45,697,True,2026-04-29 01:00:00
23,132,Blue,Zona Safari,87,878,True,2026-03-02 23:00:00
24,10,Ash,Bosque Verde,98,382,True,2026-02-13 22:00:00
25,80,Misty,Isla Canela,15,258,True,2026-02-17 00:00:00
26,193,Misty,Ruta 1,54,421,False,2026-03-08 03:00:00
27,154,Misty,Isla Canela,35,826,False,2026-01-12 10:00:00
28,169,Ash,Isla Canela,66,1590,False,2026-01-29 12:00:00
29,58,Blue,Cueva Celeste,50,350,False,2026-05-31 18:00:00
30,1,Blue,Bosque Verde,6,38,False,2026-06-21 01:00:00
31,9,Leaf,Bosque Verde,3,71,False,2026-02-25 14:00:00
32,178,Red,Ruta 1,2,33,False,2026-02-14 22:00:00
33,11,Leaf,Bosque Verde,9,64,False,2026-01-06 05:00:00
34,88,Red,Cueva Celeste,91,591,True,2026-01-11 12:00:00
35,151,Misty,Monte Moon,31,837,False,2026-01-02 16:00:00
36,11,Misty,Cueva Celeste,18,129,True,2026-01-09 03:00:00
37,72,Brock,Isla Canela,64,428,True,2026-03-26 07:00:00
38,119,Red,Ruta 1,18,284,False,2026-05-26 04:00:00
39,38,Ash,Monte Moon,22,389,False,2026-02-13 05:00:00
40,75,Brock,Isla Canela,99,1356,True,2026-06-19 10:00:00
41,93,Blue,Zona Safari,96,1363,False,2026-05-10 17:00:00
42,105,Brock,Monte Moon,12,178,False,2026-02-20 20:00:00
43,20,Misty,Isla Canela,14,203,True,2026-06-30 09:00:00
44,82,Red,Zona Safari,33,537,True,2026-06-22 19:00:00
45,47,Misty,Monte Moon,97,1377,False,2026-03-05 13:00:00
46,140,Ash,Ruta 1,48,340,False,2026-06-07 02:00:00
47,113,Blue,Cueva Celeste,6,237,False,2026-02-23 07:00:00
48,138,Ash,Cueva Celeste,73,518,False,2026-01-30 06:00:00
49,78,Ash,Zona Safari,21,367,False,2026-06-14 10:00:00
50,196,Ash,Bosque Verde,61,1122,True,2026-06-23 09:00:00
51,138,Misty,Ruta 1,19,134,True,2026-04-23 13:00:00
52,43,Ash,Bosque Verde,28,179,True,2026-05-13 13:00:00
53,152,Leaf,Zona Safari,39,249,False,2026-05-31 00:00:00
54,120,Red,Monte Moon,77,523,False,2026-03-07 00:00:00
55,43,Ash,Isla Canela,42,268,True,2026-05-06 05:00:00
56,96,Red,Isla Canela,57,376,False,2026-06-01 03:00:00
57,139,Misty,Cueva Celeste,99,1712,True,2026-02-25 12:00:00
58,198,Ash,Isla Canela,85,688,False,2026-04-19 18:00:00
59,157,Misty,Isla Canela,76,1824,True,2026-04-12 06:00:00
60,155,Misty,Monte Moon,67,415,True,2026-06-04 00:00:00
61,157,Brock,Monte Moon,3,72,True,2026-04-30 04:00:00
62,46,Misty,Bosque Verde,34,193,True,2026-05-12 00:00:00
63,176,Blue,Monte Moon,26,369,False,2026-01-29 04:00:00
64,67,Ash,Isla Canela,82,1164,False,2026-02-16 02:00:00
65,145,Brock,Bosque Verde,35,913,False,2026-05-06 12:00:00
66,165,Blue,Cueva Celeste,17,90,False,2026-01-10 04:00:00
67,154,Leaf,Zona Safari,12,283,True,2026-03-31 10:00:00
68,87,Red,Zona Safari,48,796,True,2026-01-08 08:00:00
69,52,Misty,Bosque Verde,45,261,False,2026-04-03 04:00:00
70,117,Leaf,Isla Canela,48,739,False,2026-03-06 20:00:00
71,7,Leaf,Ruta 1,36,226,False,2026-03-03 19:00:00
72,107,Leaf,Ruta 1,53,842,False,2026-01-30 09:00:00
73,161,Leaf,Bosque Verde,91,391,True,2026-05-27 14:00:00
74,32,Leaf,Ruta 1,57,313,True,2026-03-07 06:00:00
75,41,Blue,Isla Canela,41,200,True,2026-04-18 08:00:00
76,174,Misty,Ruta 1,42,176,True,2026-02-14 07:00:00
77,132,Misty,Ruta 1,79,797,False,2026-04-30 05:00:00
78,157,Misty,Cueva Celeste,3,72,False,2026-05-16 04:00:00
79,16,Red,Bosque Verde,8,40,False,2026-03-18 15:00:00
80,135,Blue,Ruta 1,94,1729,False,2026-04-07 06:00:00
81,109,Ash,Isla Canela,74,503,True,2026-05-23 10:00:00
82,176,Red,Ruta 1,77,1093,False,2026-05-21 09:00:00
83,163,Misty,Cueva Celeste,50,260,False,2026-05-10 22:00:00
84,106,Misty,Cueva Celeste,86,1367,True,2026-01-21 03:00:00
85,95,Red,Bosque Verde,14,107,False,2026-06-10 12:00:00
86,188,Ash,Isla Canela,96,1142,False,2026-03-06 22:00:00
87,191,Brock,Cueva Celeste,43,154,False,2026-06-12 22:00:00
88,69,Ash,Bosque Verde,18,108,False,2026-06-20 18:00:00
89,200,Blue,Bosque Verde,90,783,True,2026-01-05 16:00:00
90,84,Ash,Cueva Celeste,87,539,False,2026-03-30 10:00:00
91,11,Red,Ruta 1,96,691,True,2026-05-31 12:00:00
92,164,Red,Zona Safari,33,521,False,2026-06-10 12:00:00
93,127,Red,Cueva Celeste,40,700,True,2026-02-27 21:00:00
94,88,Leaf,Zona Safari,34,221,True,2026-02-12 11:00:00
95,69,Leaf,Ruta 1,44,264,False,2026-02-09 22:00:00
96,115,Ash,Monte Moon,47,808,True,2026-06-16 16:00:00
97,15,Blue,Isla Canela,59,1050,False,2026-01-31 07:00:00
98,107,Leaf,Ruta 1,67,1065,False,2026-04-11 08:00:00
99,29,Leaf,Zona Safari,7,38,True,2026-06-01 12:00:00
100,185,Red,Monte Moon,18,259,False,2026-06-10 15:00:00
101,135,Brock,Bosque Verde,22,404,True,2026-02-26 01:00:00
102,47,Blue,Monte Moon,62,880,False,2026-01-23 01:00:00
103,76,Leaf,Isla Canela,46,1025,True,2026-03-26 07:00:00
104,176,Red,Zona Safari,85,1207,True,2026-03-23 23:00:00
105,44,Misty,Bosque Verde,55,759,False,2026-05-20 11:00:00
106,32,Misty,Zona Safari,78,429,False,2026-05-01 13:00:00
107,102,Ash,Cueva Celeste,41,266,True,2026-02-13 20:00:00
108,186,Brock,Isla Canela,62,1395,True,2026-05-04 15:00:00
109,160,Ash,Ruta 1,53,1266,False,2026-03-12 02:00:00
110,26,Misty,Monte Moon,41,893,True,2026-06-28 22:00:00
111,5,Leaf,Isla Canela,88,1249,True,2026-06-02 11:00:00
112,120,Misty,Bosque Verde,59,401,False,2026-01-26 23:00:00
113,14,Ash,Monte Moon,79,568,True,2026-03-15 10:00:00
114,157,Ash,Ruta 1,74,1776,False,2026-04-09 04:00:00
115,143,Brock,Ruta 1,86,1625,True,2026-04-18 23:00:00
116,10,Misty,Bosque Verde,83,323,False,2026-03-04 20:00:00
117,165,Misty,Ruta 1,94,498,False,2026-05-17 12:00:00
118,195,Leaf,Zona Safari,12,181,False,2026-03-19 03:00:00
119,91,Red,Isla Canela,52,956,False,2026-02-26 19:00:00
120,192,Leaf,Cueva Celeste,30,447,True,2026-02-14 04:00:00
121,21,Red,Isla Canela,45,234,False,2026-01-13 04:00:00
122,132,Blue,Cueva Celeste,4,40,False,2026-05-13 14:00:00
123,57,Misty,Ruta 1,32,508,False,2026-02-26 08:00:00
124,169,Misty,Cueva Celeste,65,1566,False,2026-02-04 15:00:00
125,75,Red,Monte Moon,6,82,False,2026-06-05 08:00:00
126,162,Blue,Monte Moon,27,391,True,2026-02-09 17:00:00
127,46,Leaf,Ruta 1,43,245,True,2026-06-25 09:00:00
128,173,Leaf,Bosque Verde,85,374,True,2026-03-05 16:00:00
129,74,Blue,Isla Canela,31,186,True,2026-06-01 13:00:00
130,163,Blue,Cueva Celeste,76,395,True,2026-01-24 14:00:00
131,53,Blue,Bosque Verde,93,1432,True,2026-02-13 15:00:00
132,173,Ash,Zona Safari,38,167,False,2026-06-16 09:00:00
133,13,Ash,Zona Safari,16,62,False,2026-03-02 13:00:00
134,174,Ash,Isla Canela,33,138,False,2026-02-21 18:00:00
135,199,Misty,Isla Canela,61,1049,False,2026-03-03 21:00:00
136,185,Misty,Zona Safari,69,993,True,2026-06-18 15:00:00
137,197,Brock,Bosque Verde,37,680,False,2026-04-19 22:00:00
138,36,Leaf,Cueva Celeste,1,21,True,2026-03-02 11:00:00
139,56,Misty,Isla Canela,99,603,True,2026-01-06 21:00:00
140,63,Blue,Bosque Verde,73,452,True,2026-02-12 18:00:00
141,100,Brock,Cueva Celeste,28,184,True,2026-06-18 09:00:00
142,76,Brock,Isla Canela,10,223,False,2026-02-22 05:00:00
143,189,Brock,Cueva Celeste,52,1076,False,2026-04-13 23:00:00
144,199,Brock,Ruta 1,46,791,False,2026-01-01 00:00:00
145,107,Red,Ruta 1,60,954,True,2026-04-28 01:00:00
146,145,Leaf,Isla Canela,45,1174,True,2026-02-03 02:00:00
147,175,Leaf,Isla Canela,4,19,False,2026-05-03 10:00:00
148,144,Misty,Isla Canela,67,1748,True,2026-04-26 05:00:00
149,189,Blue,Bosque Verde,13,269,False,2026-01-28 16:00:00
150,65,Leaf,Ruta 1,50,1125,True,2026-01-31 07:00:00
151,6,Misty,Monte Moon,25,600,True,2026-03-31 02:00:00
152,198,Ash,Zona Safari,14,113,True,2026-03-05 18:00:00
153,126,Ash,Zona Safari,58,1003,False,2026-05-12 12:00:00
154,199,Blue,Bosque Verde,81,1393,False,2026-03-31 00:00:00
155,140,Brock,Monte Moon,23,163,False,2026-06-07 07:00:00
156,53,Red,Isla Canela,8,123,False,2026-02-15 06:00:00
157,104,Ash,Cueva Celeste,30,192,False,2026-03-04 06:00:00
158,58,Ash,Bosque Verde,79,553,True,2026-03-07 08:00:00
159,142,Brock,Bosque Verde,49,882,False,2026-03-23 16:00:00
160,160,Red,Cueva Celeste,93,2222,False,2026-01-22 08:00:00
161,16,Red,Zona Safari,33,165,True,2026-04-09 20:00:00
162,158,Ash,Ruta 1,71,447,False,2026-05-06 07:00:00
163,56,Leaf,Ruta 1,5,30,False,2026-01-29 19:00:00
164,118,Blue,Zona Safari,36,230,True,2026-03-16 06:00:00
165,160,Blue,Cueva Celeste,57,1362,True,2026-03-11 18:00:00
166,139,Blue,Ruta 1,74,1280,False,2026-05-20 11:00:00
167,56,Brock,Ruta 1,79,481,False,2026-01-01 17:00:00
168,116,Misty,Isla Canela,42,247,True,2026-02-21 15:00:00
169,199,Red,Monte Moon,41,705,False,2026-05-23 07:00:00
170,94,Misty,Cueva Celeste,23,517,True,2026-02-01 18:00:00
171,169,Misty,Bosque Verde,28,674,True,2026-05-20 16:00:00
172,135,Ash,Zona Safari,57,1048,True,2026-06-03 05:00:00
173,1,Ash,Isla Canela,49,313,True,2026-02-01 18:00:00
174,157,Brock,Bosque Verde,7,168,False,2026-01-23 19:00:00
175,151,Blue,Zona Safari,87,2349,False,2026-03-04 22:00:00
176,101,Leaf,Ruta 1,39,670,False,2026-02-17 22:00:00
177,47,Red,Cueva Celeste,87,1235,False,2026-04-09 12:00:00
178,32,Blue,Zona Safari,22,121,True,2026-03-02 22:00:00
179,72,Leaf,Monte Moon,61,408,True,2026-01-17 06:00:00
180,110,Leaf,Bosque Verde,14,240,True,2026-04-12 10:00:00
181,80,Red,Zona Safari,4,68,True,2026-05-16 12:00:00
182,32,Ash,Monte Moon,71,390,True,2026-05-15 00:00:00
183,125,Blue,Isla Canela,4,68,True,2026-05-25 17:00:00
184,92,Misty,Isla Canela,59,365,True,2026-02-09 16:00:00
185,107,Ash,Cueva Celeste,80,1272,False,2026-04-05 17:00:00
186,36,Brock,Bosque Verde,13,282,False,2026-01-13 05:00:00
187,6,Misty,Zona Safari,57,1368,True,2026-02-08 05:00:00
188,122,Leaf,Bosque Verde,1,16,False,2026-02-12 00:00:00
189,53,Leaf,Ruta 1,70,1078,True,2026-03-16 09:00:00
190,67,Brock,Bosque Verde,100,1420,False,2026-04-22 17:00:00
191,70,Red,Ruta 1,82,1123,True,2026-02-13 20:00:00
192,55,Leaf,Monte Moon,60,1050,False,2026-02-06 21:00:00
193,171,Misty,Isla Canela,87,1400,False,2026-04-26 05:00:00
194,103,Leaf,Monte Moon,41,762,False,2026-01-29 06:00:00
195,153,Misty,Monte Moon,86,1221,True,2026-04-05 12:00:00
196,18,Brock,Cueva Celeste,5,108,True,2026-01-09 18:00:00
197,71,Brock,Cueva Celeste,48,1060,False,2026-05-19 17:00:00
198,61,Leaf,Cueva Celeste,26,351,True,2026-04-15 22:00:00
199,47,Brock,Zona Safari,47,667,False,2026-02-05 18:00:00
200,85,Red,Bosque Verde,58,957,False,2026-02-01 01:00:00
201,186,Red,Isla Canela,25,562,True,2026-01-22 19:00:00
202,119,Misty,Isla Canela,91,1437,True,2026-04-28 13:00:00
203,131,Leaf,Cueva Celeste,44,822,False,2026-03-21 00:00:00
204,156,Blue,Bosque Verde,10,142,True,2026-04-04 00:00:00
205,53,Ash,Bosque Verde,50,770,False,2026-03-27 16:00:00
206,101,Ash,Bosque Verde,48,825,True,2026-06-30 11:00:00
207,35,Red,Bosque Verde,37,418,True,2026-01-11 22:00:00
208,4,Ash,Zona Safari,1,6,True,2026-05-07 21:00:00
209,59,Misty,Monte Moon,5,97,True,2026-04-13 06:00:00
210,43,Misty,Monte Moon,37,236,False,2026-04-03 00:00:00
211,67,Red,Monte Moon,3,42,False,2026-01-31 03:00:00
212,157,Leaf,Ruta 1,32,768,False,2026-06-20 00:00:00
213,78,Leaf,Monte Moon,23,402,True,2026-05-08 06:00:00
214,179,Misty,Bosque Verde,58,324,True,2026-03-20 10:00:00
215,127,Leaf,Isla Canela,37,647,True,2026-06-11 01:00:00
216,79,Leaf,Cueva Celeste,73,459,True,2026-05-01 06:00:00
217,182,Misty,Zona Safari,3,66,True,2026-04-09 19:00:00
218,48,Ash,Bosque Verde,31,189,True,2026-02-21 06:00:00
219,90,Brock,Cueva Celeste,65,396,False,2026-04-09 19:00:00
220,181,Misty,Zona Safari,56,1288,False,2026-04-14 14:00:00
221,129,Leaf,Monte Moon,88,352,False,2026-03-14 20:00:00
222,25,Ash,Isla Canela,16,179,False,2026-01-08 04:00:00
223,167,Red,Cueva Celeste,51,254,False,2026-01-18 13:00:00
224,24,Red,Ruta 1,89,1397,True,2026-03-14 21:00:00
225,129,Leaf,Zona Safari,9,36,True,2026-04-12 20:00:00
226,108,Misty,Bosque Verde,48,369,False,2026-05-09 16:00:00
227,94,Blue,Monte Moon,92,2070,False,2026-04-01 06:00:00
228,38,Misty,Bosque Verde,99,1752,True,2026-03-07 20:00:00
229,96,Blue,Bosque Verde,22,145,False,2026-01-02 04:00:00
230,110,Red,Bosque Verde,79,1358,True,2026-06-05 11:00:00
231,123,Ash,Zona Safari,96,960,False,2026-04-11 06:00:00
232,88,Ash,Monte Moon,62,403,True,2026-05-06 07:00:00
233,30,Misty,Ruta 1,45,576,True,2026-04-30 08:00:00
234,17,Brock,Monte Moon,30,366,False,2026-01-02 19:00:00
235,98,Red,Cueva Celeste,69,448,False,2026-04-26 16:00:00
236,109,Misty,Monte Moon,99,673,False,2026-05-08 10:00:00
237,26,Misty,Isla Canela,58,1264,False,2026-05-12 02:00:00
238,79,Blue,Bosque Verde,68,428,True,2026-03-26 01:00:00
239,124,Blue,Cueva Celeste,17,270,False,2026-01-18 06:00:00
240,113,Leaf,Isla Canela,44,1738,False,2026-06-17 07:00:00
241,98,Red,Monte Moon,1,6,False,2026-04-12 06:00:00
242,87,Misty,Bosque Verde,74,1228,False,2026-06-18 02:00:00
243,137,Misty,Bosque Verde,19,150,False,2026-03-26 21:00:00
244,15,Ash,Monte Moon,44,783,False,2026-01-19 05:00:00
245,107,Red,Zona Safari,66,1049,True,2026-04-29 06:00:00
246,181,Misty,Cueva Celeste,16,368,False,2026-03-22 09:00:00
247,15,Blue,Ruta 1,94,1673,False,2026-03-28 07:00:00
248,76,Ash,Cueva Celeste,54,1204,False,2026-06-28 05:00:00
249,128,Leaf,Monte Moon,69,1186,True,2026-06-21 21:00:00
250,26,Red,Zona Safari,1,21,True,2026-06-03 01:00:00
251,10,Blue,Monte Moon,25,97,True,2026-06-11 05:00:00
252,136,Ash,Monte Moon,88,1619,False,2026-04-13 09:00:00
253,177,Misty,Monte Moon,82,524,False,2026-03-04 05:00:00
254,55,Misty,Isla Canela,43,752,True,2026-03-08 22:00:00
255,116,Misty,Cueva Celeste,5,29,False,2026-02-03 22:00:00
256,15,Ash,Cueva Celeste,46,818,True,2026-06-19 23:00:00
257,112,Leaf,Isla Canela,18,306,False,2026-02-22 07:00:00
258,128,Brock,Zona Safari,89,1530,False,2026-04-27 09:00:00
259,151,Ash,Cueva Celeste,30,810,False,2026-04-17 06:00:00
260,49,Blue,Cueva Celeste,79,1248,False,2026-04-27 08:00:00
261,151,Blue,Zona Safari,95,2565,True,2026-05-03 06:00:00
262,96,Blue,Cueva Celeste,67,442,True,2026-01-27 16:00:00
263,112,Blue,Bosque Verde,69,1173,False,2026-04-11 04:00:00
264,109,Red,Bosque Verde,76,516,True,2026-03-16 04:00:00
265,113,Misty,Isla Canela,39,1540,True,2026-05-29 15:00:00
266,169,Misty,Ruta 1,29,698,True,2026-04-03 16:00:00
267,93,Ash,Zona Safari,96,1363,False,2026-03-06 12:00:00
268,118,Misty,Monte Moon,35,224,False,2026-05-18 00:00:00
269,118,Red,Zona Safari,7,44,False,2026-01-13 03:00:00
270,110,Leaf,Monte Moon,71,1221,False,2026-05-23 20:00:00
271,128,Blue,Isla Canela,40,688,True,2026-04-23 00:00:00
272,79,Ash,Cueva Celeste,85,535,False,2026-02-24 09:00:00
273,59,Misty,Monte Moon,88,1707,True,2026-03-15 22:00:00
274,152,Misty,Ruta 1,70,448,True,2026-01-27 07:00:00
275,126,Blue,Monte Moon,25,432,False,2026-03-12 17:00:00
276,62,Brock,Cueva Celeste,98,2254,False,2026-04-05 11:00:00
277,71,Brock,Ruta 1,36,795,False,2026-06-15 20:00:00
278,91,Ash,Ruta 1,80,1472,True,2026-04-09 04:00:00
279,191,Blue,Isla Canela,15,54,False,2026-01-11 22:00:00
280,67,Brock,Monte Moon,81,1150,False,2026-02-22 14:00:00
281,106,Blue,Zona Safari,44,699,False,2026-01-25 08:00:00
282,5,Leaf,Zona Safari,12,170,True,2026-04-20 22:00:00
283,176,Ash,Isla Canela,70,994,False,2026-01-31 00:00:00
284,181,Leaf,Isla Canela,12,276,True,2026-03-14 10:00:00
285,61,Red,Cueva Celeste,41,553,True,2026-05-16 21:00:00
286,28,Brock,Isla Canela,70,1106,True,2026-01-19 08:00:00
287,105,Ash,Ruta 1,46,685,True,2026-05-24 07:00:00
288,86,Brock,Zona Safari,55,357,False,2026-03-13 06:00:00
289,34,Red,Ruta 1,13,295,True,2026-01-01 12:00:00
290,181,Blue,Isla Canela,74,1702,False,2026-06-10 02:00:00
291,45,Ash,Cueva Celeste,63,1392,True,2026-05-02 19:00:00
292,103,Blue,Monte Moon,54,1004,True,2026-06-25 23:00:00
293,168,Blue,Cueva Celeste,18,252,True,2026-05-20 05:00:00
294,104,Red,Zona Safari,3,19,True,2026-05-15 22:00:00
295,41,Leaf,Ruta 1,30,147,False,2026-04-07 23:00:00
296,25,Blue,Cueva Celeste,60,672,True,2026-05-29 10:00:00
297,115,Misty,Cueva Celeste,79,1358,True,2026-02-27 20:00:00
298,185,Blue,Monte Moon,81,1166,False,2026-01-16 04:00:00
299,49,Brock,Bosque Verde,65,1027,False,2026-01-06 16:00:00
300,113,Misty,Cueva Celeste,91,3594,True,2026-01-18 17:00:00
301,134,Red,Ruta 1,68,1251,False,2026-01-02 01:00:00
302,141,Blue,Ruta 1,36,622,False,2026-05-10 15:00:00
303,161,Ash,Zona Safari,63,270,True,2026-06-24 07:00:00
304,144,Blue,Ruta 1,62,1618,False,2026-01-01 16:00:00
305,70,Brock,Monte Moon,77,1054,True,2026-02-07 06:00:00
306,77,Brock,Ruta 1,66,541,False,2026-03-23 14:00:00
307,161,Misty,Isla Canela,82,352,True,2026-06-27 10:00:00
308,72,Red,Cueva Celeste,47,314,True,2026-06-10 02:00:00
309,160,Brock,Monte Moon,47,1123,True,2026-06-26 00:00:00
310,20,Misty,Monte Moon,90,1305,True,2026-03-14 05:00:00
311,124,Brock,Cueva Celeste,25,397,True,2026-04-02 17:00:00
312,66,Red,Isla Canela,26,158,False,2026-03-15 14:00:00
313,132,Misty,Cueva Celeste,22,222,True,2026-05-09 12:00:00
314,134,Red,Cueva Celeste,5,92,False,2026-06-02 21:00:00
315,81,Leaf,Isla Canela,2,13,False,2026-01-15 03:00:00
316,55,Red,Isla Canela,71,1242,False,2026-01-30 13:00:00
317,10,Misty,Cueva Celeste,49,191,True,2026-03-17 09:00:00
318,40,Ash,Bosque Verde,11,215,True,2026-04-21 14:00:00
319,6,Misty,Monte Moon,79,1896,True,2026-05-14 17:00:00
320,112,Misty,Cueva Celeste,73,1241,False,2026-04-25 01:00:00
321,188,Brock,Cueva Celeste,55,654,False,2026-05-07 23:00:00
322,3,Red,Ruta 1,17,401,True,2026-06-01 14:00:00
323,149,Misty,Zona Safari,49,1323,False,2026-01-29 17:00:00
324,114,Leaf,Bosque Verde,79,687,False,2026-01-28 11:00:00
325,127,Leaf,Zona Safari,35,612,True,2026-06-02 02:00:00
326,13,Red,Cueva Celeste,69,269,False,2026-06-30 08:00:00
327,149,Leaf,Ruta 1,40,1080,True,2026-02-07 12:00:00
328,127,Ash,Monte Moon,33,577,False,2026-04-24 01:00:00
329,8,Misty,Monte Moon,86,1221,False,2026-03-20 12:00:00
330,48,Red,Zona Safari,9,54,True,2026-01-04 14:00:00
331,117,Blue,Zona Safari,52,800,False,2026-05-09 08:00:00
332,28,Leaf,Monte Moon,8,126,False,2026-06-26 18:00:00
333,199,Blue,Isla Canela,11,189,True,2026-01-12 20:00:00
334,65,Brock,Isla Canela,39,877,True,2026-04-18 12:00:00
335,195,Brock,Zona Safari,55,830,False,2026-05-10 04:00:00
336,132,Brock,Monte Moon,42,424,True,2026-01-27 08:00:00
337,83,Leaf,Bosque Verde,67,884,True,2026-03-03 07:00:00
338,171,Blue,Monte Moon,83,1336,False,2026-05-03 02:00:00
339,107,Leaf,Ruta 1,42,667,True,2026-05-26 16:00:00
340,74,Ash,Cueva Celeste,3,18,False,2026-06-28 01:00:00
341,96,Ash,Isla Canela,34,224,True,2026-04-09 18:00:00
342,33,Ash,Bosque Verde,26,332,True,2026-01-27 21:00:00
343,3,Brock,Zona Safari,11,259,True,2026-05-11 06:00:00
344,31,Ash,Ruta 1,56,1271,True,2026-01-10 07:00:00
345,133,Red,Cueva Celeste,28,182,True,2026-05-11 18:00:00
346,197,Brock,Cueva Celeste,5,92,True,2026-01-26 15:00:00
347,171,Leaf,Monte Moon,49,788,True,2026-04-18 10:00:00
348,152,Blue,Isla Canela,5,32,False,2026-01-10 12:00:00
349,19,Blue,Ruta 1,47,239,True,2026-05-08 08:00:00
350,179,Ash,Ruta 1,100,560,False,2026-04-20 04:00:00
351,69,Brock,Monte Moon,59,354,True,2026-01-18 19:00:00
352,158,Blue,Ruta 1,86,541,False,2026-04-03 02:00:00
353,52,Brock,Ruta 1,42,243,True,2026-05-07 07:00:00
354,113,Blue,Isla Canela,74,2923,True,2026-03-30 00:00:00
355,49,Brock,Isla Canela,19,300,False,2026-03-15 05:00:00
356,143,Brock,Cueva Celeste,80,1512,True,2026-03-11 09:00:00
357,191,Brock,Zona Safari,69,248,True,2026-06-16 10:00:00
358,145,Red,Isla Canela,62,1618,True,2026-01-08 07:00:00
359,95,Red,Monte Moon,80,616,False,2026-03-15 01:00:00
360,131,Blue,Monte Moon,100,1870,True,2026-05-08 22:00:00
361,183,Leaf,Zona Safari,21,184,True,2026-03-07 13:00:00
362,103,Brock,Zona Safari,30,558,False,2026-03-10 03:00:00
363,200,Red,Cueva Celeste,42,365,False,2026-03-10 08:00:00
364,14,Blue,Zona Safari,16,115,False,2026-04-09 00:00:00
365,62,Brock,Zona Safari,99,2277,False,2026-01-26 01:00:00
366,198,Leaf,Isla Canela,80,648,False,2026-03-13 04:00:00
367,169,Blue,Ruta 1,36,867,True,2026-02-25 01:00:00
368,91,Red,Bosque Verde,99,1821,False,2026-03-24 14:00:00
369,42,Brock,Ruta 1,73,1160,False,2026-02-10 15:00:00
370,19,Blue,Zona Safari,48,244,True,2026-02-10 15:00:00
371,51,Red,Cueva Celeste,97,1445,False,2026-06-07 22:00:00
372,169,Brock,Bosque Verde,49,1180,False,2026-03-05 23:00:00
373,63,Blue,Bosque Verde,23,142,True,2026-04-05 04:00:00
374,25,Leaf,Cueva Celeste,6,67,False,2026-01-14 17:00:00
375,58,Red,Bosque Verde,79,553,True,2026-04-07 02:00:00
376,34,Blue,Monte Moon,13,295,False,2026-04-17 02:00:00
377,16,Leaf,Monte Moon,50,250,False,2026-02-13 05:00:00
378,13,Ash,Bosque Verde,63,245,False,2026-06-21 16:00:00
379,192,Brock,Ruta 1,47,700,True,2026-03-07 09:00:00
380,171,Brock,Zona Safari,37,595,True,2026-04-16 00:00:00
381,62,Red,Bosque Verde,55,1265,True,2026-05-13 19:00:00
382,199,Misty,Isla Canela,6,103,False,2026-03-23 09:00:00
383,98,Misty,Monte Moon,21,136,True,2026-03-18 15:00:00
384,79,Ash,Bosque Verde,88,554,True,2026-03-01 17:00:00
385,88,Leaf,Cueva Celeste,65,422,False,2026-03-08 08:00:00
386,73,Brock,Zona Safari,44,792,True,2026-05-20 19:00:00
387,66,Misty,Zona Safari,62,378,True,2026-02-06 04:00:00
388,21,Ash,Isla Canela,69,358,False,2026-06-30 14:00:00
389,151,Misty,Cueva Celeste,65,1755,False,2026-05-24 01:00:00
390,104,Ash,Cueva Celeste,33,211,True,2026-04-09 12:00:00
391,82,Brock,Monte Moon,75,1222,False,2026-05-20 17:00:00
392,180,Misty,Isla Canela,81,1036,False,2026-02-25 07:00:00
393,62,Misty,Cueva Celeste,96,2208,True,2026-06-15 03:00:00
394,165,Ash,Zona Safari,33,174,True,2026-01-23 15:00:00
395,127,Misty,Monte Moon,79,1382,True,2026-02-03 06:00:00
396,5,Brock,Zona Safari,46,653,False,2026-06-01 19:00:00
397,184,Leaf,Ruta 1,94,1776,False,2026-04-22 00:00:00
398,77,Blue,Bosque Verde,60,492,False,2026-04-28 05:00:00
399,20,Brock,Cueva Celeste,53,768,True,2026-06-29 21:00:00
400,42,Red,Bosque Verde,100,1590,True,2026-04-02 05:00:00
401,153,Leaf,Zona Safari,87,1235,False,2026-05-01 12:00:00
402,18,Leaf,Bosque Verde,67,1447,True,2026-01-13 07:00:00
403,104,Brock,Zona Safari,70,448,False,2026-04-09 16:00:00
404,63,Ash,Bosque Verde,19,117,True,2026-03-27 00:00:00
405,167,Red,Bosque Verde,37,185,False,2026-01-01 02:00:00
406,17,Misty,Cueva Celeste,85,1037,False,2026-02-25 20:00:00
407,35,Misty,Zona Safari,60,678,False,2026-03-30 21:00:00
408,181,Blue,Monte Moon,4,92,True,2026-06-28 01:00:00
409,152,Red,Ruta 1,13,83,True,2026-06-03 12:00:00
410,49,Misty,Cueva Celeste,49,774,False,2026-05-15 10:00:00
411,34,Ash,Cueva Celeste,1,22,True,2026-06-29 00:00:00
412,172,Red,Isla Canela,84,344,True,2026-06-16 13:00:00
413,182,Misty,Isla Canela,25,552,True,2026-06-02 06:00:00
414,28,Misty,Zona Safari,19,300,True,2026-01-20 21:00:00
415,184,Blue,Isla Canela,83,1568,False,2026-01-09 07:00:00
416,115,Leaf,Zona Safari,86,1479,False,2026-04-11 00:00:00
417,70,Ash,Cueva Celeste,26,356,False,2026-05-14 16:00:00
418,26,Blue,Ruta 1,9,196,True,2026-05-11 03:00:00
419,185,Ash,Bosque Verde,89,1281,False,2026-02-17 09:00:00
420,106,Ash,Ruta 1,41,651,True,2026-05-31 00:00:00
421,159,Misty,Zona Safari,42,596,True,2026-06-22 09:00:00
422,185,Red,Monte Moon,63,907,False,2026-06-27 11:00:00
423,23,Leaf,Ruta 1,27,156,True,2026-05-19 21:00:00
424,100,Misty,Zona Safari,21,138,True,2026-02-21 06:00:00
425,80,Misty,Bosque Verde,37,636,False,2026-03-28 16:00:00
426,25,Brock,Zona Safari,97,1086,True,2026-03-30 13:00:00
427,26,Blue,Isla Canela,12,261,False,2026-05-13 16:00:00
428,106,Blue,Zona Safari,13,206,True,2026-06-21 06:00:00
429,27,Misty,Zona Safari,1,6,False,2026-05-20 07:00:00
430,188,Ash,Isla Canela,32,380,True,2026-03-28 15:00:00
431,181,Leaf,Zona Safari,97,2231,True,2026-01-10 20:00:00
432,92,Red,Cueva Celeste,2,12,True,2026-03-15 17:00:00
433,185,Blue,Isla Canela,65,936,False,2026-04-28 02:00:00
434,139,Misty,Cueva Celeste,37,640,True,2026-06-08 07:00:00
435,23,Ash,Isla Canela,85,493,False,2026-03-16 04:00:00
436,4,Ash,Ruta 1,84,520,True,2026-05-01 04:00:00
437,91,Misty,Ruta 1,42,772,True,2026-02-11 15:00:00
438,193,Blue,Monte Moon,20,156,False,2026-03-06 04:00:00
439,143,Red,Cueva Celeste,6,113,False,2026-06-05 22:00:00
440,116,Misty,Ruta 1,80,472,False,2026-05-07 20:00:00
441,159,Red,Ruta 1,46,653,True,2026-02-08 19:00:00
442,134,Brock,Monte Moon,31,570,True,2026-04-21 19:00:00
443,198,Brock,Bosque Verde,53,429,True,2026-02-03 19:00:00
444,74,Ash,Cueva Celeste,97,582,False,2026-04-26 03:00:00
445,94,Red,Bosque Verde,24,540,False,2026-03-18 04:00:00
446,78,Leaf,Zona Safari,94,1645,False,2026-06-27 00:00:00
447,171,Brock,Bosque Verde,51,821,False,2026-06-06 00:00:00
448,95,Ash,Zona Safari,35,269,False,2026-03-22 18:00:00
449,43,Ash,Isla Canela,15,96,True,2026-03-02 13:00:00
450,32,Misty,Bosque Verde,69,379,True,2026-03-12 07:00:00
451,53,Misty,Bosque Verde,34,523,False,2026-04-26 02:00:00
452,27,Leaf,Bosque Verde,32,192,True,2026-04-27 11:00:00
453,170,Ash,Monte Moon,29,191,False,2026-05-26 02:00:00
454,178,Leaf,Cueva Celeste,23,379,True,2026-03-07 11:00:00
455,105,Ash,Zona Safari,94,1400,True,2026-01-09 13:00:00
456,107,Misty,Isla Canela,13,206,True,2026-03-18 19:00:00
457,163,Red,Ruta 1,19,98,True,2026-06-25 04:00:00
458,184,Blue,Zona Safari,70,1323,True,2026-05-03 00:00:00
459,96,Misty,Isla Canela,47,310,True,2026-06-13 06:00:00
460,199,Blue,Zona Safari,39,670,True,2026-06-09 18:00:00
461,65,Red,Bosque Verde,79,1777,False,2026-05-04 01:00:00
462,175,Leaf,Monte Moon,63,308,False,2026-01-15 17:00:00
463,127,Misty,Cueva Celeste,71,1242,True,2026-01-13 06:00:00
464,159,Ash,Bosque Verde,4,56,True,2026-03-24 10:00:00
465,129,Ash,Cueva Celeste,50,200,False,2026-04-30 22:00:00
466,6,Leaf,Ruta 1,77,1848,False,2026-04-24 23:00:00
467,96,Brock,Zona Safari,65,429,False,2026-01-05 05:00:00
468,32,Red,Ruta 1,45,247,True,2026-02-09 19:00:00
469,61,Ash,Bosque Verde,36,486,True,2026-03-28 21:00:00
470,139,Ash,Isla Canela,46,795,True,2026-06-21 15:00:00
471,57,Ash,Bosque Verde,84,1335,True,2026-05-13 02:00:00
472,125,Ash,Bosque Verde,53,911,True,2026-04-10 16:00:00
473,82,Brock,Zona Safari,63,1026,True,2026-02-26 14:00:00
474,42,Leaf,Isla Canela,99,1574,False,2026-06-15 12:00:00
475,184,Ash,Zona Safari,96,1814,True,2026-02-26 17:00:00
476,115,Blue,Ruta 1,66,1135,True,2026-02-02 20:00:00
477,40,Misty,Isla Canela,10,196,False,2026-06-07 17:00:00
478,26,Leaf,Bosque Verde,20,436,True,2026-06-15 03:00:00
479,188,Brock,Isla Canela,54,642,True,2026-06-12 22:00:00
480,184,Leaf,Bosque Verde,82,1549,False,2026-02-05 07:00:00
481,198,Red,Monte Moon,43,348,False,2026-01-18 03:00:00
482,198,Blue,Monte Moon,4,32,True,2026-01-25 16:00:00
483,68,Red,Isla Canela,47,1066,True,2026-02-15 21:00:00
484,71,Red,Ruta 1,65,1436,True,2026-04-25 22:00:00
485,117,Red,Cueva Celeste,47,723,True,2026-05-09 08:00:00
486,14,Blue,Cueva Celeste,63,453,False,2026-04-16 03:00:00
487,59,Misty,Zona Safari,9,174,True,2026-06-14 17:00:00
488,118,Red,Bosque Verde,25,160,True,2026-06-06 03:00:00
489,180,Brock,Bosque Verde,39,499,False,2026-06-10 02:00:00
490,33,Blue,Monte Moon,18,230,True,2026-03-21 12:00:00
491,180,Ash,Zona Safari,17,217,False,2026-04-30 14:00:00
492,8,Ash,Cueva Celeste,63,894,False,2026-04-13 23:00:00
493,92,Blue,Zona Safari,44,272,True,2026-05-28 11:00:00
494,168,Brock,Ruta 1,87,1218,True,2026-06-30 12:00:00
495,14,Blue,Zona Safari,58,417,True,2026-06-04 12:00:00
496,122,Red,Isla Canela,80,1288,False,2026-03-20 16:00:00
497,11,Blue,Zona Safari,55,396,False,2026-06-09 16:00:00
498,10,Blue,Zona Safari,79,308,True,2026-04-10 15:00:00
499,59,Brock,Ruta 1,92,1784,True,2026-04-02 16:00:00
500,91,Brock,Cueva Celeste,80,1472,False,2026-03-05 13:00:00
501,158,Misty,Bosque Verde,50,315,True,2026-01-01 12:00:00
502,174,Blue,Ruta 1,100,420,True,2026-02-07 04:00:00
503,189,Leaf,Monte Moon,19,393,True,2026-06-09 07:00:00
504,78,Red,Monte Moon,79,1382,True,2026-04-20 18:00:00
505,169,Leaf,Isla Canela,21,506,True,2026-03-07 08:00:00
506,192,Leaf,Bosque Verde,91,1355,False,2026-04-18 01:00:00
507,38,Misty,Isla Canela,64,1132,False,2026-06-25 09:00:00
508,51,Ash,Cueva Celeste,18,268,False,2026-01-12 02:00:00
509,112,Ash,Monte Moon,97,1648,True,2026-06-22 15:00:00
510,113,Ash,Zona Safari,46,1816,True,2026-04-27 08:00:00
511,66,Red,Cueva Celeste,57,347,False,2026-01-05 16:00:00
512,78,Misty,Cueva Celeste,43,752,False,2026-04-15 07:00:00
513,81,Brock,Ruta 1,73,474,True,2026-06-29 09:00:00
514,169,Red,Ruta 1,44,1060,False,2026-03-01 11:00:00
515,35,Leaf,Zona Safari,58,655,False,2026-01-16 16:00:00
516,3,Red,Zona Safari,20,472,True,2026-06-14 03:00:00
517,160,Ash,Zona Safari,82,1959,True,2026-03-23 23:00:00
518,103,Leaf,Monte Moon,39,725,False,2026-01-29 13:00:00
519,111,Blue,Isla Canela,32,220,True,2026-03-30 01:00:00
520,107,Ash,Isla Canela,15,238,False,2026-03-13 16:00:00
521,131,Ash,Cueva Celeste,75,1402,False,2026-01-16 07:00:00
522,191,Red,Zona Safari,42,151,False,2026-05-08 10:00:00
523,89,Misty,Isla Canela,7,122,True,2026-06-05 15:00:00
524,38,Brock,Monte Moon,14,247,False,2026-04-25 20:00:00
525,124,Ash,Bosque Verde,36,572,False,2026-05-11 23:00:00
526,72,Leaf,Zona Safari,92,616,False,2026-02-21 21:00:00
527,18,Ash,Isla Canela,41,885,False,2026-03-02 02:00:00
528,195,Ash,Monte Moon,6,90,True,2026-02-21 14:00:00
529,60,Blue,Cueva Celeste,13,78,True,2026-06-19 05:00:00
530,14,Ash,Ruta 1,10,72,True,2026-06-21 12:00:00
531,182,Ash,Isla Canela,4,88,False,2026-05-19 14:00:00
532,191,Red,Zona Safari,15,54,False,2026-01-25 15:00:00
533,99,Leaf,Monte Moon,83,1377,False,2026-04-03 22:00:00
534,33,Leaf,Zona Safari,93,1190,False,2026-03-16 01:00:00
535,81,Ash,Cueva Celeste,34,221,True,2026-02-10 19:00:00
536,93,Leaf,Zona Safari,71,1008,True,2026-04-19 08:00:00
537,165,Ash,Ruta 1,43,227,True,2026-02-21 22:00:00
538,160,Red,Isla Canela,20,478,False,2026-02-21 16:00:00
539,126,Leaf,Cueva Celeste,6,103,True,2026-06-03 07:00:00
540,191,Blue,Isla Canela,96,345,True,2026-01-15 16:00:00
541,7,Misty,Ruta 1,43,270,False,2026-01-27 07:00:00
542,137,Brock,Cueva Celeste,24,189,False,2026-03-14 17:00:00
543,139,Brock,Monte Moon,48,830,True,2026-02-07 10:00:00
544,36,Leaf,Ruta 1,54,1171,True,2026-03-14 04:00:00
545,87,Misty,Monte Moon,20,332,True,2026-01-26 20:00:00
546,172,Leaf,Monte Moon,69,282,True,2026-01-22 05:00:00
547,49,Brock,Ruta 1,84,1327,True,2026-02-28 17:00:00
548,190,Misty,Cueva Celeste,64,460,True,2026-03-21 09:00:00
549,161,Blue,Monte Moon,20,86,False,2026-02-10 13:00:00
550,9,Leaf,Isla Canela,26,621,True,2026-05-05 19:00:00
551,151,Red,Isla Canela,92,2484,True,2026-05-21 15:00:00
552,56,Leaf,Cueva Celeste,93,567,True,2026-05-20 07:00:00
553,8,Brock,Cueva Celeste,14,198,True,2026-03-18 07:00:00
554,195,Misty,Zona Safari,100,1510,False,2026-06-14 11:00:00
555,16,Blue,Isla Canela,61,305,True,2026-01-01 19:00:00
556,197,Ash,Monte Moon,57,1048,True,2026-05-03 08:00:00
557,109,Ash,Isla Canela,5,34,False,2026-03-15 15:00:00
558,35,Misty,Isla Canela,83,937,False,2026-04-28 11:00:00
559,36,Brock,Zona Safari,57,1236,False,2026-02-14 09:00:00
560,171,Blue,Bosque Verde,99,1593,True,2026-05-21 13:00:00
561,22,Blue,Isla Canela,14,217,True,2026-01-25 22:00:00
562,126,Red,Cueva Celeste,82,1418,False,2026-02-21 19:00:00
563,27,Red,Cueva Celeste,2,12,False,2026-03-22 01:00:00
564,81,Ash,Zona Safari,46,299,True,2026-04-05 03:00:00
565,105,Leaf,Bosque Verde,59,879,True,2026-03-10 16:00:00
566,151,Ash,Ruta 1,87,2349,False,2026-04-18 00:00:00
567,172,Leaf,Zona Safari,24,98,False,2026-01-26 01:00:00
568,97,Red,Bosque Verde,53,895,True,2026-01-22 21:00:00
569,25,Ash,Ruta 1,67,750,False,2026-05-10 07:00:00
570,135,Blue,Zona Safari,63,1159,True,2026-02-27 14:00:00
571,47,Blue,Bosque Verde,2,28,False,2026-06-05 01:00:00
572,171,Ash,Isla Canela,88,1416,False,2026-04-11 22:00:00
573,12,Blue,Isla Canela,68,1210,True,2026-05-25 00:00:00
574,17,Brock,Isla Canela,86,1049,True,2026-02-23 23:00:00
575,133,Leaf,Bosque Verde,89,578,True,2026-05-20 07:00:00
576,9,Red,Zona Safari,28,669,False,2026-02-14 22:00:00
577,119,Blue,Cueva Celeste,5,79,True,2026-06-28 12:00:00
578,108,Blue,Bosque Verde,9,69,False,2026-05-01 21:00:00
579,165,Leaf,Bosque Verde,15,79,True,2026-05-09 01:00:00
580,93,Blue,Monte Moon,57,809,True,2026-01-27 18:00:00
581,180,Ash,Bosque Verde,71,908,False,2026-01-24 04:00:00
582,78,Blue,Bosque Verde,72,1260,True,2026-06-06 13:00:00
583,175,Ash,Zona Safari,76,372,True,2026-06-29 23:00:00
584,189,Misty,Isla Canela,22,455,True,2026-02-15 16:00:00
585,138,Leaf,Ruta 1,92,653,True,2026-01-14 11:00:00
586,168,Misty,Bosque Verde,37,518,False,2026-03-17 13:00:00
587,13,Ash,Zona Safari,1,3,True,2026-05-13 02:00:00
588,189,Leaf,Bosque Verde,19,393,False,2026-02-20 18:00:00
589,110,Red,Zona Safari,88,1513,True,2026-05-15 21:00:00
590,12,Ash,Isla Canela,75,1335,True,2026-03-27 12:00:00
591,122,Brock,Zona Safari,37,595,False,2026-02-14 18:00:00
592,110,Leaf,Ruta 1,66,1135,True,2026-06-30 13:00:00
593,25,Brock,Monte Moon,80,896,False,2026-04-10 01:00:00
594,162,Ash,Cueva Celeste,7,101,True,2026-02-28 15:00:00
595,95,Blue,Cueva Celeste,80,616,False,2026-06-08 19:00:00
596,7,Misty,Zona Safari,58,365,True,2026-02-08 12:00:00
597,91,Leaf,Zona Safari,43,791,False,2026-06-19 10:00:00
598,14,Ash,Monte Moon,21,151,False,2026-06-01 12:00:00
599,18,Ash,Zona Safari,25,540,False,2026-04-29 13:00:00
600,60,Misty,Ruta 1,12,72,True,2026-06-02 14:00:00
601,146,Red,Bosque Verde,44,1148,False,2026-05-11 15:00:00
602,67,Leaf,Cueva Celeste,90,1278,True,2026-02-25 12:00:00
603,184,Blue,Bosque Verde,17,321,False,2026-05-25 06:00:00
604,51,Brock,Ruta 1,58,864,False,2026-01-24 10:00:00
605,192,Red,Bosque Verde,86,1281,False,2026-03-09 03:00:00
606,45,Red,Ruta 1,72,1591,False,2026-06-04 20:00:00
607,86,Ash,Ruta 1,92,598,True,2026-01-21 02:00:00
608,66,Leaf,Ruta 1,63,384,True,2026-01-06 18:00:00
609,1,Red,Monte Moon,89,569,True,2026-02-05 04:00:00
610,191,Blue,Bosque Verde,16,57,True,2026-03-13 12:00:00
611,143,Leaf,Ruta 1,100,1890,False,2026-05-29 17:00:00
612,167,Blue,Zona Safari,2,10,True,2026-05-08 13:00:00
613,137,Brock,Bosque Verde,18,142,False,2026-02-19 14:00:00
614,199,Brock,Isla Canela,70,1204,False,2026-05-07 15:00:00
615,169,Ash,Zona Safari,8,192,False,2026-06-18 10:00:00
616,192,Brock,Isla Canela,99,1475,True,2026-06-16 02:00:00
617,121,Misty,Ruta 1,83,1510,True,2026-06-20 06:00:00
618,99,Blue,Zona Safari,94,1560,True,2026-06-11 01:00:00
619,142,Leaf,Zona Safari,59,1062,False,2026-05-01 19:00:00
620,101,Red,Zona Safari,81,1393,True,2026-06-08 03:00:00
621,162,Misty,Isla Canela,45,652,False,2026-06-28 14:00:00
622,148,Leaf,Isla Canela,20,294,True,2026-03-29 15:00:00
623,112,Misty,Monte Moon,56,951,True,2026-03-13 07:00:00
624,2,Brock,Isla Canela,16,227,True,2026-05-09 02:00:00
625,51,Leaf,Monte Moon,86,1281,True,2026-01-21 23:00:00
626,144,Misty,Zona Safari,1,26,True,2026-05-21 11:00:00
627,111,Red,Bosque Verde,77,531,False,2026-03-22 08:00:00
628,152,Blue,Cueva Celeste,49,313,False,2026-02-25 02:00:00
629,166,Blue,Ruta 1,56,767,True,2026-01-25 11:00:00
630,2,Blue,Monte Moon,37,525,False,2026-04-21 08:00:00
631,150,Leaf,Isla Canela,54,1652,False,2026-05-06 07:00:00
632,61,Brock,Bosque Verde,18,243,False,2026-03-26 20:00:00
633,141,Ash,Bosque Verde,68,1176,False,2026-06-26 08:00:00
634,24,Misty,Ruta 1,30,471,True,2026-02-12 20:00:00
635,139,Blue,Ruta 1,89,1539,True,2026-04-10 11:00:00
636,114,Ash,Monte Moon,30,261,False,2026-01-12 10:00:00
637,117,Brock,Zona Safari,68,1047,False,2026-03-05 08:00:00
638,35,Red,Cueva Celeste,94,1062,True,2026-04-27 16:00:00
639,30,Ash,Cueva Celeste,41,524,False,2026-05-16 21:00:00
640,32,Leaf,Zona Safari,75,412,True,2026-05-13 09:00:00
641,43,Ash,Bosque Verde,35,224,False,2026-03-15 00:00:00
642,128,Blue,Zona Safari,83,1427,False,2026-01-07 10:00:00
643,27,Blue,Ruta 1,55,330,True,2026-03-12 00:00:00
644,86,Ash,Cueva Celeste,5,32,True,2026-04-10 17:00:00
645,133,Brock,Isla Canela,13,84,False,2026-06-23 18:00:00
646,144,Misty,Isla Canela,34,887,False,2026-06-26 13:00:00
647,139,Brock,Bosque Verde,10,173,True,2026-06-08 00:00:00
648,69,Misty,Bosque Verde,71,426,False,2026-03-02 13:00:00
649,34,Blue,Ruta 1,1,22,True,2026-01-04 08:00:00
650,94,Blue,Zona Safari,19,427,True,2026-06-03 12:00:00
651,112,Brock,Monte Moon,64,1088,False,2026-02-04 16:00:00
652,12,Brock,Bosque Verde,97,1726,False,2026-03-08 15:00:00
653,193,Red,Isla Canela,78,608,False,2026-06-13 17:00:00
654,15,Red,Bosque Verde,32,569,False,2026-03-02 15:00:00
655,93,Blue,Ruta 1,90,1278,True,2026-03-21 01:00:00
656,105,Red,Bosque Verde,32,476,False,2026-01-07 15:00:00
657,113,Leaf,Ruta 1,59,2330,True,2026-05-24 21:00:00
658,192,Blue,Zona Safari,11,163,True,2026-02-03 18:00:00
659,86,Ash,Isla Canela,96,624,True,2026-02-01 09:00:00
660,165,Ash,Cueva Celeste,60,318,True,2026-05-27 05:00:00
661,71,Ash,Ruta 1,27,596,True,2026-05-14 20:00:00
662,76,Misty,Monte Moon,19,423,False,2026-05-24 14:00:00
663,97,Misty,Cueva Celeste,73,1233,True,2026-05-12 08:00:00
664,27,Blue,Bosque Verde,98,588,True,2026-01-19 10:00:00
665,129,Misty,Isla Canela,16,64,True,2026-01-03 17:00:00
666,176,Misty,Ruta 1,24,340,False,2026-06-16 05:00:00
667,74,Blue,Monte Moon,64,384,False,2026-05-02 12:00:00
668,100,Leaf,Bosque Verde,73,481,False,2026-05-19 19:00:00
669,86,Misty,Isla Canela,75,487,False,2026-06-26 17:00:00
670,42,Brock,Cueva Celeste,60,954,False,2026-01-07 23:00:00
671,27,Misty,Cueva Celeste,28,168,True,2026-02-24 19:00:00
672,191,Misty,Isla Canela,60,216,False,2026-05-02 05:00:00
673,200,Leaf,Monte Moon,58,504,False,2026-04-24 02:00:00
674,70,Ash,Monte Moon,15,205,True,2026-05-22 01:00:00
675,193,Red,Isla Canela,24,187,True,2026-06-02 00:00:00
676,145,Red,Cueva Celeste,65,1696,False,2026-04-01 00:00:00
677,134,Blue,Ruta 1,90,1656,True,2026-01-11 00:00:00
678,98,Brock,Monte Moon,79,513,False,2026-04-06 14:00:00
679,96,Brock,Monte Moon,74,488,False,2026-06-03 03:00:00
680,119,Misty,Ruta 1,42,663,True,2026-06-05 05:00:00
681,133,Leaf,Isla Canela,14,91,False,2026-04-25 03:00:00
682,179,Misty,Bosque Verde,53,296,False,2026-05-16 03:00:00
683,192,Blue,Monte Moon,27,402,False,2026-01-26 08:00:00
684,136,Brock,Zona Safari,99,1821,False,2026-06-10 12:00:00
685,135,Leaf,Zona Safari,49,901,False,2026-04-28 12:00:00
686,66,Leaf,Monte Moon,25,152,False,2026-01-17 00:00:00
687,141,Brock,Monte Moon,65,1124,True,2026-01-05 08:00:00
688,150,Misty,Isla Canela,23,703,False,2026-04-10 10:00:00
689,131,Blue,Ruta 1,9,168,False,2026-01-29 00:00:00
690,112,Red,Cueva Celeste,80,1360,False,2026-05-09 13:00:00
691,35,Red,Bosque Verde,47,531,False,2026-04-24 07:00:00
692,144,Brock,Zona Safari,73,1905,True,2026-04-03 06:00:00
693,196,Blue,Cueva Celeste,7,128,True,2026-02-15 15:00:00
694,164,Misty,Isla Canela,60,948,False,2026-05-03 09:00:00
695,98,Brock,Bosque Verde,22,143,True,2026-06-27 11:00:00
696,132,Blue,Bosque Verde,21,212,False,2026-03-03 13:00:00
697,138,Misty,Monte Moon,9,63,True,2026-04-15 08:00:00
698,183,Misty,Zona Safari,61,536,False,2026-05-31 09:00:00
699,56,Brock,Zona Safari,85,518,False,2026-03-09 20:00:00
700,185,Red,Bosque Verde,26,374,True,2026-03-10 15:00:00
701,157,Leaf,Ruta 1,60,1440,True,2026-06-22 16:00:00
702,147,Misty,Bosque Verde,65,390,True,2026-03-29 16:00:00
703,64,Brock,Bosque Verde,47,658,False,2026-04-26 04:00:00
704,113,Brock,Zona Safari,92,3633,True,2026-04-26 06:00:00
705,50,Ash,Isla Canela,75,397,True,2026-02-24 12:00:00
706,92,Blue,Ruta 1,25,155,True,2026-06-17 12:00:00
707,169,Blue,Isla Canela,25,602,False,2026-05-28 21:00:00
708,44,Blue,Bosque Verde,62,855,True,2026-02-11 21:00:00
709,153,Brock,Cueva Celeste,77,1093,True,2026-06-07 20:00:00
710,128,Blue,Cueva Celeste,51,877,True,2026-01-19 07:00:00
711,105,Red,Cueva Celeste,35,521,False,2026-03-08 20:00:00
712,56,Red,Monte Moon,72,439,False,2026-06-24 18:00:00
713,89,Blue,Ruta 1,50,875,True,2026-01-10 23:00:00
714,74,Brock,Ruta 1,38,228,True,2026-05-15 00:00:00
715,186,Leaf,Zona Safari,88,1980,True,2026-01-22 03:00:00
716,54,Ash,Zona Safari,45,288,True,2026-03-24 17:00:00
717,117,Leaf,Ruta 1,27,415,False,2026-01-25 13:00:00
718,183,Misty,Bosque Verde,75,660,True,2026-01-10 08:00:00
719,147,Leaf,Isla Canela,38,228,True,2026-04-20 17:00:00
720,49,Blue,Ruta 1,85,1343,True,2026-03-11 04:00:00
721,120,Ash,Bosque Verde,95,646,False,2026-06-30 19:00:00
722,184,Blue,Isla Canela,50,945,True,2026-04-23 17:00:00
723,105,Ash,Isla Canela,87,1296,False,2026-03-18 21:00:00
724,191,Misty,Zona Safari,52,187,True,2026-05-06 22:00:00
725,110,Ash,Ruta 1,48,825,False,2026-01-21 03:00:00
726,128,Ash,Zona Safari,40,688,False,2026-04-19 22:00:00
727,128,Leaf,Isla Canela,95,1634,False,2026-04-23 07:00:00
728,33,Red,Monte Moon,3,38,True,2026-02-22 13:00:00
729,52,Leaf,Bosque Verde,11,63,False,2026-01-22 09:00:00
730,171,Red,Bosque Verde,9,144,False,2026-04-20 05:00:00
731,25,Red,Cueva Celeste,60,672,True,2026-02-01 04:00:00
732,66,Ash,Bosque Verde,15,91,False,2026-04-28 08:00:00
733,147,Brock,Monte Moon,11,66,False,2026-05-22 22:00:00
734,151,Brock,Zona Safari,44,1188,False,2026-02-12 07:00:00
735,188,Brock,Zona Safari,47,559,False,2026-04-05 13:00:00
736,147,Brock,Cueva Celeste,34,204,True,2026-03-03 17:00:00
737,125,Misty,Ruta 1,100,1720,True,2026-03-09 19:00:00
738,123,Misty,Isla Canela,91,910,True,2026-04-02 23:00:00
739,123,Red,Isla Canela,58,580,False,2026-02-03 19:00:00
740,120,Ash,Isla Canela,23,156,False,2026-04-18 01:00:00
741,151,Brock,Monte Moon,34,918,False,2026-03-25 22:00:00
742,147,Red,Monte Moon,94,564,True,2026-02-12 21:00:00
743,188,Red,Ruta 1,24,285,True,2026-03-21 12:00:00
744,173,Leaf,Cueva Celeste,1,4,False,2026-06-20 02:00:00
745,189,Red,Zona Safari,37,765,False,2026-03-29 10:00:00
746,4,Leaf,Cueva Celeste,3,18,False,2026-02-07 14:00:00
747,75,Brock,Ruta 1,26,356,False,2026-05-01 23:00:00
748,10,Leaf,Zona Safari,22,85,False,2026-05-16 18:00:00
749,38,Brock,Isla Canela,54,955,False,2026-06-02 12:00:00
750,70,Red,Cueva Celeste,64,876,False,2026-01-15 21:00:00
751,2,Leaf,Ruta 1,79,1121,False,2026-03-15 13:00:00
752,89,Blue,Ruta 1,82,1434,True,2026-01-16 00:00:00
753,43,Leaf,Monte Moon,53,339,True,2026-06-10 15:00:00
754,91,Ash,Ruta 1,88,1619,False,2026-05-25 11:00:00
755,59,Blue,Monte Moon,43,834,True,2026-04-17 10:00:00
756,65,Red,Isla Canela,50,1125,True,2026-01-21 20:00:00
757,189,Blue,Zona Safari,79,1635,True,2026-03-02 03:00:00
758,166,Blue,Isla Canela,49,671,False,2026-01-17 07:00:00
759,137,Blue,Zona Safari,91,718,True,2026-02-01 16:00:00
760,91,Red,Monte Moon,78,1435,True,2026-04-06 06:00:00
761,136,Misty,Zona Safari,51,938,True,2026-06-04 18:00:00
762,18,Ash,Ruta 1,55,1188,True,2026-05-29 23:00:00
763,84,Blue,Zona Safari,41,254,True,2026-02-17 19:00:00
764,198,Blue,Monte Moon,82,664,False,2026-04-17 21:00:00
765,67,Blue,Ruta 1,100,1420,False,2026-06-28 06:00:00
766,27,Red,Bosque Verde,49,294,True,2026-02-03 03:00:00
767,104,Leaf,Bosque Verde,33,211,True,2026-03-17 21:00:00
768,129,Ash,Monte Moon,89,356,True,2026-05-29 06:00:00
769,97,Leaf,Isla Canela,81,1368,True,2026-01-21 20:00:00
770,118,Brock,Isla Canela,37,236,True,2026-05-24 14:00:00
771,86,Ash,Monte Moon,21,136,False,2026-04-05 16:00:00
772,72,Misty,Monte Moon,24,160,True,2026-04-20 17:00:00
773,115,Leaf,Bosque Verde,87,1496,False,2026-04-09 17:00:00
774,195,Misty,Bosque Verde,29,437,False,2026-03-28 21:00:00
775,132,Red,Zona Safari,33,333,True,2026-04-03 09:00:00
776,3,Ash,Bosque Verde,91,2147,True,2026-05-11 05:00:00
777,37,Red,Isla Canela,53,318,True,2026-04-14 12:00:00
778,56,Red,Monte Moon,24,146,True,2026-01-15 17:00:00
779,60,Leaf,Isla Canela,27,162,False,2026-01-18 05:00:00
780,146,Leaf,Cueva Celeste,43,1122,False,2026-03-26 07:00:00
781,66,Blue,Ruta 1,69,420,True,2026-03-28 03:00:00
782,44,Leaf,Monte Moon,35,483,True,2026-01-16 05:00:00
783,139,Ash,Zona Safari,65,1124,True,2026-01-18 02:00:00
784,143,Ash,Isla Canela,83,1568,False,2026-03-26 23:00:00
785,119,Leaf,Zona Safari,33,521,False,2026-01-17 01:00:00
786,63,Leaf,Isla Canela,34,210,True,2026-06-08 20:00:00
787,136,Ash,Monte Moon,54,993,False,2026-03-16 01:00:00
788,36,Misty,Isla Canela,33,716,False,2026-02-20 10:00:00
789,175,Misty,Isla Canela,87,426,False,2026-01-24 19:00:00
790,113,Ash,Cueva Celeste,16,632,False,2026-06-01 02:00:00
791,32,Red,Bosque Verde,11,60,True,2026-02-16 11:00:00
792,129,Brock,Monte Moon,12,48,True,2026-03-07 09:00:00
793,109,Leaf,Monte Moon,58,394,True,2026-04-17 13:00:00
794,76,Ash,Cueva Celeste,77,1717,True,2026-02-05 22:00:00
795,100,Leaf,Monte Moon,89,587,False,2026-05-25 07:00:00
796,145,Misty,Bosque Verde,81,2114,False,2026-01-28 11:00:00
797,158,Misty,Ruta 1,1,6,False,2026-05-18 12:00:00
798,3,Red,Isla Canela,24,566,True,2026-01-20 19:00:00
799,26,Misty,Zona Safari,54,1177,False,2026-04-11 15:00:00
800,18,Ash,Isla Canela,58,1252,True,2026-01-28 22:00:00
801,198,Ash,Ruta 1,46,372,True,2026-05-17 07:00:00
802,108,Ash,Isla Canela,24,184,True,2026-04-18 22:00:00
803,73,Red,Bosque Verde,30,540,False,2026-06-03 21:00:00
804,168,Misty,Monte Moon,38,532,False,2026-04-23 08:00:00
805,17,Brock,Cueva Celeste,84,1024,True,2026-02-07 14:00:00
806,45,Brock,Cueva Celeste,57,1259,False,2026-05-18 00:00:00
807,30,Ash,Monte Moon,14,179,False,2026-04-22 00:00:00
808,47,Brock,Cueva Celeste,7,99,True,2026-05-01 06:00:00
809,1,Blue,Isla Canela,1,6,False,2026-01-19 06:00:00
810,65,Misty,Monte Moon,100,2250,False,2026-02-18 01:00:00
811,114,Leaf,Isla Canela,94,817,True,2026-04-29 03:00:00
812,25,Brock,Cueva Celeste,59,660,False,2026-01-18 15:00:00
813,25,Blue,Bosque Verde,6,67,False,2026-01-30 05:00:00
814,164,Red,Cueva Celeste,84,1327,False,2026-06-04 17:00:00
815,137,Ash,Zona Safari,77,608,False,2026-05-25 23:00:00
816,175,Blue,Isla Canela,60,294,False,2026-01-04 04:00:00
817,46,Blue,Bosque Verde,39,222,False,2026-04-24 22:00:00
818,106,Brock,Isla Canela,3,47,False,2026-02-16 03:00:00
819,53,Brock,Zona Safari,19,292,False,2026-01-14 09:00:00
820,98,Misty,Zona Safari,64,416,False,2026-06-10 00:00:00
821,177,Blue,Ruta 1,93,595,True,2026-02-19 06:00:00
822,117,Leaf,Cueva Celeste,86,1324,True,2026-06-19 01:00:00
823,138,Red,Cueva Celeste,53,376,False,2026-06-11 17:00:00
824,155,Red,Isla Canela,60,372,True,2026-05-20 02:00:00
825,68,Misty,Zona Safari,7,158,False,2026-04-07 01:00:00
826,135,Red,Bosque Verde,52,956,True,2026-02-17 05:00:00
827,12,Brock,Isla Canela,59,1050,True,2026-02-07 21:00:00
828,168,Misty,Zona Safari,60,840,False,2026-01-01 02:00:00
829,11,Blue,Isla Canela,6,43,True,2026-01-09 07:00:00
830,20,Leaf,Bosque Verde,6,87,False,2026-01-18 04:00:00
831,97,Ash,Monte Moon,52,878,True,2026-03-08 04:00:00
832,108,Brock,Ruta 1,71,546,True,2026-06-09 09:00:00
833,101,Brock,Cueva Celeste,53,911,False,2026-01-04 13:00:00
834,190,Red,Cueva Celeste,56,403,True,2026-01-04 10:00:00
835,73,Leaf,Ruta 1,93,1674,True,2026-05-15 17:00:00
836,168,Brock,Cueva Celeste,96,1344,False,2026-02-09 23:00:00
837,31,Brock,Bosque Verde,92,2088,False,2026-05-30 14:00:00
838,119,Red,Monte Moon,64,1011,False,2026-06-01 23:00:00
839,152,Brock,Bosque Verde,5,32,False,2026-05-18 12:00:00
840,8,Ash,Bosque Verde,63,894,False,2026-04-29 09:00:00
841,44,Misty,Zona Safari,84,1159,False,2026-04-14 06:00:00
842,133,Ash,Isla Canela,13,84,True,2026-03-02 10:00:00
843,5,Misty,Zona Safari,6,85,True,2026-03-31 04:00:00
844,85,Ash,Ruta 1,96,1584,True,2026-05-08 10:00:00
845,2,Leaf,Monte Moon,57,809,False,2026-05-04 16:00:00
846,173,Blue,Ruta 1,56,246,True,2026-06-23 01:00:00
847,29,Blue,Cueva Celeste,54,297,False,2026-06-14 23:00:00
848,47,Misty,Zona Safari,76,1079,True,2026-02-23 23:00:00
849,62,Ash,Isla Canela,70,1610,False,2026-04-04 06:00:00
850,194,Misty,Monte Moon,25,105,True,2026-03-16 07:00:00
851,80,Red,Ruta 1,49,842,True,2026-05-30 10:00:00
852,177,Ash,Cueva Celeste,33,211,False,2026-05-06 23:00:00
853,43,Misty,Cueva Celeste,11,70,True,2026-06-18 06:00:00
854,22,Blue,Zona Safari,20,310,False,2026-02-23 02:00:00
855,14,Leaf,Cueva Celeste,53,381,True,2026-05-15 10:00:00
856,123,Leaf,Isla Canela,64,640,False,2026-01-05 13:00:00
857,123,Red,Monte Moon,32,320,False,2026-02-24 05:00:00
858,19,Red,Zona Safari,48,244,True,2026-04-08 01:00:00
859,9,Red,Zona Safari,62,1481,False,2026-05-17 19:00:00
860,108,Brock,Isla Canela,56,431,False,2026-05-18 06:00:00
861,100,Blue,Cueva Celeste,86,567,True,2026-04-16 18:00:00
862,157,Red,Monte Moon,54,1296,False,2026-03-24 04:00:00
863,35,Misty,Bosque Verde,16,180,False,2026-01-13 02:00:00
864,18,Ash,Zona Safari,93,2008,False,2026-02-24 17:00:00
865,106,Leaf,Cueva Celeste,20,318,True,2026-06-18 08:00:00
866,14,Leaf,Zona Safari,31,223,True,2026-02-22 10:00:00
867,6,Red,Monte Moon,56,1344,False,2026-01-01 21:00:00
868,85,Blue,Zona Safari,62,1023,True,2026-05-20 01:00:00
869,82,Leaf,Zona Safari,93,1515,False,2026-01-19 00:00:00
870,122,Blue,Zona Safari,22,354,True,2026-04-04 14:00:00
871,165,Ash,Monte Moon,82,434,True,2026-02-07 11:00:00
872,190,Blue,Bosque Verde,34,244,True,2026-06-28 01:00:00
873,116,Red,Ruta 1,3,17,True,2026-06-30 11:00:00
874,74,Ash,Monte Moon,11,66,True,2026-05-01 18:00:00
875,36,Ash,Monte Moon,65,1410,True,2026-06-05 00:00:00
876,193,Misty,Ruta 1,24,187,True,2026-05-04 20:00:00
877,149,Leaf,Bosque Verde,71,1917,True,2026-03-07 20:00:00
878,198,Red,Zona Safari,43,348,True,2026-04-18 04:00:00
879,11,Blue,Monte Moon,67,482,True,2026-04-22 21:00:00
880,40,Leaf,Cueva Celeste,40,784,False,2026-06-26 09:00:00
881,71,Red,Monte Moon,69,1524,True,2026-01-10 20:00:00
882,25,Red,Zona Safari,98,1097,False,2026-03-27 23:00:00
883,112,Brock,Monte Moon,73,1241,True,2026-03-29 04:00:00
884,129,Ash,Isla Canela,23,92,False,2026-04-22 21:00:00
885,143,Brock,Bosque Verde,35,661,True,2026-06-08 07:00:00
886,68,Red,Bosque Verde,8,181,True,2026-02-11 06:00:00
887,35,Blue,Cueva Celeste,56,632,False,2026-03-30 18:00:00
888,164,Red,Isla Canela,23,363,False,2026-04-04 23:00:00
889,24,Brock,Isla Canela,39,612,False,2026-05-20 14:00:00
890,175,Misty,Zona Safari,16,78,True,2026-05-06 05:00:00
891,193,Misty,Zona Safari,53,413,False,2026-04-09 06:00:00
892,12,Leaf,Zona Safari,9,160,True,2026-02-25 22:00:00
893,81,Brock,Monte Moon,81,526,True,2026-04-11 01:00:00
894,118,Blue,Zona Safari,35,224,True,2026-02-12 05:00:00
895,166,Blue,Bosque Verde,51,698,False,2026-02-20 05:00:00
896,50,Misty,Monte Moon,72,381,True,2026-01-08 06:00:00
897,196,Blue,Ruta 1,4,73,False,2026-03-22 16:00:00
898,31,Misty,Cueva Celeste,37,839,True,2026-06-07 08:00:00
899,159,Ash,Ruta 1,72,1022,True,2026-05-10 00:00:00
900,140,Leaf,Bosque Verde,76,539,True,2026-03-27 18:00:00
901,35,Brock,Cueva Celeste,50,565,True,2026-02-19 11:00:00
902,105,Blue,Bosque Verde,13,193,True,2026-04-14 20:00:00
903,20,Brock,Ruta 1,97,1406,False,2026-05-04 02:00:00
904,63,Leaf,Isla Canela,1,6,True,2026-05-16 05:00:00
905,121,Leaf,Zona Safari,12,218,False,2026-04-15 06:00:00
906,191,Brock,Bosque Verde,58,208,False,2026-02-25 13:00:00
907,96,Blue,Cueva Celeste,16,105,True,2026-05-30 15:00:00
908,173,Ash,Monte Moon,92,404,False,2026-02-11 22:00:00
909,95,Blue,Isla Canela,36,277,False,2026-01-28 00:00:00
910,4,Blue,Zona Safari,75,465,True,2026-01-20 23:00:00
911,61,Red,Cueva Celeste,74,999,True,2026-04-21 13:00:00
912,163,Misty,Monte Moon,24,124,True,2026-05-26 17:00:00
913,167,Red,Zona Safari,39,195,False,2026-02-18 16:00:00
914,187,Ash,Cueva Celeste,2,10,False,2026-01-06 11:00:00
915,77,Ash,Ruta 1,40,328,True,2026-05-09 02:00:00
916,11,Blue,Ruta 1,2,14,True,2026-01-31 11:00:00
917,20,Red,Zona Safari,21,304,False,2026-01-07 19:00:00
918,36,Blue,Ruta 1,70,1519,True,2026-02-24 12:00:00
919,136,Misty,Ruta 1,92,1692,True,2026-01-11 00:00:00
920,105,Ash,Isla Canela,28,417,True,2026-05-13 20:00:00
921,116,Leaf,Monte Moon,24,141,True,2026-01-25 23:00:00
922,28,Red,Monte Moon,22,347,False,2026-03-30 03:00:00
923,8,Blue,Monte Moon,91,1292,False,2026-02-12 20:00:00
924,138,Red,Isla Canela,43,305,False,2026-04-04 18:00:00
925,118,Red,Monte Moon,50,320,False,2026-03-26 19:00:00
926,85,Ash,Isla Canela,26,429,True,2026-05-10 19:00:00
927,105,Misty,Zona Safari,16,238,True,2026-03-04 03:00:00
928,139,Ash,Cueva Celeste,82,1418,False,2026-02-03 07:00:00
929,188,Leaf,Zona Safari,38,452,False,2026-02-21 20:00:00
930,154,Red,Zona Safari,72,1699,True,2026-06-10 22:00:00
931,134,Brock,Bosque Verde,33,607,False,2026-05-02 18:00:00
932,21,Leaf,Isla Canela,59,306,True,2026-03-29 18:00:00
933,179,Misty,Isla Canela,34,190,True,2026-02-07 15:00:00
934,16,Brock,Zona Safari,63,315,False,2026-05-26 22:00:00
935,175,Red,Zona Safari,77,377,False,2026-05-28 23:00:00
936,131,Misty,Ruta 1,59,1103,True,2026-06-16 00:00:00
937,62,Leaf,Isla Canela,61,1403,False,2026-04-21 21:00:00
938,51,Red,Zona Safari,57,849,False,2026-05-25 02:00:00
939,173,Brock,Bosque Verde,4,17,False,2026-06-24 00:00:00
940,179,Brock,Monte Moon,7,39,False,2026-01-23 03:00:00
941,17,Ash,Cueva Celeste,3,36,False,2026-01-14 18:00:00
942,200,Brock,Zona Safari,70,609,True,2026-03-05 16:00:00
943,180,Red,Bosque Verde,45,576,True,2026-03-27 04:00:00
944,93,Blue,Bosque Verde,41,582,True,2026-01-27 09:00:00
945,101,Red,Ruta 1,59,1014,False,2026-06-17 09:00:00
946,8,Blue,Zona Safari,7,99,True,2026-02-16 09:00:00
947,112,Ash,Isla Canela,53,901,False,2026-02-13 15:00:00
948,140,Misty,Monte Moon,7,49,True,2026-06-23 17:00:00
949,21,Red,Monte Moon,40,208,True,2026-02-07 12:00:00
950,26,Blue,Bosque Verde,44,959,False,2026-03-05 11:00:00
951,96,Blue,Bosque Verde,4,26,True,2026-05-22 14:00:00
952,43,Leaf,Zona Safari,54,345,True,2026-01-05 21:00:00
953,126,Red,Zona Safari,97,1678,True,2026-05-18 13:00:00
954,114,Ash,Monte Moon,94,817,True,2026-02-27 00:00:00
955,114,Red,Zona Safari,40,348,True,2026-05-21 17:00:00
956,24,Ash,Zona Safari,51,800,True,2026-01-02 10:00:00
957,15,Misty,Ruta 1,37,658,False,2026-01-04 22:00:00
958,129,Red,Ruta 1,57,228,True,2026-03-17 05:00:00
959,178,Ash,Zona Safari,22,363,True,2026-05-11 08:00:00
960,24,Brock,Isla Canela,51,800,True,2026-05-01 04:00:00
961,28,Blue,Zona Safari,19,300,False,2026-02-16 04:00:00
962,25,Misty,Cueva Celeste,33,369,True,2026-03-06 14:00:00
963,109,Leaf,Monte Moon,79,537,True,2026-06-06 21:00:00
964,6,Blue,Isla Canela,98,2352,True,2026-03-31 09:00:00
965,84,Misty,Bosque Verde,12,74,True,2026-05-08 06:00:00
966,198,Misty,Cueva Celeste,100,810,True,2026-04-01 20:00:00
967,25,Red,Monte Moon,21,235,False,2026-05-23 12:00:00
968,141,Misty,Cueva Celeste,44,761,True,2026-01-26 09:00:00
969,174,Blue,Monte Moon,62,260,True,2026-05-23 14:00:00
970,90,Ash,Cueva Celeste,52,317,True,2026-01-08 19:00:00
971,165,Ash,Isla Canela,60,318,False,2026-03-06 04:00:00
972,197,Leaf,Cueva Celeste,37,680,True,2026-03-29 05:00:00
973,50,Blue,Bosque Verde,55,291,False,2026-01-07 01:00:00
974,24,Blue,Bosque Verde,43,675,False,2026-05-15 19:00:00
975,78,Blue,Ruta 1,100,1750,False,2026-06-23 09:00:00
976,180,Ash,Isla Canela,3,38,True,2026-02-11 02:00:00
977,107,Brock,Zona Safari,50,795,True,2026-01-28 15:00:00
978,80,Leaf,Bosque Verde,78,1341,True,2026-04-09 22:00:00
979,61,Leaf,Cueva Celeste,72,972,True,2026-05-01 20:00:00
980,1,Blue,Cueva Celeste,9,57,False,2026-03-05 04:00:00
981,180,Blue,Zona Safari,56,716,True,2026-03-03 18:00:00
982,132,Misty,Ruta 1,29,292,False,2026-06-22 10:00:00
983,72,Brock,Monte Moon,69,462,False,2026-06-01 11:00:00
984,9,Red,Ruta 1,73,1744,True,2026-03-14 22:00:00
985,119,Brock,Ruta 1,53,837,False,2026-04-16 03:00:00
986,8,Leaf,Bosque Verde,94,1334,False,2026-04-27 18:00:00
987,150,Ash,Bosque Verde,67,2050,True,2026-05-24 12:00:00
988,56,Brock,Cueva Celeste,22,134,False,2026-01-09 05:00:00
989,82,Blue,Monte Moon,51,831,True,2026-06-04 04:00:00
990,197,Brock,Zona Safari,12,220,True,2026-01-11 18:00:00
991,107,Leaf,Ruta 1,45,715,False,2026-04-24 22:00:00
992,183,Blue,Cueva Celeste,59,519,False,2026-04-12 05:00:00
993,155,Leaf,Cueva Celeste,40,248,True,2026-01-22 21:00:00
994,67,Leaf,Isla Canela,22,312,True,2026-06-10 03:00:00
995,6,Blue,Bosque Verde,57,1368,True,2026-05-11 18:00:00
996,35,Brock,Zona Safari,4,45,False,2026-01-13 09:00:00
997,104,Leaf,Isla Canela,28,179,False,2026-01-10 21:00:00
998,99,Ash,Zona Safari,79,1311,True,2026-02-26 08:00:00
999,191,Brock,Isla Canela,77,277,False,2026-05-09 03:00:00
1000,92,Red,Monte Moon,26,161,False,2026-04-21 15:00:00
1001,149,Red,Monte Moon,2,54,False,2026-02-15 09:00:00
1002,106,Brock,Bosque Verde,25,397,True,2026-04-15 20:00:00
1003,145,Ash,Isla Canela,64,1670,True,2026-02-14 08:00:00
1004,158,Misty,Zona Safari,23,144,True,2026-06-29 13:00:00
1005,2,Brock,Ruta 1,9,127,False,2026-06-23 04:00:00
1006,134,Ash,Cueva Celeste,42,772,True,2026-03-28 03:00:00
1007,110,Leaf,Ruta 1,3,51,True,2026-03-20 23:00:00
1008,36,Red,Ruta 1,40,868,False,2026-02-02 14:00:00
1009,72,Misty,Cueva Celeste,47,314,True,2026-04-24 09:00:00
1010,143,Misty,Zona Safari,67,1266,False,2026-05-17 23:00:00
1011,170,Ash,Ruta 1,14,92,True,2026-01-05 05:00:00
1012,182,Ash,Bosque Verde,76,1679,True,2026-01-25 05:00:00
1013,112,Leaf,Monte Moon,6,102,False,2026-03-09 22:00:00
1014,11,Ash,Zona Safari,6,43,False,2026-06-30 15:00:00
1015,114,Red,Bosque Verde,27,234,True,2026-06-10 07:00:00
1016,189,Ash,Bosque Verde,38,786,True,2026-04-15 01:00:00
1017,198,Brock,Bosque Verde,7,56,False,2026-06-27 22:00:00
1018,97,Brock,Ruta 1,28,473,False,2026-03-26 22:00:00
1019,2,Misty,Monte Moon,7,99,True,2026-03-24 14:00:00
1020,52,Misty,Isla Canela,5,29,False,2026-03-26 21:00:00
1021,80,Blue,Cueva Celeste,45,774,False,2026-05-12 18:00:00
1022,56,Blue,Cueva Celeste,32,195,True,2026-01-04 07:00:00
1023,138,Leaf,Monte Moon,17,120,True,2026-04-05 10:00:00
1024,132,Red,Isla Canela,70,707,False,2026-03-31 14:00:00
1025,135,Misty,Bosque Verde,86,1582,True,2026-04-06 15:00:00
1026,32,Blue,Ruta 1,86,473,False,2026-04-22 06:00:00
1027,59,Blue,Monte Moon,89,1726,False,2026-01-03 09:00:00
1028,57,Blue,Cueva Celeste,8,127,False,2026-01-19 04:00:00
1029,156,Red,Monte Moon,94,1334,False,2026-01-30 15:00:00
1030,140,Misty,Bosque Verde,42,298,True,2026-06-06 19:00:00
1031,70,Ash,Monte Moon,100,1370,False,2026-02-17 06:00:00
1032,69,Leaf,Zona Safari,41,245,False,2026-06-18 17:00:00
1033,140,Misty,Bosque Verde,71,504,False,2026-01-15 19:00:00
1034,6,Ash,Cueva Celeste,10,240,True,2026-01-12 04:00:00
1035,65,Leaf,Ruta 1,83,1867,False,2026-01-02 16:00:00
1036,143,Misty,Zona Safari,84,1587,True,2026-03-30 15:00:00
1037,125,Red,Zona Safari,89,1530,True,2026-05-30 13:00:00
1038,93,Brock,Ruta 1,59,837,False,2026-01-19 23:00:00
1039,12,Brock,Isla Canela,8,142,False,2026-02-05 04:00:00
1040,131,Misty,Ruta 1,90,1683,False,2026-06-30 21:00:00
1041,22,Blue,Zona Safari,42,651,False,2026-06-01 17:00:00
1042,27,Ash,Bosque Verde,31,186,False,2026-04-16 10:00:00
1043,11,Leaf,Zona Safari,7,50,False,2026-06-07 05:00:00
1044,74,Misty,Ruta 1,52,312,True,2026-02-04 13:00:00
1045,51,Leaf,Isla Canela,49,730,True,2026-06-03 10:00:00
1046,164,Red,Zona Safari,8,126,False,2026-04-05 23:00:00
1047,62,Red,Bosque Verde,22,506,True,2026-04-05 03:00:00
1048,9,Blue,Monte Moon,15,358,True,2026-01-19 08:00:00
1049,183,Red,Cueva Celeste,11,96,False,2026-03-29 00:00:00
1050,71,Misty,Isla Canela,56,1237,False,2026-04-09 18:00:00
1051,52,Blue,Monte Moon,57,330,True,2026-05-14 23:00:00
1052,68,Misty,Isla Canela,63,1430,True,2026-05-04 02:00:00
1053,40,Blue,Ruta 1,75,1470,True,2026-05-18 06:00:00
1054,47,Brock,Zona Safari,97,1377,False,2026-02-19 15:00:00
1055,86,Blue,Cueva Celeste,42,273,False,2026-06-10 10:00:00
1056,163,Leaf,Cueva Celeste,93,483,False,2026-04-08 08:00:00
1057,179,Ash,Monte Moon,30,168,False,2026-01-15 23:00:00
1058,181,Misty,Cueva Celeste,53,1219,False,2026-01-24 13:00:00
1059,23,Ash,Ruta 1,71,411,False,2026-01-22 22:00:00
1060,83,Ash,Monte Moon,49,646,False,2026-01-20 17:00:00
1061,9,Brock,Cueva Celeste,80,1912,True,2026-04-11 13:00:00
1062,147,Brock,Zona Safari,9,54,False,2026-01-22 03:00:00
1063,59,Misty,Cueva Celeste,57,1105,False,2026-06-26 04:00:00
1064,137,Misty,Monte Moon,16,126,False,2026-05-27 10:00:00
1065,127,Red,Monte Moon,100,1750,False,2026-03-01 21:00:00
1066,84,Ash,Isla Canela,29,179,True,2026-02-22 07:00:00
1067,16,Red,Isla Canela,24,120,False,2026-06-10 23:00:00
1068,49,Ash,Isla Canela,99,1564,True,2026-01-18 23:00:00
1069,139,Leaf,Cueva Celeste,95,1643,False,2026-02-23 01:00:00
1070,144,Misty,Cueva Celeste,45,1174,False,2026-03-01 21:00:00
1071,159,Ash,Zona Safari,66,937,False,2026-01-04 08:00:00
1072,89,Red,Ruta 1,57,997,True,2026-05-06 01:00:00
1073,80,Leaf,Zona Safari,94,1616,False,2026-02-23 03:00:00
1074,17,Ash,Monte Moon,72,878,False,2026-02-06 13:00:00
1075,165,Ash,Isla Canela,43,227,False,2026-01-01 10:00:00
1076,32,Misty,Zona Safari,4,22,False,2026-01-28 15:00:00
1077,92,Red,Zona Safari,77,477,False,2026-05-30 15:00:00
1078,173,Brock,Bosque Verde,67,294,False,2026-04-17 05:00:00
1079,183,Blue,Bosque Verde,43,378,True,2026-05-17 22:00:00
1080,29,Ash,Zona Safari,33,181,True,2026-05-15 21:00:00
1081,108,Brock,Ruta 1,57,438,True,2026-01-16 12:00:00
1082,169,Leaf,Zona Safari,71,1711,False,2026-03-27 05:00:00
1083,162,Misty,Monte Moon,94,1363,False,2026-06-23 15:00:00
1084,136,Misty,Isla Canela,37,680,True,2026-04-22 00:00:00
1085,185,Leaf,Bosque Verde,61,878,False,2026-03-22 01:00:00
1086,174,Misty,Cueva Celeste,79,331,False,2026-04-15 07:00:00
1087,31,Leaf,Isla Canela,77,1747,True,2026-05-06 03:00:00
1088,103,Brock,Isla Canela,81,1506,False,2026-04-10 03:00:00
1089,17,Red,Bosque Verde,79,963,True,2026-02-05 00:00:00
1090,14,Brock,Bosque Verde,88,633,False,2026-02-01 08:00:00
1091,110,Brock,Zona Safari,41,705,False,2026-02-27 08:00:00
1092,177,Misty,Zona Safari,19,121,False,2026-01-19 00:00:00
1093,185,Red,Monte Moon,21,302,False,2026-06-01 12:00:00
1094,134,Red,Bosque Verde,21,386,False,2026-06-14 00:00:00
1095,36,Misty,Cueva Celeste,12,260,False,2026-04-28 07:00:00
1096,92,Blue,Monte Moon,71,440,True,2026-03-03 15:00:00
1097,90,Misty,Zona Safari,54,329,True,2026-06-02 06:00:00
1098,132,Red,Zona Safari,76,767,True,2026-03-18 18:00:00
1099,30,Ash,Ruta 1,70,896,False,2026-06-20 16:00:00
1100,81,Leaf,Ruta 1,56,364,True,2026-05-04 11:00:00
1101,26,Brock,Monte Moon,38,828,False,2026-05-01 00:00:00
1102,76,Red,Zona Safari,70,1561,False,2026-05-09 19:00:00
1103,121,Brock,Monte Moon,9,163,True,2026-06-16 16:00:00
1104,158,Red,Monte Moon,80,504,False,2026-03-19 07:00:00
1105,18,Blue,Bosque Verde,10,216,True,2026-04-20 10:00:00
1106,1,Blue,Ruta 1,69,441,False,2026-01-24 16:00:00
1107,66,Ash,Isla Canela,96,585,True,2026-02-17 09:00:00
1108,169,Blue,Zona Safari,9,216,False,2026-05-23 17:00:00
1109,177,Red,Zona Safari,67,428,False,2026-02-24 08:00:00
1110,177,Blue,Zona Safari,2,12,False,2026-05-13 08:00:00
1111,165,Red,Ruta 1,56,296,True,2026-01-18 22:00:00
1112,9,Blue,Monte Moon,39,932,False,2026-01-22 09:00:00
1113,172,Ash,Zona Safari,17,69,True,2026-05-30 23:00:00
1114,63,Ash,Zona Safari,90,558,False,2026-01-31 23:00:00
1115,96,Ash,Zona Safari,43,283,False,2026-02-10 12:00:00
1116,192,Misty,Isla Canela,14,208,False,2026-01-18 13:00:00
1117,78,Blue,Cueva Celeste,67,1172,False,2026-02-03 05:00:00
1118,61,Blue,Isla Canela,76,1026,False,2026-01-23 22:00:00
1119,117,Brock,Zona Safari,71,1093,True,2026-04-07 00:00:00
1120,105,Leaf,Ruta 1,83,1236,False,2026-05-22 08:00:00
1121,54,Leaf,Bosque Verde,53,339,False,2026-05-06 06:00:00
1122,117,Blue,Cueva Celeste,79,1216,True,2026-05-24 11:00:00
1123,50,Red,Bosque Verde,97,514,True,2026-03-02 04:00:00
1124,111,Leaf,Cueva Celeste,100,690,False,2026-04-19 14:00:00
1125,150,Misty,Isla Canela,70,2142,True,2026-02-26 10:00:00
1126,159,Red,Cueva Celeste,5,71,True,2026-06-05 15:00:00
1127,56,Blue,Bosque Verde,90,549,False,2026-04-16 15:00:00
1128,132,Blue,Monte Moon,46,464,True,2026-06-16 22:00:00
1129,151,Ash,Zona Safari,20,540,True,2026-06-30 10:00:00
1130,12,Misty,Cueva Celeste,94,1673,True,2026-06-26 13:00:00
1131,111,Brock,Isla Canela,79,545,False,2026-02-23 12:00:00
1132,13,Leaf,Ruta 1,26,101,True,2026-03-28 19:00:00
1133,2,Red,Monte Moon,88,1249,False,2026-04-19 21:00:00
1134,154,Red,Isla Canela,12,283,True,2026-03-26 18:00:00
1135,187,Ash,Bosque Verde,32,160,False,2026-06-23 14:00:00
1136,79,Leaf,Cueva Celeste,88,554,True,2026-06-04 08:00:00
1137,104,Misty,Monte Moon,80,512,False,2026-05-15 22:00:00
1138,145,Ash,Zona Safari,25,652,False,2026-04-20 21:00:00
1139,52,Leaf,Ruta 1,71,411,False,2026-01-26 09:00:00
1140,95,Brock,Zona Safari,11,84,False,2026-01-13 23:00:00
1141,34,Red,Cueva Celeste,2,45,False,2026-02-22 18:00:00
1142,120,Leaf,Isla Canela,87,591,False,2026-06-12 18:00:00
1143,174,Misty,Isla Canela,77,323,True,2026-05-28 11:00:00
1144,16,Blue,Isla Canela,71,355,True,2026-05-24 19:00:00
1145,178,Misty,Ruta 1,60,990,True,2026-05-17 21:00:00
1146,198,Blue,Bosque Verde,49,396,True,2026-02-16 10:00:00
1147,161,Misty,Monte Moon,72,309,True,2026-02-20 07:00:00
1148,182,Brock,Bosque Verde,8,176,True,2026-05-10 02:00:00
1149,102,Misty,Ruta 1,14,91,False,2026-04-09 17:00:00
1150,173,Red,Monte Moon,92,404,True,2026-06-28 05:00:00
1151,58,Ash,Isla Canela,10,70,False,2026-04-09 17:00:00
1152,75,Ash,Monte Moon,2,27,True,2026-01-10 20:00:00
1153,84,Leaf,Ruta 1,19,117,False,2026-02-11 09:00:00
1154,167,Brock,Monte Moon,83,415,True,2026-02-16 05:00:00
1155,55,Misty,Monte Moon,19,332,False,2026-02-02 21:00:00
1156,7,Red,Isla Canela,40,252,True,2026-05-23 04:00:00
1157,121,Red,Bosque Verde,19,345,True,2026-03-20 22:00:00
1158,77,Brock,Monte Moon,54,442,True,2026-01-26 18:00:00
1159,66,Blue,Ruta 1,29,176,False,2026-03-17 00:00:00
1160,190,Blue,Ruta 1,1,7,True,2026-02-06 02:00:00
1161,142,Misty,Bosque Verde,55,990,False,2026-01-30 12:00:00
1162,49,Red,Isla Canela,10,158,False,2026-03-27 08:00:00
1163,62,Red,Isla Canela,2,46,False,2026-04-21 10:00:00
1164,28,Leaf,Isla Canela,48,758,False,2026-01-05 08:00:00
1165,66,Red,Bosque Verde,11,67,False,2026-05-15 22:00:00
1166,23,Red,Zona Safari,61,353,True,2026-06-06 21:00:00
1167,166,Blue,Bosque Verde,90,1233,True,2026-01-18 06:00:00
1168,45,Misty,Cueva Celeste,23,508,False,2026-01-22 11:00:00
1169,104,Brock,Isla Canela,99,633,False,2026-01-10 19:00:00
1170,50,Brock,Zona Safari,3,15,False,2026-06-04 01:00:00
1171,32,Ash,Cueva Celeste,2,11,True,2026-02-12 22:00:00
1172,34,Red,Ruta 1,87,1974,True,2026-05-23 00:00:00
1173,113,Red,Ruta 1,39,1540,False,2026-03-25 17:00:00
1174,44,Brock,Isla Canela,65,897,False,2026-06-08 13:00:00
1175,164,Brock,Monte Moon,79,1248,True,2026-01-06 07:00:00
1176,169,Blue,Cueva Celeste,62,1494,False,2026-06-11 09:00:00
1177,38,Brock,Zona Safari,10,177,False,2026-05-16 14:00:00
1178,142,Ash,Monte Moon,15,270,False,2026-04-25 02:00:00
1179,8,Misty,Ruta 1,11,156,True,2026-01-27 02:00:00
1180,5,Brock,Isla Canela,41,582,True,2026-05-03 20:00:00
1181,15,Red,Monte Moon,27,480,True,2026-05-07 23:00:00
1182,123,Ash,Bosque Verde,75,750,False,2026-06-06 20:00:00
1183,51,Leaf,Isla Canela,7,104,False,2026-02-18 02:00:00
1184,165,Misty,Zona Safari,7,37,True,2026-05-15 08:00:00
1185,61,Misty,Bosque Verde,27,364,True,2026-05-24 21:00:00
1186,27,Misty,Isla Canela,93,558,True,2026-04-14 06:00:00
1187,4,Ash,Bosque Verde,87,539,True,2026-06-26 01:00:00
1188,32,Leaf,Zona Safari,89,489,True,2026-03-06 09:00:00
1189,70,Leaf,Monte Moon,6,82,False,2026-01-25 12:00:00
1190,13,Misty,Monte Moon,27,105,True,2026-02-25 17:00:00
1191,33,Brock,Bosque Verde,19,243,True,2026-05-20 09:00:00
1192,30,Leaf,Ruta 1,14,179,True,2026-06-09 06:00:00
1193,165,Ash,Ruta 1,7,37,False,2026-01-25 04:00:00
1194,161,Blue,Ruta 1,88,378,False,2026-02-06 16:00:00
1195,49,Brock,Zona Safari,1,15,True,2026-03-20 12:00:00
1196,54,Leaf,Monte Moon,80,512,False,2026-03-08 13:00:00
1197,185,Red,Zona Safari,72,1036,True,2026-05-22 08:00:00
1198,70,Misty,Cueva Celeste,48,657,False,2026-06-05 12:00:00
1199,35,Red,Cueva Celeste,9,101,True,2026-04-14 01:00:00
1200,78,Blue,Monte Moon,62,1085,True,2026-05-07 12:00:00
1201,182,Misty,Ruta 1,47,1038,True,2026-04-17 11:00:00
1202,6,Blue,Zona Safari,11,264,False,2026-03-15 14:00:00
1203,49,Red,Ruta 1,56,884,False,2026-01-11 15:00:00
1204,197,Misty,Ruta 1,46,846,True,2026-06-26 12:00:00
1205,20,Leaf,Bosque Verde,15,217,False,2026-03-08 07:00:00
1206,141,Leaf,Bosque Verde,87,1505,True,2026-01-30 12:00:00
1207,66,Leaf,Isla Canela,35,213,True,2026-05-14 11:00:00
1208,142,Ash,Bosque Verde,3,54,True,2026-04-21 17:00:00
1209,174,Brock,Isla Canela,53,222,True,2026-03-30 15:00:00
1210,140,Leaf,Bosque Verde,48,340,False,2026-03-22 14:00:00
1211,172,Misty,Isla Canela,21,86,True,2026-04-04 19:00:00
1212,193,Brock,Bosque Verde,37,288,False,2026-04-16 15:00:00
1213,163,Red,Bosque Verde,87,452,False,2026-06-01 04:00:00
1214,158,Ash,Cueva Celeste,84,529,False,2026-05-12 19:00:00
1215,21,Leaf,Isla Canela,45,234,False,2026-06-27 22:00:00
1216,37,Brock,Isla Canela,81,486,False,2026-04-15 22:00:00
1217,112,Ash,Cueva Celeste,14,237,True,2026-01-19 03:00:00
1218,92,Leaf,Isla Canela,76,471,False,2026-04-07 14:00:00
1219,167,Blue,Isla Canela,1,5,True,2026-02-26 20:00:00
1220,180,Blue,Monte Moon,26,332,False,2026-01-09 12:00:00
1221,91,Leaf,Bosque Verde,74,1361,False,2026-02-08 03:00:00
1222,113,Ash,Zona Safari,26,1027,True,2026-01-18 14:00:00
1223,190,Blue,Ruta 1,11,79,True,2026-03-30 03:00:00
1224,127,Red,Cueva Celeste,100,1750,False,2026-04-29 19:00:00
1225,107,Blue,Cueva Celeste,83,1319,False,2026-03-04 13:00:00
1226,136,Red,Bosque Verde,67,1232,True,2026-02-27 12:00:00
1227,30,Leaf,Zona Safari,8,102,False,2026-04-25 05:00:00
1228,182,Ash,Ruta 1,13,287,False,2026-06-27 03:00:00
1229,24,Ash,Cueva Celeste,99,1554,False,2026-04-07 04:00:00
1230,6,Ash,Monte Moon,43,1032,False,2026-04-01 09:00:00
1231,88,Brock,Ruta 1,92,598,True,2026-01-07 00:00:00
1232,190,Ash,Zona Safari,54,388,True,2026-03-30 03:00:00
1233,140,Leaf,Cueva Celeste,91,646,False,2026-06-16 00:00:00
1234,19,Leaf,Cueva Celeste,53,270,True,2026-06-12 11:00:00
1235,198,Misty,Monte Moon,25,202,False,2026-01-30 05:00:00
1236,171,Misty,Ruta 1,52,837,True,2026-02-03 01:00:00
1237,193,Red,Cueva Celeste,20,156,False,2026-05-28 00:00:00
1238,97,Red,Isla Canela,1,16,False,2026-06-30 12:00:00
1239,103,Ash,Bosque Verde,31,576,True,2026-01-07 14:00:00
1240,63,Leaf,Zona Safari,25,155,True,2026-02-21 16:00:00
1241,13,Red,Cueva Celeste,16,62,False,2026-04-26 00:00:00
1242,38,Red,Ruta 1,32,566,True,2026-05-12 05:00:00
1243,178,Blue,Cueva Celeste,72,1188,True,2026-02-28 12:00:00
1244,100,Brock,Isla Canela,58,382,False,2026-02-24 14:00:00
1245,140,Blue,Ruta 1,8,56,False,2026-04-23 08:00:00
1246,181,Red,Isla Canela,66,1518,True,2026-03-02 08:00:00
1247,44,Misty,Isla Canela,30,414,True,2026-03-22 08:00:00
1248,131,Misty,Zona Safari,58,1084,True,2026-04-14 21:00:00
1249,133,Leaf,Ruta 1,59,383,True,2026-05-25 14:00:00
1250,17,Brock,Isla Canela,14,170,False,2026-02-12 05:00:00
1251,86,Red,Cueva Celeste,81,526,True,2026-05-18 02:00:00
1252,6,Misty,Monte Moon,95,2280,True,2026-03-26 03:00:00
1253,198,Leaf,Bosque Verde,88,712,True,2026-01-16 18:00:00
1254,81,Brock,Ruta 1,80,520,False,2026-01-16 03:00:00
1255,83,Leaf,Monte Moon,3,39,True,2026-05-26 07:00:00
1256,95,Leaf,Monte Moon,84,646,True,2026-05-23 05:00:00
1257,161,Red,Zona Safari,13,55,False,2026-03-22 13:00:00
1258,169,Ash,Isla Canela,19,457,False,2026-03-25 22:00:00
1259,147,Misty,Monte Moon,51,306,True,2026-01-27 16:00:00
1260,49,Blue,Cueva Celeste,49,774,False,2026-04-28 22:00:00
1261,89,Brock,Cueva Celeste,45,787,False,2026-06-11 20:00:00
1262,63,Red,Zona Safari,75,465,False,2026-05-28 16:00:00
1263,120,Misty,Zona Safari,9,61,True,2026-02-28 06:00:00
1264,11,Ash,Monte Moon,31,223,False,2026-02-13 23:00:00
1265,45,Misty,Bosque Verde,36,795,False,2026-04-05 10:00:00
1266,49,Red,Cueva Celeste,26,410,False,2026-05-10 21:00:00
1267,183,Blue,Cueva Celeste,50,440,True,2026-03-14 16:00:00
1268,124,Brock,Monte Moon,23,365,True,2026-03-15 21:00:00
1269,33,Blue,Bosque Verde,49,627,False,2026-05-06 08:00:00
1270,143,Ash,Zona Safari,76,1436,True,2026-03-11 13:00:00
1271,18,Ash,Isla Canela,21,453,False,2026-05-13 21:00:00
1272,18,Misty,Cueva Celeste,7,151,True,2026-02-27 16:00:00
1273,16,Red,Isla Canela,22,110,True,2026-03-02 22:00:00
1274,152,Misty,Monte Moon,85,544,False,2026-01-22 23:00:00
1275,27,Ash,Isla Canela,86,516,False,2026-03-13 07:00:00
1276,119,Brock,Zona Safari,65,1027,True,2026-02-08 03:00:00
1277,147,Leaf,Cueva Celeste,53,318,True,2026-01-09 06:00:00
1278,49,Misty,Cueva Celeste,71,1121,False,2026-06-17 11:00:00
1279,20,Red,Bosque Verde,77,1116,False,2026-01-27 00:00:00
1280,29,Brock,Cueva Celeste,59,324,True,2026-06-03 04:00:00
1281,149,Blue,Bosque Verde,1,27,False,2026-03-02 10:00:00
1282,12,Blue,Cueva Celeste,82,1459,True,2026-06-18 23:00:00
1283,197,Leaf,Ruta 1,76,1398,False,2026-05-08 18:00:00
1284,79,Red,Monte Moon,56,352,False,2026-03-17 00:00:00
1285,17,Blue,Monte Moon,98,1195,False,2026-02-28 11:00:00
1286,125,Ash,Ruta 1,92,1582,False,2026-01-07 08:00:00
1287,65,Brock,Bosque Verde,8,180,False,2026-01-01 14:00:00
1288,154,Brock,Ruta 1,16,377,True,2026-04-13 05:00:00
1289,150,Misty,Zona Safari,61,1866,False,2026-01-31 19:00:00
1290,194,Blue,Monte Moon,38,159,True,2026-02-06 20:00:00
1291,171,Blue,Zona Safari,8,128,True,2026-05-20 19:00:00
1292,59,Leaf,Zona Safari,19,368,False,2026-01-26 20:00:00
1293,62,Brock,Bosque Verde,42,966,False,2026-03-30 19:00:00
1294,103,Brock,Ruta 1,97,1804,False,2026-06-17 00:00:00
1295,62,Leaf,Zona Safari,43,989,True,2026-04-11 17:00:00
1296,167,Misty,Cueva Celeste,17,85,True,2026-02-09 19:00:00
1297,48,Blue,Bosque Verde,56,341,False,2026-05-16 15:00:00
1298,171,Ash,Monte Moon,51,821,True,2026-05-25 15:00:00
1299,25,Misty,Ruta 1,10,112,True,2026-06-25 16:00:00
1300,153,Ash,Monte Moon,93,1320,False,2026-03-22 13:00:00
1301,123,Brock,Isla Canela,38,380,False,2026-06-09 23:00:00
1302,167,Misty,Bosque Verde,20,100,True,2026-03-21 20:00:00
1303,130,Red,Isla Canela,47,888,False,2026-02-18 01:00:00
1304,125,Blue,Cueva Celeste,5,86,True,2026-01-13 10:00:00
1305,32,Brock,Monte Moon,79,434,True,2026-06-14 08:00:00
1306,126,Misty,Monte Moon,25,432,False,2026-06-09 19:00:00
1307,113,Misty,Cueva Celeste,84,3318,False,2026-01-22 13:00:00
1308,135,Blue,Zona Safari,19,349,True,2026-06-08 12:00:00
1309,192,Misty,Zona Safari,18,268,True,2026-06-07 22:00:00
1310,24,Misty,Isla Canela,62,973,True,2026-01-24 08:00:00
1311,199,Blue,Bosque Verde,12,206,True,2026-03-16 00:00:00
1312,141,Misty,Monte Moon,82,1418,False,2026-04-08 21:00:00
1313,158,Blue,Monte Moon,45,283,True,2026-01-13 03:00:00
1314,183,Brock,Bosque Verde,91,800,False,2026-03-27 20:00:00
1315,113,Red,Ruta 1,31,1224,True,2026-01-28 13:00:00
1316,80,Misty,Ruta 1,33,567,True,2026-04-06 09:00:00
1317,30,Ash,Cueva Celeste,69,883,True,2026-05-26 00:00:00
1318,158,Red,Zona Safari,69,434,True,2026-05-10 19:00:00
1319,49,Misty,Ruta 1,75,1185,True,2026-04-02 13:00:00
1320,90,Brock,Ruta 1,81,494,True,2026-02-19 22:00:00
1321,109,Brock,Zona Safari,63,428,True,2026-05-12 23:00:00
1322,19,Ash,Monte Moon,72,367,False,2026-05-19 08:00:00
1323,169,Leaf,Monte Moon,89,2144,False,2026-05-14 04:00:00
1324,87,Brock,Isla Canela,9,149,False,2026-05-08 22:00:00
1325,139,Blue,Ruta 1,50,865,False,2026-06-30 19:00:00
1326,99,Blue,Bosque Verde,47,780,True,2026-06-02 09:00:00
1327,55,Brock,Monte Moon,83,1452,True,2026-03-26 08:00:00
1328,29,Blue,Cueva Celeste,51,280,False,2026-03-12 01:00:00
1329,99,Misty,Zona Safari,27,448,False,2026-02-12 11:00:00
1330,142,Misty,Cueva Celeste,92,1655,True,2026-04-27 23:00:00
1331,98,Leaf,Cueva Celeste,92,598,True,2026-05-25 11:00:00
1332,151,Ash,Monte Moon,39,1053,False,2026-06-30 02:00:00
1333,67,Red,Isla Canela,48,681,True,2026-04-28 20:00:00
1334,27,Leaf,Isla Canela,52,312,False,2026-03-21 15:00:00
1335,28,Blue,Cueva Celeste,67,1058,False,2026-06-16 16:00:00
1336,156,Leaf,Isla Canela,47,667,True,2026-02-09 18:00:00
1337,96,Blue,Ruta 1,48,316,False,2026-02-03 18:00:00
1338,83,Blue,Isla Canela,56,739,True,2026-04-26 12:00:00
1339,128,Leaf,Ruta 1,41,705,True,2026-03-01 08:00:00
1340,171,Red,Isla Canela,6,96,False,2026-01-07 22:00:00
1341,82,Leaf,Isla Canela,96,1564,True,2026-02-09 10:00:00
1342,132,Misty,Cueva Celeste,36,363,True,2026-03-07 05:00:00
1343,99,Red,Cueva Celeste,46,763,False,2026-06-18 11:00:00
1344,4,Leaf,Cueva Celeste,42,260,False,2026-01-30 21:00:00
1345,59,Brock,Isla Canela,89,1726,True,2026-04-06 00:00:00
1346,118,Leaf,Zona Safari,29,185,True,2026-04-25 08:00:00
1347,199,Misty,Ruta 1,85,1462,False,2026-03-02 23:00:00
1348,83,Red,Bosque Verde,78,1029,False,2026-03-02 08:00:00
1349,117,Ash,Cueva Celeste,70,1078,True,2026-01-03 11:00:00
1350,167,Ash,Isla Canela,40,200,True,2026-05-29 00:00:00
1351,21,Ash,Cueva Celeste,25,130,False,2026-05-09 05:00:00
1352,55,Ash,Ruta 1,91,1592,False,2026-05-26 12:00:00
1353,28,Brock,Bosque Verde,26,410,True,2026-01-07 13:00:00
1354,41,Leaf,Isla Canela,64,313,False,2026-06-11 00:00:00
1355,24,Ash,Bosque Verde,40,628,False,2026-02-12 09:00:00
1356,185,Ash,Monte Moon,8,115,True,2026-06-14 18:00:00
1357,124,Leaf,Monte Moon,23,365,True,2026-04-13 11:00:00
1358,31,Brock,Ruta 1,43,976,False,2026-04-24 16:00:00
1359,199,Brock,Monte Moon,60,1032,False,2026-03-22 09:00:00
1360,141,Leaf,Monte Moon,66,1141,False,2026-04-17 11:00:00
1361,152,Red,Bosque Verde,77,492,False,2026-03-01 16:00:00
1362,62,Leaf,Monte Moon,83,1909,False,2026-05-28 22:00:00
1363,100,Blue,Monte Moon,45,297,True,2026-03-31 16:00:00
1364,19,Leaf,Cueva Celeste,88,448,True,2026-01-09 04:00:00
1365,188,Blue,Isla Canela,25,297,False,2026-04-26 17:00:00
1366,94,Ash,Isla Canela,97,2182,False,2026-06-29 03:00:00
1367,116,Brock,Monte Moon,67,395,True,2026-04-12 01:00:00
1368,106,Red,Cueva Celeste,55,874,True,2026-05-12 18:00:00
1369,119,Blue,Zona Safari,3,47,False,2026-05-16 11:00:00
1370,9,Red,Ruta 1,89,2127,True,2026-02-17 15:00:00
1371,96,Ash,Cueva Celeste,27,178,False,2026-05-04 23:00:00
1372,159,Brock,Ruta 1,2,28,False,2026-05-20 02:00:00
1373,145,Leaf,Monte Moon,100,2610,True,2026-01-11 15:00:00
1374,3,Leaf,Bosque Verde,26,613,False,2026-05-12 06:00:00
1375,14,Misty,Bosque Verde,41,295,True,2026-06-18 09:00:00
1376,117,Blue,Isla Canela,20,308,True,2026-05-07 00:00:00
1377,164,Leaf,Zona Safari,18,284,False,2026-03-13 08:00:00
1378,120,Leaf,Isla Canela,25,170,True,2026-02-20 05:00:00
1379,184,Brock,Monte Moon,69,1304,False,2026-06-14 04:00:00
1380,187,Blue,Zona Safari,63,315,True,2026-06-29 08:00:00
1381,109,Brock,Isla Canela,26,176,False,2026-03-14 05:00:00
1382,107,Red,Zona Safari,22,349,False,2026-03-06 08:00:00
1383,122,Brock,Bosque Verde,1,16,True,2026-04-26 23:00:00
1384,9,Brock,Monte Moon,28,669,False,2026-03-12 10:00:00
1385,22,Red,Bosque Verde,53,821,True,2026-02-20 20:00:00
1386,32,Red,Bosque Verde,87,478,False,2026-06-05 03:00:00
1387,125,Red,Zona Safari,64,1100,True,2026-04-11 18:00:00
1388,70,Blue,Monte Moon,89,1219,True,2026-01-28 05:00:00
1389,122,Leaf,Zona Safari,82,1320,True,2026-04-11 07:00:00
1390,16,Misty,Cueva Celeste,40,200,False,2026-06-23 21:00:00
1391,25,Red,Cueva Celeste,65,728,True,2026-03-03 04:00:00
1392,143,Brock,Ruta 1,61,1152,False,2026-06-25 04:00:00
1393,141,Red,Cueva Celeste,100,1730,True,2026-01-26 03:00:00
1394,39,Misty,Bosque Verde,40,380,False,2026-04-03 01:00:00
1395,163,Leaf,Bosque Verde,74,384,True,2026-02-19 20:00:00
1396,162,Misty,Cueva Celeste,44,638,True,2026-03-24 06:00:00
1397,37,Brock,Zona Safari,26,156,False,2026-05-14 13:00:00
1398,194,Blue,Ruta 1,97,407,True,2026-02-06 07:00:00
1399,188,Leaf,Zona Safari,4,47,False,2026-05-21 00:00:00
1400,84,Blue,Cueva Celeste,24,148,True,2026-06-14 04:00:00
1401,96,Ash,Bosque Verde,2,13,False,2026-03-30 15:00:00
1402,25,Brock,Bosque Verde,96,1075,True,2026-04-25 22:00:00
1403,117,Misty,Isla Canela,50,770,True,2026-06-14 19:00:00
1404,15,Misty,Monte Moon,58,1032,True,2026-06-29 04:00:00
1405,15,Leaf,Zona Safari,100,1780,False,2026-02-04 06:00:00
1406,87,Ash,Bosque Verde,94,1560,False,2026-02-19 12:00:00
1407,122,Misty,Zona Safari,91,1465,False,2026-01-02 10:00:00
1408,131,Misty,Isla Canela,34,635,False,2026-04-10 21:00:00
1409,172,Misty,Isla Canela,99,405,False,2026-06-15 06:00:00
1410,74,Blue,Ruta 1,99,594,True,2026-06-21 10:00:00
1411,47,Leaf,Isla Canela,44,624,False,2026-03-27 21:00:00
1412,115,Leaf,Ruta 1,81,1393,False,2026-04-30 01:00:00
1413,47,Leaf,Bosque Verde,78,1107,True,2026-01-17 19:00:00
1414,22,Red,Monte Moon,23,356,True,2026-06-06 14:00:00
1415,29,Ash,Zona Safari,80,440,False,2026-06-02 00:00:00
1416,53,Brock,Bosque Verde,80,1232,False,2026-01-08 19:00:00
1417,90,Brock,Cueva Celeste,99,603,False,2026-03-26 15:00:00
1418,53,Blue,Cueva Celeste,37,569,False,2026-05-01 18:00:00
1419,178,Leaf,Isla Canela,3,49,True,2026-04-27 00:00:00
1420,28,Leaf,Ruta 1,19,300,True,2026-03-18 17:00:00
1421,111,Brock,Ruta 1,37,255,True,2026-05-30 23:00:00
1422,126,Brock,Isla Canela,17,294,False,2026-05-21 16:00:00
1423,190,Ash,Cueva Celeste,98,705,False,2026-01-31 00:00:00
1424,143,Misty,Monte Moon,82,1549,False,2026-05-01 03:00:00
1425,3,Blue,Isla Canela,17,401,True,2026-03-30 03:00:00
1426,55,Leaf,Monte Moon,68,1190,False,2026-05-04 15:00:00
1427,120,Red,Isla Canela,61,414,True,2026-01-20 23:00:00
1428,105,Leaf,Ruta 1,6,89,False,2026-04-15 06:00:00
1429,1,Blue,Zona Safari,92,588,False,2026-05-07 00:00:00
1430,106,Ash,Zona Safari,67,1065,True,2026-02-27 21:00:00
1431,61,Brock,Zona Safari,27,364,True,2026-06-16 18:00:00
1432,64,Brock,Ruta 1,100,1400,False,2026-02-15 15:00:00
1433,176,Blue,Zona Safari,44,624,False,2026-01-09 09:00:00
1434,99,Leaf,Monte Moon,27,448,False,2026-06-15 17:00:00
1435,50,Blue,Monte Moon,29,153,False,2026-06-19 23:00:00
1436,162,Brock,Isla Canela,28,406,False,2026-05-29 19:00:00
1437,101,Ash,Cueva Celeste,51,877,True,2026-03-17 12:00:00
1438,149,Blue,Zona Safari,49,1323,True,2026-03-28 21:00:00
1439,16,Ash,Monte Moon,94,470,True,2026-06-01 11:00:00
1440,180,Red,Monte Moon,96,1228,True,2026-04-19 18:00:00
1441,85,Misty,Isla Canela,29,478,False,2026-06-30 15:00:00
1442,197,Blue,Bosque Verde,57,1048,True,2026-05-05 22:00:00
1443,9,Blue,Monte Moon,58,1386,False,2026-03-23 07:00:00
1444,150,Brock,Cueva Celeste,33,1009,False,2026-05-02 21:00:00
1445,11,Brock,Isla Canela,77,554,True,2026-05-28 03:00:00
1446,91,Red,Ruta 1,51,938,False,2026-01-28 13:00:00
1447,129,Brock,Isla Canela,76,304,True,2026-02-01 10:00:00
1448,183,Brock,Bosque Verde,10,88,False,2026-01-15 18:00:00
1449,168,Brock,Ruta 1,61,854,False,2026-01-15 04:00:00
1450,186,Blue,Ruta 1,30,675,True,2026-01-01 06:00:00
1451,56,Misty,Ruta 1,63,384,False,2026-06-09 10:00:00
1452,146,Misty,Isla Canela,38,991,False,2026-06-27 01:00:00
1453,86,Brock,Zona Safari,1,6,False,2026-04-12 10:00:00
1454,185,Ash,Zona Safari,52,748,False,2026-01-26 14:00:00
1455,128,Misty,Isla Canela,70,1204,False,2026-03-16 12:00:00
1456,9,Leaf,Bosque Verde,10,239,True,2026-04-21 18:00:00
1457,144,Red,Zona Safari,35,913,False,2026-02-22 15:00:00
1458,86,Ash,Monte Moon,56,364,False,2026-05-03 22:00:00
1459,31,Red,Isla Canela,87,1974,False,2026-01-28 08:00:00
1460,63,Brock,Ruta 1,83,514,False,2026-03-13 09:00:00
1461,164,Ash,Cueva Celeste,9,142,False,2026-04-15 13:00:00
1462,155,Blue,Isla Canela,93,576,False,2026-01-07 16:00:00
1463,77,Leaf,Bosque Verde,78,639,False,2026-01-12 12:00:00
1464,3,Ash,Cueva Celeste,42,991,True,2026-01-07 22:00:00
1465,158,Ash,Bosque Verde,62,390,False,2026-05-09 13:00:00
1466,151,Brock,Isla Canela,39,1053,True,2026-05-26 21:00:00
1467,165,Blue,Ruta 1,58,307,True,2026-01-27 02:00:00
1468,170,Misty,Monte Moon,36,237,True,2026-02-01 18:00:00
1469,58,Ash,Ruta 1,54,378,True,2026-03-03 02:00:00
1470,22,Ash,Bosque Verde,59,914,True,2026-03-14 01:00:00
1471,145,Leaf,Ruta 1,13,339,True,2026-01-07 15:00:00
1472,132,Ash,Cueva Celeste,74,747,False,2026-05-27 18:00:00
1473,97,Blue,Cueva Celeste,31,523,True,2026-04-26 08:00:00
1474,102,Ash,Ruta 1,73,474,True,2026-02-06 20:00:00
1475,21,Ash,Cueva Celeste,17,88,True,2026-06-25 09:00:00
1476,180,Red,Zona Safari,100,1280,True,2026-04-20 07:00:00
1477,43,Ash,Ruta 1,23,147,False,2026-04-08 14:00:00
1478,3,Ash,Bosque Verde,51,1203,False,2026-03-05 12:00:00
1479,113,Misty,Bosque Verde,13,513,False,2026-04-11 02:00:00
1480,137,Red,Monte Moon,92,726,False,2026-05-30 08:00:00
1481,30,Leaf,Zona Safari,92,1177,True,2026-01-20 08:00:00
1482,49,Misty,Ruta 1,91,1437,True,2026-01-10 12:00:00
1483,111,Ash,Zona Safari,69,476,False,2026-03-09 10:00:00
1484,168,Leaf,Ruta 1,8,112,False,2026-05-28 22:00:00
1485,156,Brock,Ruta 1,8,113,False,2026-05-29 18:00:00
1486,197,Leaf,Isla Canela,87,1600,True,2026-03-27 22:00:00
1487,7,Leaf,Bosque Verde,60,378,False,2026-03-04 02:00:00
1488,22,Red,Zona Safari,1,15,False,2026-02-26 13:00:00
1489,93,Misty,Zona Safari,54,766,True,2026-05-25 19:00:00
1490,115,Brock,Cueva Celeste,67,1152,False,2026-05-26 13:00:00
1491,96,Blue,Ruta 1,26,171,False,2026-02-03 21:00:00
1492,134,Ash,Cueva Celeste,84,1545,True,2026-01-24 18:00:00
1493,97,Blue,Bosque Verde,62,1047,False,2026-02-28 19:00:00
1494,126,Brock,Zona Safari,69,1193,True,2026-01-18 13:00:00
1495,174,Brock,Ruta 1,43,180,False,2026-01-07 08:00:00
1496,88,Ash,Cueva Celeste,33,214,False,2026-05-14 01:00:00
1497,186,Ash,Bosque Verde,52,1170,False,2026-06-06 22:00:00
1498,170,Blue,Zona Safari,75,495,False,2026-02-12 10:00:00
1499,130,Red,Zona Safari,95,1795,False,2026-03-04 00:00:00
1500,34,Leaf,Cueva Celeste,76,1725,False,2026-03-15 21:00:00
1501,117,Leaf,Cueva Celeste,82,1262,False,2026-01-09 00:00:00
1502,131,Ash,Isla Canela,11,205,True,2026-01-26 03:00:00
1503,152,Red,Ruta 1,78,499,True,2026-04-06 13:00:00
1504,71,Brock,Bosque Verde,52,1149,True,2026-01-30 00:00:00
1505,37,Brock,Ruta 1,51,306,False,2026-02-17 09:00:00
1506,197,Misty,Ruta 1,86,1582,False,2026-03-25 20:00:00
1507,64,Leaf,Ruta 1,22,308,True,2026-06-28 20:00:00
1508,8,Brock,Cueva Celeste,93,1320,False,2026-04-08 20:00:00
1509,41,Blue,Isla Canela,55,269,False,2026-06-26 06:00:00
1510,87,Misty,Isla Canela,68,1128,False,2026-05-07 12:00:00
1511,177,Red,Cueva Celeste,13,83,False,2026-03-28 15:00:00
1512,58,Blue,Monte Moon,87,609,True,2026-04-13 17:00:00
1513,26,Leaf,Zona Safari,24,523,True,2026-02-04 09:00:00
1514,3,Leaf,Cueva Celeste,89,2100,False,2026-06-05 12:00:00
1515,50,Ash,Zona Safari,1,5,True,2026-01-29 13:00:00
1516,173,Brock,Cueva Celeste,60,264,True,2026-02-20 04:00:00
1517,131,Misty,Monte Moon,26,486,True,2026-04-29 23:00:00
1518,91,Red,Zona Safari,81,1490,False,2026-01-04 23:00:00
1519,128,Red,Ruta 1,89,1530,True,2026-05-26 11:00:00
1520,7,Red,Bosque Verde,16,100,False,2026-01-12 06:00:00
1521,123,Leaf,Ruta 1,68,680,True,2026-03-23 06:00:00
1522,100,Ash,Zona Safari,18,118,True,2026-05-22 09:00:00
1523,30,Misty,Isla Canela,40,512,True,2026-06-25 05:00:00
1524,74,Ash,Isla Canela,69,414,True,2026-06-26 19:00:00
1525,28,Misty,Monte Moon,95,1501,True,2026-02-08 06:00:00
1526,14,Ash,Isla Canela,98,705,True,2026-05-05 15:00:00
1527,29,Blue,Isla Canela,17,93,False,2026-01-11 11:00:00
1528,48,Ash,Ruta 1,24,146,False,2026-06-15 07:00:00
1529,3,Red,Isla Canela,95,2242,False,2026-01-10 04:00:00
1530,169,Leaf,Isla Canela,22,530,False,2026-01-18 16:00:00
1531,83,Brock,Zona Safari,92,1214,True,2026-02-10 12:00:00
1532,4,Brock,Bosque Verde,13,80,False,2026-02-26 15:00:00
1533,149,Leaf,Zona Safari,4,108,True,2026-03-29 23:00:00
1534,5,Ash,Cueva Celeste,90,1278,False,2026-06-27 10:00:00
1535,108,Leaf,Ruta 1,84,646,False,2026-01-19 10:00:00
1536,184,Brock,Monte Moon,43,812,False,2026-03-23 09:00:00
1537,182,Red,Cueva Celeste,45,994,False,2026-05-05 13:00:00
1538,61,Blue,Bosque Verde,32,432,True,2026-02-19 01:00:00
1539,32,Brock,Isla Canela,59,324,False,2026-01-18 04:00:00
1540,62,Misty,Isla Canela,56,1288,True,2026-05-27 08:00:00
1541,125,Leaf,Monte Moon,23,395,True,2026-06-21 13:00:00
1542,21,Leaf,Zona Safari,68,353,True,2026-04-13 10:00:00
1543,113,Misty,Isla Canela,73,2883,False,2026-03-22 13:00:00
1544,79,Ash,Ruta 1,56,352,False,2026-01-02 17:00:00
1545,156,Misty,Cueva Celeste,63,894,False,2026-02-05 14:00:00
1546,197,Ash,Bosque Verde,77,1416,True,2026-04-23 11:00:00
1547,153,Brock,Ruta 1,2,28,False,2026-06-17 23:00:00
1548,4,Misty,Zona Safari,20,124,False,2026-01-12 20:00:00
1549,164,Red,Bosque Verde,27,426,False,2026-03-10 18:00:00
1550,166,Misty,Monte Moon,93,1274,False,2026-04-26 14:00:00
1551,192,Misty,Isla Canela,58,864,True,2026-03-02 10:00:00
1552,76,Blue,Bosque Verde,87,1940,True,2026-02-04 09:00:00
1553,174,Leaf,Bosque Verde,23,96,True,2026-05-13 09:00:00
1554,73,Red,Monte Moon,53,954,True,2026-01-09 07:00:00
1555,88,Misty,Monte Moon,7,45,True,2026-04-20 16:00:00
1556,137,Leaf,Bosque Verde,47,371,True,2026-05-30 19:00:00
1557,107,Misty,Bosque Verde,89,1415,False,2026-01-26 08:00:00
1558,39,Red,Ruta 1,23,218,True,2026-06-03 05:00:00
1559,83,Leaf,Monte Moon,82,1082,False,2026-01-04 21:00:00
1560,101,Misty,Cueva Celeste,62,1066,False,2026-01-13 19:00:00
1561,71,Blue,Cueva Celeste,97,2143,True,2026-06-03 17:00:00
1562,184,Blue,Ruta 1,59,1115,False,2026-01-23 10:00:00
1563,173,Leaf,Zona Safari,21,92,False,2026-02-16 02:00:00
1564,73,Leaf,Zona Safari,98,1764,False,2026-05-05 00:00:00
1565,115,Misty,Zona Safari,88,1513,False,2026-04-18 07:00:00
1566,8,Ash,Bosque Verde,90,1278,False,2026-01-14 08:00:00
1567,165,Blue,Bosque Verde,62,328,False,2026-02-26 23:00:00
1568,64,Misty,Bosque Verde,86,1204,True,2026-03-15 15:00:00
1569,143,Misty,Isla Canela,10,189,False,2026-01-06 11:00:00
1570,195,Leaf,Zona Safari,14,211,False,2026-02-17 06:00:00
1571,116,Leaf,Cueva Celeste,24,141,True,2026-01-25 04:00:00
1572,21,Blue,Ruta 1,16,83,True,2026-02-04 09:00:00
1573,160,Blue,Monte Moon,52,1242,False,2026-01-17 14:00:00
1574,45,Red,Bosque Verde,13,287,True,2026-01-22 18:00:00
1575,172,Blue,Isla Canela,40,164,True,2026-03-11 16:00:00
1576,26,Ash,Cueva Celeste,1,21,False,2026-06-11 13:00:00
1577,30,Red,Cueva Celeste,57,729,True,2026-03-20 02:00:00
1578,156,Leaf,Bosque Verde,8,113,False,2026-02-08 15:00:00
1579,20,Blue,Bosque Verde,13,188,False,2026-03-23 03:00:00
1580,100,Ash,Zona Safari,44,290,False,2026-03-17 00:00:00
1581,158,Misty,Monte Moon,80,504,True,2026-04-16 14:00:00
1582,11,Misty,Monte Moon,90,648,False,2026-03-25 23:00:00
1583,130,Misty,Bosque Verde,77,1455,False,2026-05-15 20:00:00
1584,128,Leaf,Zona Safari,52,894,True,2026-01-18 14:00:00
1585,125,Ash,Bosque Verde,9,154,False,2026-01-27 05:00:00
1586,47,Blue,Ruta 1,20,284,False,2026-02-25 02:00:00
1587,27,Blue,Monte Moon,82,491,True,2026-02-13 00:00:00
1588,104,Blue,Ruta 1,53,339,False,2026-05-14 04:00:00
1589,176,Leaf,Bosque Verde,50,710,False,2026-04-12 14:00:00
1590,85,Misty,Zona Safari,9,148,False,2026-05-18 00:00:00
1591,172,Brock,Zona Safari,90,369,False,2026-06-20 00:00:00
1592,148,Blue,Bosque Verde,72,1058,True,2026-04-29 17:00:00
1593,130,Leaf,Cueva Celeste,67,1266,False,2026-02-03 14:00:00
1594,168,Blue,Monte Moon,85,1190,True,2026-01-13 20:00:00
1595,176,Red,Ruta 1,63,894,False,2026-04-20 20:00:00
1596,121,Leaf,Zona Safari,24,436,True,2026-03-07 10:00:00
1597,67,Ash,Monte Moon,100,1420,False,2026-03-25 00:00:00
1598,128,Brock,Cueva Celeste,58,997,False,2026-06-29 05:00:00
1599,80,Leaf,Cueva Celeste,44,756,True,2026-06-13 20:00:00
1600,68,Brock,Monte Moon,51,1157,False,2026-06-12 06:00:00
1601,94,Brock,Cueva Celeste,55,1237,True,2026-06-25 04:00:00
1602,142,Blue,Bosque Verde,33,594,False,2026-01-22 05:00:00
1603,147,Brock,Monte Moon,12,72,False,2026-06-24 07:00:00
1604,13,Misty,Ruta 1,25,97,True,2026-02-26 21:00:00
1605,67,Brock,Cueva Celeste,92,1306,True,2026-06-17 12:00:00
1606,134,Red,Cueva Celeste,59,1085,False,2026-05-03 05:00:00
1607,97,Misty,Isla Canela,62,1047,True,2026-06-06 04:00:00
1608,105,Misty,Ruta 1,64,953,True,2026-02-11 15:00:00
1609,46,Leaf,Monte Moon,78,444,False,2026-02-03 05:00:00
1610,34,Ash,Cueva Celeste,54,1225,True,2026-05-05 06:00:00
1611,95,Ash,Zona Safari,62,477,False,2026-05-22 16:00:00
1612,174,Ash,Ruta 1,79,331,False,2026-06-14 07:00:00
1613,3,Red,Bosque Verde,46,1085,False,2026-03-07 14:00:00
1614,1,Misty,Isla Canela,27,172,True,2026-03-07 04:00:00
1615,59,Misty,Cueva Celeste,40,776,False,2026-04-23 09:00:00
1616,117,Misty,Monte Moon,85,1309,True,2026-03-18 07:00:00
1617,190,Brock,Ruta 1,89,640,False,2026-03-11 21:00:00
1618,192,Misty,Ruta 1,49,730,False,2026-06-09 21:00:00
1619,120,Red,Monte Moon,92,625,True,2026-05-14 14:00:00
1620,59,Leaf,Ruta 1,82,1590,False,2026-04-14 12:00:00
1621,33,Brock,Zona Safari,53,678,True,2026-02-08 02:00:00
1622,171,Misty,Ruta 1,66,1062,False,2026-06-21 20:00:00
1623,130,Leaf,Monte Moon,93,1757,False,2026-03-29 17:00:00
1624,166,Blue,Ruta 1,25,342,True,2026-04-12 08:00:00
1625,99,Brock,Isla Canela,20,332,True,2026-03-14 01:00:00
1626,157,Red,Isla Canela,49,1176,False,2026-02-01 10:00:00
1627,170,Brock,Monte Moon,93,613,False,2026-06-14 08:00:00
1628,1,Brock,Ruta 1,6,38,False,2026-03-09 07:00:00
1629,13,Red,Bosque Verde,63,245,True,2026-06-21 20:00:00
1630,117,Brock,Isla Canela,95,1463,False,2026-05-03 18:00:00
1631,40,Misty,Ruta 1,91,1783,False,2026-01-29 02:00:00
1632,95,Brock,Bosque Verde,64,492,True,2026-01-10 07:00:00
1633,136,Ash,Isla Canela,58,1067,False,2026-01-18 19:00:00
1634,29,Blue,Ruta 1,81,445,True,2026-01-04 04:00:00
1635,77,Misty,Monte Moon,4,32,True,2026-02-19 14:00:00
1636,91,Misty,Cueva Celeste,39,717,True,2026-05-29 00:00:00
1637,147,Blue,Monte Moon,48,288,False,2026-05-18 07:00:00
1638,156,Brock,Cueva Celeste,66,937,False,2026-02-04 18:00:00
1639,176,Blue,Cueva Celeste,50,710,False,2026-03-14 18:00:00
1640,100,Blue,Isla Canela,23,151,False,2026-02-15 03:00:00
1641,192,Misty,Ruta 1,84,1251,True,2026-03-02 12:00:00
1642,51,Brock,Bosque Verde,3,44,True,2026-03-16 15:00:00
1643,22,Misty,Monte Moon,20,310,True,2026-03-24 12:00:00
1644,43,Leaf,Zona Safari,62,396,True,2026-06-13 03:00:00
1645,114,Red,Ruta 1,80,696,True,2026-01-12 23:00:00
1646,28,Ash,Isla Canela,23,363,True,2026-06-08 03:00:00
1647,175,Brock,Ruta 1,49,240,False,2026-03-07 04:00:00
1648,81,Ash,Cueva Celeste,72,468,True,2026-04-04 15:00:00
1649,87,Misty,Ruta 1,87,1444,False,2026-01-30 04:00:00
1650,44,Blue,Cueva Celeste,36,496,True,2026-05-22 09:00:00
1651,173,Leaf,Monte Moon,10,44,True,2026-04-08 10:00:00
1652,99,Brock,Bosque Verde,91,1510,False,2026-03-31 18:00:00
1653,140,Misty,Zona Safari,93,660,False,2026-04-07 03:00:00
1654,111,Red,Ruta 1,59,407,False,2026-05-19 12:00:00
1655,42,Blue,Bosque Verde,48,763,True,2026-01-12 16:00:00
1656,118,Blue,Ruta 1,89,569,True,2026-04-19 19:00:00
1657,183,Ash,Isla Canela,49,431,False,2026-02-06 03:00:00
1658,167,Brock,Isla Canela,81,405,True,2026-06-02 06:00:00
1659,146,Blue,Monte Moon,20,522,True,2026-02-05 16:00:00
1660,115,Blue,Bosque Verde,72,1238,False,2026-04-17 23:00:00
1661,145,Ash,Monte Moon,50,1305,False,2026-02-19 20:00:00
1662,198,Ash,Zona Safari,20,162,False,2026-06-15 10:00:00
1663,75,Brock,Isla Canela,62,849,False,2026-05-05 21:00:00
1664,26,Brock,Bosque Verde,21,457,True,2026-02-07 22:00:00
1665,146,Brock,Cueva Celeste,63,1644,True,2026-03-02 12:00:00
1666,182,Ash,Isla Canela,78,1723,False,2026-06-12 01:00:00
1667,68,Misty,Zona Safari,33,749,False,2026-06-06 03:00:00
1668,109,Brock,Ruta 1,41,278,True,2026-04-09 12:00:00
1669,149,Red,Bosque Verde,95,2565,True,2026-01-24 22:00:00
1670,178,Ash,Bosque Verde,19,313,False,2026-05-20 11:00:00
1671,24,Misty,Isla Canela,3,47,True,2026-06-30 17:00:00
1672,95,Misty,Cueva Celeste,98,754,True,2026-05-04 11:00:00
1673,11,Brock,Zona Safari,100,720,False,2026-06-07 09:00:00
1674,57,Ash,Zona Safari,99,1574,False,2026-06-01 21:00:00
1675,67,Red,Monte Moon,19,269,True,2026-04-12 23:00:00
1676,161,Brock,Isla Canela,26,111,True,2026-06-30 21:00:00
1677,169,Brock,Zona Safari,3,72,False,2026-01-05 10:00:00
1678,180,Blue,Ruta 1,44,563,False,2026-04-23 06:00:00
1679,86,Leaf,Zona Safari,7,45,False,2026-01-09 10:00:00
1680,139,Leaf,Cueva Celeste,34,588,False,2026-04-11 11:00:00
1681,144,Brock,Isla Canela,65,1696,True,2026-03-13 08:00:00
1682,59,Ash,Ruta 1,30,582,True,2026-01-10 16:00:00
1683,167,Misty,Cueva Celeste,82,409,False,2026-03-04 12:00:00
1684,106,Brock,Zona Safari,72,1144,True,2026-02-14 23:00:00
1685,126,Ash,Monte Moon,94,1626,True,2026-06-27 19:00:00
1686,80,Red,Ruta 1,1,17,False,2026-05-03 03:00:00
1687,55,Brock,Ruta 1,55,962,True,2026-02-11 10:00:00
1688,125,Leaf,Monte Moon,21,361,True,2026-04-26 13:00:00
1689,43,Ash,Bosque Verde,6,38,False,2026-05-16 03:00:00
1690,184,Ash,Ruta 1,74,1398,False,2026-04-11 08:00:00
1691,132,Leaf,Zona Safari,47,474,False,2026-02-23 19:00:00
1692,23,Brock,Zona Safari,88,510,True,2026-04-05 01:00:00
1693,112,Misty,Monte Moon,40,680,True,2026-05-31 09:00:00
1694,128,Ash,Ruta 1,9,154,True,2026-03-06 09:00:00
1695,75,Ash,Bosque Verde,61,835,False,2026-06-06 00:00:00
1696,23,Misty,Zona Safari,32,185,True,2026-06-04 22:00:00
1697,191,Brock,Isla Canela,24,86,True,2026-01-25 21:00:00
1698,148,Blue,Monte Moon,3,44,False,2026-05-13 22:00:00
1699,26,Red,Zona Safari,19,414,False,2026-05-06 10:00:00
1700,133,Red,Zona Safari,83,539,False,2026-02-13 08:00:00
1701,109,Ash,Monte Moon,63,428,True,2026-01-11 04:00:00
1702,161,Brock,Monte Moon,83,356,True,2026-03-04 15:00:00
1703,116,Blue,Bosque Verde,3,17,True,2026-05-07 10:00:00
1704,158,Brock,Cueva Celeste,97,611,False,2026-01-01 12:00:00
1705,50,Leaf,Isla Canela,100,530,True,2026-05-06 17:00:00
1706,11,Blue,Bosque Verde,13,93,False,2026-03-13 11:00:00
1707,28,Red,Zona Safari,32,505,True,2026-04-05 08:00:00
1708,159,Brock,Monte Moon,80,1136,True,2026-03-07 11:00:00
1709,151,Misty,Bosque Verde,93,2511,False,2026-04-15 05:00:00
1710,1,Brock,Monte Moon,46,294,True,2026-04-09 00:00:00
1711,109,Misty,Isla Canela,44,299,True,2026-04-19 13:00:00
1712,52,Ash,Ruta 1,21,121,False,2026-02-26 19:00:00
1713,124,Blue,Ruta 1,14,222,False,2026-04-01 06:00:00
1714,157,Ash,Bosque Verde,66,1584,True,2026-04-10 02:00:00
1715,59,Ash,Monte Moon,87,1687,True,2026-06-11 10:00:00
1716,39,Ash,Ruta 1,42,399,False,2026-03-16 18:00:00
1717,49,Leaf,Isla Canela,37,584,True,2026-05-30 13:00:00
1718,78,Ash,Monte Moon,21,367,True,2026-03-21 06:00:00
1719,139,Brock,Cueva Celeste,100,1730,True,2026-01-31 00:00:00
1720,59,Blue,Zona Safari,89,1726,True,2026-01-08 18:00:00
1721,140,Brock,Bosque Verde,49,347,True,2026-01-01 13:00:00
1722,82,Misty,Cueva Celeste,35,570,True,2026-01-08 15:00:00
1723,8,Misty,Zona Safari,41,582,False,2026-02-16 00:00:00
1724,158,Red,Monte Moon,89,560,False,2026-03-02 04:00:00
1725,23,Red,Ruta 1,94,545,True,2026-01-29 21:00:00
1726,154,Ash,Bosque Verde,96,2265,True,2026-05-03 19:00:00
1727,157,Ash,Cueva Celeste,46,1104,False,2026-02-18 03:00:00
1728,74,Red,Monte Moon,46,276,True,2026-01-23 06:00:00
1729,157,Blue,Bosque Verde,99,2376,False,2026-05-15 12:00:00
1730,47,Leaf,Bosque Verde,6,85,False,2026-04-18 01:00:00
1731,20,Ash,Zona Safari,39,565,False,2026-03-28 00:00:00
1732,188,Brock,Monte Moon,60,714,True,2026-05-09 20:00:00
1733,96,Misty,Zona Safari,55,363,True,2026-04-27 16:00:00
1734,67,Leaf,Bosque Verde,69,979,True,2026-05-21 19:00:00
1735,159,Ash,Bosque Verde,56,795,True,2026-04-13 05:00:00
1736,139,Ash,Ruta 1,88,1522,True,2026-02-12 13:00:00
1737,113,Brock,Zona Safari,65,2567,False,2026-05-17 19:00:00
1738,98,Brock,Bosque Verde,47,305,False,2026-06-26 22:00:00
1739,97,Brock,Bosque Verde,100,1690,True,2026-06-05 20:00:00
1740,124,Misty,Isla Canela,42,667,False,2026-06-25 01:00:00
1741,32,Red,Monte Moon,59,324,True,2026-01-06 20:00:00
1742,127,Blue,Cueva Celeste,17,297,True,2026-05-25 16:00:00
1743,42,Ash,Zona Safari,4,63,False,2026-02-26 05:00:00
1744,48,Misty,Monte Moon,85,518,True,2026-03-11 23:00:00
1745,175,Brock,Bosque Verde,68,333,False,2026-04-03 10:00:00
1746,158,Red,Zona Safari,3,18,False,2026-03-27 19:00:00
1747,153,Brock,Monte Moon,98,1391,True,2026-04-24 17:00:00
1748,127,Brock,Bosque Verde,48,840,True,2026-06-16 01:00:00
1749,106,Brock,Cueva Celeste,30,477,True,2026-01-01 04:00:00
1750,155,Brock,Bosque Verde,74,458,False,2026-05-16 07:00:00
1751,18,Misty,Zona Safari,8,172,True,2026-02-26 01:00:00
1752,173,Blue,Bosque Verde,90,396,False,2026-05-05 03:00:00
1753,90,Ash,Isla Canela,26,158,True,2026-04-15 13:00:00
1754,86,Misty,Isla Canela,20,130,False,2026-03-23 10:00:00
1755,86,Ash,Isla Canela,14,91,True,2026-01-30 13:00:00
1756,80,Leaf,Isla Canela,87,1496,False,2026-04-23 17:00:00
1757,34,Brock,Monte Moon,100,2270,True,2026-05-14 10:00:00
1758,70,Leaf,Isla Canela,52,712,False,2026-05-28 18:00:00
1759,70,Leaf,Bosque Verde,33,452,True,2026-04-09 04:00:00
1760,170,Brock,Cueva Celeste,53,349,False,2026-04-20 05:00:00
1761,181,Ash,Monte Moon,77,1771,False,2026-04-02 04:00:00
1762,139,Misty,Isla Canela,49,847,True,2026-03-21 13:00:00
1763,10,Misty,Isla Canela,52,202,False,2026-02-28 17:00:00
1764,52,Misty,Ruta 1,99,574,True,2026-05-22 14:00:00
1765,21,Ash,Bosque Verde,14,72,False,2026-03-27 21:00:00
1766,193,Misty,Cueva Celeste,4,31,True,2026-04-25 05:00:00
1767,91,Brock,Ruta 1,7,128,False,2026-01-04 17:00:00
1768,165,Ash,Monte Moon,47,249,False,2026-05-21 00:00:00
1769,53,Brock,Ruta 1,30,462,False,2026-04-27 23:00:00
1770,95,Leaf,Isla Canela,71,546,True,2026-06-04 05:00:00
1771,146,Red,Zona Safari,51,1331,False,2026-01-26 06:00:00
1772,114,Blue,Cueva Celeste,71,617,True,2026-03-14 02:00:00
1773,161,Blue,Zona Safari,18,77,True,2026-06-13 19:00:00
1774,110,Red,Cueva Celeste,72,1238,False,2026-05-19 08:00:00
1775,63,Blue,Ruta 1,55,341,True,2026-01-29 02:00:00
1776,159,Leaf,Zona Safari,98,1391,True,2026-02-12 01:00:00
1777,43,Misty,Monte Moon,61,390,False,2026-04-03 19:00:00
1778,135,Ash,Cueva Celeste,58,1067,True,2026-06-18 04:00:00
1779,92,Brock,Ruta 1,12,74,True,2026-03-14 11:00:00
1780,113,Ash,Cueva Celeste,72,2844,False,2026-05-22 08:00:00
1781,82,Red,Monte Moon,71,1157,True,2026-05-24 02:00:00
1782,181,Misty,Monte Moon,58,1334,False,2026-06-23 00:00:00
1783,164,Leaf,Zona Safari,74,1169,False,2026-06-17 02:00:00
1784,40,Red,Isla Canela,52,1019,True,2026-06-13 09:00:00
1785,33,Brock,Isla Canela,61,780,False,2026-03-31 09:00:00
1786,52,Brock,Ruta 1,14,81,True,2026-03-26 19:00:00
1787,50,Blue,Monte Moon,15,79,False,2026-06-28 05:00:00
1788,1,Leaf,Isla Canela,84,537,True,2026-01-20 01:00:00
1789,170,Red,Zona Safari,22,145,True,2026-01-05 16:00:00
1790,172,Leaf,Cueva Celeste,22,90,True,2026-03-04 20:00:00
1791,62,Red,Cueva Celeste,52,1196,False,2026-06-09 16:00:00
1792,111,Brock,Bosque Verde,69,476,False,2026-05-27 22:00:00
1793,130,Brock,Isla Canela,88,1663,False,2026-06-17 13:00:00
1794,122,Ash,Cueva Celeste,28,450,True,2026-02-18 07:00:00
1795,139,Misty,Bosque Verde,28,484,False,2026-05-11 18:00:00
1796,130,Red,Ruta 1,87,1644,True,2026-03-04 02:00:00
1797,72,Leaf,Ruta 1,69,462,True,2026-03-31 06:00:00
1798,163,Leaf,Zona Safari,90,468,False,2026-03-09 07:00:00
1799,78,Brock,Bosque Verde,40,700,True,2026-01-20 04:00:00
1800,175,Ash,Ruta 1,54,264,False,2026-01-13 00:00:00
1801,126,Misty,Isla Canela,34,588,True,2026-01-11 07:00:00
1802,157,Red,Cueva Celeste,60,1440,False,2026-01-26 08:00:00
1803,8,Leaf,Cueva Celeste,50,710,False,2026-03-02 02:00:00
1804,153,Blue,Cueva Celeste,1,14,False,2026-04-19 11:00:00
1805,11,Blue,Isla Canela,45,324,True,2026-01-17 10:00:00
1806,174,Misty,Cueva Celeste,46,193,False,2026-05-31 21:00:00
1807,81,Blue,Isla Canela,52,338,True,2026-04-01 01:00:00
1808,174,Leaf,Isla Canela,65,273,True,2026-02-25 19:00:00
1809,73,Brock,Monte Moon,5,90,False,2026-02-16 01:00:00
1810,106,Red,Ruta 1,69,1097,False,2026-04-25 05:00:00
1811,26,Brock,Cueva Celeste,33,719,False,2026-06-18 20:00:00
1812,66,Misty,Zona Safari,83,506,False,2026-05-30 22:00:00
1813,56,Brock,Cueva Celeste,47,286,False,2026-02-26 00:00:00
1814,173,Leaf,Isla Canela,41,180,True,2026-04-05 12:00:00
1815,75,Blue,Ruta 1,64,876,False,2026-05-22 01:00:00
1816,180,Misty,Zona Safari,29,371,True,2026-01-09 13:00:00
1817,66,Ash,Zona Safari,40,244,True,2026-05-06 18:00:00
1818,104,Leaf,Isla Canela,84,537,False,2026-01-02 00:00:00
1819,192,Red,Cueva Celeste,69,1028,False,2026-06-12 03:00:00
1820,96,Misty,Zona Safari,80,528,False,2026-02-09 03:00:00
1821,191,Brock,Zona Safari,88,316,False,2026-01-21 19:00:00
1822,38,Misty,Cueva Celeste,43,761,False,2026-05-21 16:00:00
1823,135,Red,Zona Safari,59,1085,False,2026-06-15 06:00:00
1824,16,Blue,Cueva Celeste,3,15,True,2026-06-01 21:00:00
1825,21,Misty,Zona Safari,43,223,False,2026-04-15 13:00:00
1826,173,Brock,Monte Moon,95,418,True,2026-01-20 08:00:00
1827,10,Leaf,Cueva Celeste,57,222,True,2026-05-07 12:00:00
1828,189,Blue,Zona Safari,47,972,True,2026-02-28 22:00:00
1829,155,Brock,Zona Safari,97,601,True,2026-01-30 08:00:00
1830,195,Brock,Bosque Verde,82,1238,True,2026-03-30 19:00:00
1831,57,Misty,Ruta 1,11,174,False,2026-04-08 00:00:00
1832,117,Leaf,Cueva Celeste,7,107,False,2026-01-19 08:00:00
1833,131,Red,Cueva Celeste,38,710,False,2026-01-14 01:00:00
1834,186,Blue,Ruta 1,77,1732,True,2026-06-08 19:00:00
1835,131,Brock,Ruta 1,9,168,False,2026-04-05 05:00:00
1836,191,Red,Ruta 1,99,356,True,2026-01-29 18:00:00
1837,138,Ash,Isla Canela,32,227,True,2026-05-30 01:00:00
1838,172,Blue,Zona Safari,37,151,True,2026-04-03 06:00:00
1839,172,Misty,Monte Moon,2,8,False,2026-02-25 01:00:00
1840,24,Leaf,Monte Moon,76,1193,False,2026-02-11 00:00:00
1841,162,Misty,Cueva Celeste,90,1305,False,2026-02-19 19:00:00
1842,133,Red,Monte Moon,64,416,False,2026-02-19 08:00:00
1843,18,Blue,Ruta 1,62,1339,True,2026-04-04 19:00:00
1844,199,Misty,Cueva Celeste,23,395,True,2026-06-30 05:00:00
1845,192,Brock,Bosque Verde,70,1043,False,2026-04-01 06:00:00
1846,64,Blue,Isla Canela,96,1344,False,2026-03-18 07:00:00
1847,167,Misty,Bosque Verde,92,459,True,2026-01-22 21:00:00
1848,38,Misty,Bosque Verde,49,867,False,2026-06-07 00:00:00
1849,184,Misty,Monte Moon,36,680,False,2026-04-17 18:00:00
1850,186,Ash,Monte Moon,36,810,False,2026-01-19 07:00:00
1851,29,Red,Monte Moon,26,143,False,2026-01-24 19:00:00
1852,26,Leaf,Monte Moon,48,1046,False,2026-04-06 03:00:00
1853,194,Red,Zona Safari,62,260,True,2026-03-30 16:00:00
1854,167,Blue,Monte Moon,61,305,True,2026-06-12 17:00:00
1855,24,Red,Ruta 1,54,847,True,2026-03-15 03:00:00
1856,139,Red,Ruta 1,11,190,False,2026-03-09 02:00:00
1857,58,Ash,Monte Moon,60,420,True,2026-01-28 03:00:00
1858,138,Leaf,Cueva Celeste,54,383,False,2026-05-11 08:00:00
1859,78,Ash,Monte Moon,25,437,True,2026-04-02 14:00:00
1860,90,Misty,Bosque Verde,93,567,True,2026-01-26 08:00:00
1861,39,Leaf,Monte Moon,85,807,True,2026-05-01 23:00:00
1862,91,Ash,Bosque Verde,16,294,True,2026-05-12 05:00:00
1863,189,Leaf,Isla Canela,5,103,False,2026-02-22 15:00:00
1864,93,Brock,Ruta 1,46,653,False,2026-06-28 17:00:00
1865,115,Leaf,Monte Moon,65,1118,False,2026-06-04 20:00:00
1866,120,Brock,Bosque Verde,23,156,True,2026-05-27 19:00:00
1867,179,Red,Cueva Celeste,7,39,False,2026-01-21 07:00:00
1868,23,Blue,Isla Canela,100,580,False,2026-02-19 14:00:00
1869,162,Blue,Zona Safari,38,551,False,2026-02-05 01:00:00
1870,70,Misty,Cueva Celeste,65,890,True,2026-03-20 17:00:00
1871,64,Brock,Monte Moon,100,1400,True,2026-06-24 23:00:00
1872,74,Leaf,Ruta 1,50,300,True,2026-05-27 21:00:00
1873,28,Misty,Cueva Celeste,5,79,False,2026-05-09 18:00:00
1874,149,Brock,Ruta 1,22,594,False,2026-03-24 00:00:00
1875,69,Red,Ruta 1,92,552,True,2026-01-23 15:00:00
1876,140,Leaf,Isla Canela,81,575,False,2026-01-14 08:00:00
1877,39,Ash,Zona Safari,100,950,False,2026-03-06 13:00:00
1878,45,Blue,Ruta 1,87,1922,True,2026-03-19 05:00:00
1879,8,Ash,Bosque Verde,84,1192,True,2026-06-12 13:00:00
1880,99,Leaf,Bosque Verde,57,946,True,2026-01-19 16:00:00
1881,61,Ash,Isla Canela,77,1039,True,2026-05-28 18:00:00
1882,13,Leaf,Cueva Celeste,34,132,True,2026-05-26 04:00:00
1883,174,Red,Bosque Verde,10,42,True,2026-01-22 01:00:00
1884,82,Blue,Zona Safari,6,97,False,2026-03-17 11:00:00
1885,96,Blue,Isla Canela,75,495,False,2026-02-15 06:00:00
1886,99,Leaf,Isla Canela,88,1460,True,2026-06-10 06:00:00
1887,62,Misty,Ruta 1,82,1885,True,2026-06-22 20:00:00
1888,113,Leaf,Monte Moon,91,3594,False,2026-01-12 21:00:00
1889,165,Ash,Isla Canela,97,514,False,2026-01-04 16:00:00
1890,120,Brock,Zona Safari,45,306,False,2026-05-22 18:00:00
1891,72,Leaf,Isla Canela,63,422,False,2026-02-20 08:00:00
1892,86,Brock,Cueva Celeste,19,123,True,2026-01-02 05:00:00
1893,122,Ash,Ruta 1,95,1529,True,2026-01-02 01:00:00
1894,74,Ash,Monte Moon,44,264,True,2026-03-24 02:00:00
1895,132,Misty,Monte Moon,64,646,True,2026-02-14 05:00:00
1896,125,Brock,Cueva Celeste,57,980,True,2026-04-08 23:00:00
1897,78,Blue,Ruta 1,60,1050,False,2026-03-14 02:00:00
1898,128,Leaf,Ruta 1,29,498,True,2026-04-14 19:00:00
1899,3,Ash,Monte Moon,10,236,True,2026-03-30 21:00:00
1900,42,Blue,Ruta 1,36,572,False,2026-03-10 16:00:00
1901,31,Blue,Zona Safari,45,1021,False,2026-01-24 13:00:00
1902,117,Leaf,Zona Safari,95,1463,False,2026-02-24 01:00:00
1903,52,Misty,Zona Safari,30,174,False,2026-05-10 23:00:00
1904,35,Misty,Zona Safari,89,1005,False,2026-01-01 03:00:00
1905,64,Red,Zona Safari,95,1330,False,2026-03-03 10:00:00
1906,130,Leaf,Cueva Celeste,33,623,False,2026-01-02 16:00:00
1907,81,Leaf,Ruta 1,37,240,False,2026-01-21 19:00:00
1908,89,Misty,Cueva Celeste,28,489,False,2026-05-05 03:00:00
1909,23,Red,Bosque Verde,73,423,True,2026-03-21 09:00:00
1910,150,Leaf,Bosque Verde,9,275,False,2026-06-30 20:00:00
1911,15,Brock,Zona Safari,70,1246,False,2026-01-07 20:00:00
1912,149,Blue,Bosque Verde,49,1323,False,2026-04-17 20:00:00
1913,112,Brock,Isla Canela,71,1207,False,2026-04-05 08:00:00
1914,80,Blue,Bosque Verde,74,1272,False,2026-01-19 06:00:00
1915,40,Blue,Ruta 1,1,19,False,2026-01-23 09:00:00
1916,5,Leaf,Cueva Celeste,4,56,False,2026-02-08 22:00:00
1917,80,Red,Bosque Verde,14,240,True,2026-04-14 06:00:00
1918,166,Ash,Monte Moon,11,150,True,2026-03-16 23:00:00
1919,10,Leaf,Ruta 1,17,66,False,2026-04-19 07:00:00
1920,168,Leaf,Ruta 1,54,756,False,2026-03-08 20:00:00
1921,190,Blue,Monte Moon,73,525,False,2026-05-08 06:00:00
1922,135,Ash,Isla Canela,49,901,True,2026-04-13 20:00:00
1923,77,Brock,Monte Moon,27,221,False,2026-03-20 19:00:00
1924,72,Red,Monte Moon,83,556,False,2026-06-19 22:00:00
1925,165,Ash,Zona Safari,3,15,False,2026-03-31 18:00:00
1926,198,Misty,Isla Canela,10,81,False,2026-03-08 13:00:00
1927,72,Misty,Zona Safari,72,482,False,2026-05-17 08:00:00
1928,137,Misty,Isla Canela,19,150,False,2026-06-30 13:00:00
1929,149,Misty,Cueva Celeste,79,2133,True,2026-04-02 07:00:00
1930,119,Red,Isla Canela,85,1343,False,2026-01-17 03:00:00
1931,18,Blue,Cueva Celeste,44,950,False,2026-05-28 00:00:00
1932,8,Leaf,Ruta 1,37,525,False,2026-04-09 16:00:00
1933,168,Misty,Ruta 1,46,644,False,2026-05-24 15:00:00
1934,92,Blue,Zona Safari,95,589,True,2026-01-09 07:00:00
1935,17,Red,Bosque Verde,44,536,True,2026-05-18 02:00:00
1936,105,Red,Zona Safari,16,238,False,2026-04-07 18:00:00
1937,132,Brock,Cueva Celeste,76,767,True,2026-03-28 03:00:00
1938,1,Misty,Cueva Celeste,42,268,True,2026-01-26 07:00:00
1939,73,Brock,Cueva Celeste,55,990,True,2026-06-29 23:00:00
1940,82,Brock,Isla Canela,5,81,True,2026-06-08 18:00:00
1941,15,Ash,Monte Moon,38,676,False,2026-06-14 11:00:00
1942,30,Red,Bosque Verde,40,512,True,2026-03-23 19:00:00
1943,101,Leaf,Ruta 1,17,292,False,2026-03-17 19:00:00
1944,111,Red,Bosque Verde,96,662,True,2026-04-13 23:00:00
1945,25,Leaf,Monte Moon,12,134,True,2026-02-22 19:00:00
1946,72,Ash,Ruta 1,33,221,False,2026-01-27 14:00:00
1947,159,Brock,Cueva Celeste,70,994,False,2026-05-27 20:00:00
1948,46,Red,Isla Canela,70,399,True,2026-01-12 07:00:00
1949,56,Leaf,Ruta 1,35,213,True,2026-02-22 00:00:00
1950,28,Ash,Zona Safari,67,1058,True,2026-03-07 09:00:00
1951,45,Ash,Isla Canela,85,1878,False,2026-06-01 02:00:00
1952,84,Leaf,Cueva Celeste,29,179,True,2026-02-19 12:00:00
1953,184,Red,Monte Moon,39,737,False,2026-02-20 14:00:00
1954,168,Blue,Bosque Verde,87,1218,False,2026-02-04 03:00:00
1955,183,Brock,Isla Canela,83,730,True,2026-05-15 10:00:00
1956,26,Ash,Ruta 1,50,1090,False,2026-03-10 06:00:00
1957,186,Brock,Zona Safari,95,2137,False,2026-01-26 10:00:00
1958,146,Ash,Zona Safari,48,1252,False,2026-02-15 05:00:00
1959,20,Ash,Zona Safari,35,507,False,2026-06-15 09:00:00
1960,58,Red,Cueva Celeste,13,91,False,2026-05-26 23:00:00
1961,150,Blue,Monte Moon,5,153,True,2026-04-24 06:00:00
1962,58,Leaf,Isla Canela,53,371,False,2026-03-30 08:00:00
1963,137,Red,Cueva Celeste,40,316,True,2026-06-22 03:00:00
1964,60,Ash,Cueva Celeste,56,336,False,2026-01-01 16:00:00
1965,1,Blue,Bosque Verde,67,428,False,2026-01-30 22:00:00
1966,135,Red,Cueva Celeste,91,1674,True,2026-05-20 20:00:00
1967,89,Leaf,Monte Moon,51,892,False,2026-02-08 07:00:00
1968,87,Leaf,Isla Canela,61,1012,True,2026-06-15 01:00:00
1969,198,Leaf,Cueva Celeste,55,445,True,2026-02-23 06:00:00
1970,21,Brock,Monte Moon,30,156,True,2026-03-01 13:00:00
1971,195,Blue,Ruta 1,26,392,True,2026-01-08 09:00:00
1972,164,Brock,Isla Canela,70,1106,False,2026-01-12 12:00:00
1973,175,Misty,Cueva Celeste,13,63,True,2026-02-27 00:00:00
1974,182,Brock,Monte Moon,5,110,True,2026-05-31 08:00:00
1975,91,Ash,Bosque Verde,44,809,True,2026-06-01 19:00:00
1976,82,Misty,Zona Safari,40,652,False,2026-06-19 10:00:00
1977,191,Blue,Isla Canela,34,122,True,2026-03-14 22:00:00
1978,55,Misty,Ruta 1,31,542,False,2026-04-04 08:00:00
1979,87,Leaf,Bosque Verde,92,1527,False,2026-06-04 09:00:00
1980,186,Blue,Isla Canela,22,495,False,2026-06-05 03:00:00
1981,27,Misty,Zona Safari,66,396,True,2026-06-01 09:00:00
1982,50,Misty,Isla Canela,64,339,False,2026-02-15 22:00:00
1983,48,Red,Cueva Celeste,53,323,True,2026-05-10 09:00:00
1984,183,Brock,Monte Moon,24,211,False,2026-05-20 21:00:00
1985,4,Red,Zona Safari,81,502,True,2026-01-09 03:00:00
1986,31,Leaf,Ruta 1,29,658,False,2026-01-30 10:00:00
1987,14,Ash,Isla Canela,44,316,False,2026-06-21 04:00:00
1988,154,Blue,Isla Canela,24,566,True,2026-05-24 08:00:00
1989,157,Blue,Ruta 1,80,1920,False,2026-02-07 01:00:00
1990,71,Leaf,Cueva Celeste,40,884,False,2026-03-27 02:00:00
1991,169,Misty,Cueva Celeste,36,867,False,2026-06-17 00:00:00
1992,140,Misty,Isla Canela,3,21,True,2026-04-15 20:00:00
1993,183,Blue,Zona Safari,50,440,False,2026-04-03 21:00:00
1994,86,Leaf,Isla Canela,18,117,True,2026-05-22 09:00:00
1995,93,Leaf,Monte Moon,4,56,True,2026-02-14 11:00:00
1996,80,Blue,Isla Canela,14,240,True,2026-02-15 13:00:00
1997,163,Red,Bosque Verde,38,197,True,2026-03-22 14:00:00
1998,92,Leaf,Isla Canela,78,483,False,2026-05-09 18:00:00
1999,19,Leaf,Zona Safari,30,153,False,2026-01-31 00:00:00
2000,35,Blue,Bosque Verde,66,745,True,2026-06-27 00:00:00
2001,9,Leaf,Cueva Celeste,61,1457,False,2026-06-26 12:00:00
2002,200,Brock,Ruta 1,65,565,True,2026-01-17 07:00:00
2003,91,Brock,Ruta 1,26,478,False,2026-01-06 05:00:00
2004,102,Ash,Cueva Celeste,62,403,False,2026-06-11 11:00:00
2005,144,Blue,Monte Moon,87,2270,True,2026-03-14 19:00:00
2006,189,Misty,Monte Moon,62,1283,True,2026-04-13 17:00:00
2007,59,Red,Monte Moon,98,1901,False,2026-06-16 13:00:00
2008,114,Leaf,Cueva Celeste,67,582,True,2026-02-25 00:00:00
2009,128,Red,Cueva Celeste,61,1049,True,2026-04-03 07:00:00
2010,200,Misty,Bosque Verde,24,208,False,2026-05-14 20:00:00
2011,92,Blue,Monte Moon,33,204,True,2026-01-29 21:00:00
2012,148,Leaf,Monte Moon,58,852,True,2026-02-25 22:00:00
2013,190,Leaf,Isla Canela,62,446,True,2026-02-27 04:00:00
2014,159,Red,Zona Safari,4,56,True,2026-05-19 15:00:00
2015,88,Blue,Bosque Verde,68,442,False,2026-06-03 11:00:00
2016,149,Red,Ruta 1,65,1755,True,2026-03-18 01:00:00
2017,117,Red,Bosque Verde,54,831,True,2026-06-05 09:00:00
2018,47,Leaf,Isla Canela,15,213,True,2026-05-24 07:00:00
2019,168,Brock,Isla Canela,17,238,True,2026-04-13 09:00:00
2020,55,Blue,Bosque Verde,89,1557,True,2026-06-06 05:00:00
2021,9,Leaf,Zona Safari,83,1983,False,2026-01-16 00:00:00
2022,28,Red,Zona Safari,40,632,False,2026-06-13 12:00:00
2023,27,Ash,Monte Moon,3,18,True,2026-05-13 12:00:00
2024,69,Misty,Monte Moon,69,414,False,2026-03-18 08:00:00
2025,143,Leaf,Cueva Celeste,18,340,False,2026-06-07 01:00:00
2026,49,Brock,Monte Moon,23,363,False,2026-02-27 14:00:00
2027,197,Blue,Cueva Celeste,78,1435,False,2026-04-09 20:00:00
2028,157,Blue,Zona Safari,14,336,True,2026-05-24 10:00:00
2029,179,Blue,Zona Safari,80,448,True,2026-03-01 14:00:00
2030,24,Ash,Cueva Celeste,84,1318,False,2026-05-05 03:00:00
2031,149,Red,Cueva Celeste,16,432,False,2026-02-07 16:00:00
2032,117,Leaf,Cueva Celeste,17,261,True,2026-01-20 04:00:00
2033,182,Ash,Zona Safari,88,1944,True,2026-02-27 01:00:00
2034,88,Blue,Ruta 1,16,104,True,2026-05-24 13:00:00
2035,24,Misty,Isla Canela,62,973,False,2026-04-05 19:00:00
2036,134,Brock,Isla Canela,18,331,False,2026-06-06 10:00:00
2037,28,Leaf,Cueva Celeste,98,1548,False,2026-02-11 07:00:00
2038,37,Ash,Zona Safari,55,330,True,2026-01-14 17:00:00
2039,36,Misty,Zona Safari,64,1388,False,2026-03-06 13:00:00
2040,100,Misty,Ruta 1,24,158,False,2026-03-12 02:00:00
2041,111,Red,Cueva Celeste,18,124,True,2026-04-15 18:00:00
2042,4,Ash,Bosque Verde,77,477,True,2026-01-04 00:00:00
2043,44,Brock,Bosque Verde,11,151,True,2026-06-20 22:00:00
2044,35,Ash,Isla Canela,100,1130,True,2026-04-04 03:00:00
2045,162,Ash,Isla Canela,57,826,False,2026-03-08 14:00:00
2046,138,Leaf,Monte Moon,56,397,True,2026-05-07 15:00:00
2047,182,Blue,Zona Safari,92,2033,True,2026-03-18 20:00:00
2048,137,Misty,Bosque Verde,58,458,False,2026-06-19 17:00:00
2049,13,Red,Zona Safari,57,222,True,2026-06-18 04:00:00
2050,1,Leaf,Monte Moon,7,44,False,2026-02-27 11:00:00
2051,161,Ash,Isla Canela,26,111,False,2026-06-05 12:00:00
2052,190,Red,Zona Safari,5,36,True,2026-03-10 03:00:00
2053,42,Ash,Ruta 1,35,556,True,2026-06-13 05:00:00
2054,54,Blue,Cueva Celeste,23,147,True,2026-04-13 20:00:00
2055,157,Misty,Isla Canela,8,192,False,2026-02-02 16:00:00
2056,114,Red,Isla Canela,61,530,False,2026-01-17 08:00:00
2057,28,Ash,Ruta 1,59,932,True,2026-01-24 01:00:00
2058,175,Brock,Isla Canela,69,338,False,2026-02-04 10:00:00
2059,153,Misty,Monte Moon,12,170,True,2026-02-09 07:00:00
2060,169,Red,Cueva Celeste,3,72,False,2026-02-27 04:00:00
2061,165,Misty,Isla Canela,25,132,False,2026-02-01 10:00:00
2062,169,Blue,Zona Safari,40,964,True,2026-06-11 15:00:00
2063,78,Red,Cueva Celeste,6,105,False,2026-03-21 20:00:00
2064,179,Blue,Isla Canela,94,526,False,2026-05-02 00:00:00
2065,29,Ash,Isla Canela,22,121,False,2026-06-27 15:00:00
2066,110,Misty,Ruta 1,46,791,False,2026-02-15 07:00:00
2067,25,Misty,Isla Canela,90,1008,False,2026-01-29 00:00:00
2068,84,Ash,Isla Canela,28,173,True,2026-05-26 23:00:00
2069,52,Brock,Zona Safari,53,307,True,2026-01-05 16:00:00
2070,78,Ash,Bosque Verde,12,210,True,2026-02-19 00:00:00
2071,77,Brock,Cueva Celeste,26,213,True,2026-03-16 11:00:00
2072,158,Red,Bosque Verde,5,31,True,2026-04-11 09:00:00
2073,144,Blue,Bosque Verde,23,600,False,2026-02-11 01:00:00
2074,135,Brock,Isla Canela,8,147,True,2026-03-07 15:00:00
2075,94,Leaf,Cueva Celeste,99,2227,False,2026-03-02 01:00:00
2076,77,Leaf,Bosque Verde,40,328,True,2026-01-15 12:00:00
2077,45,Misty,Zona Safari,90,1989,False,2026-03-29 10:00:00
2078,119,Blue,Isla Canela,85,1343,True,2026-01-14 14:00:00
2079,46,Ash,Monte Moon,37,210,True,2026-04-11 00:00:00
2080,99,Leaf,Monte Moon,67,1112,False,2026-01-25 18:00:00
2081,23,Ash,Ruta 1,29,168,False,2026-03-16 08:00:00
2082,161,Brock,Monte Moon,5,21,False,2026-03-28 05:00:00
2083,103,Blue,Isla Canela,71,1320,True,2026-02-25 06:00:00
2084,15,Misty,Ruta 1,32,569,False,2026-04-10 17:00:00
2085,79,Misty,Cueva Celeste,56,352,True,2026-02-12 15:00:00
2086,34,Brock,Bosque Verde,65,1475,False,2026-06-18 03:00:00
2087,153,Red,Isla Canela,85,1207,False,2026-06-05 07:00:00
2088,131,Ash,Isla Canela,77,1439,False,2026-01-28 00:00:00
2089,23,Misty,Ruta 1,30,174,True,2026-02-15 00:00:00
2090,135,Blue,Cueva Celeste,85,1564,False,2026-04-29 01:00:00
2091,172,Blue,Cueva Celeste,70,287,True,2026-03-24 22:00:00
2092,58,Red,Bosque Verde,31,217,True,2026-01-23 20:00:00
2093,106,Ash,Bosque Verde,3,47,False,2026-04-01 01:00:00
2094,70,Ash,Monte Moon,97,1328,False,2026-03-15 20:00:00
2095,15,Red,Bosque Verde,37,658,True,2026-06-03 15:00:00
2096,55,Ash,Monte Moon,43,752,False,2026-06-11 21:00:00
2097,119,Leaf,Zona Safari,2,31,False,2026-04-17 07:00:00
2098,134,Misty,Bosque Verde,52,956,False,2026-04-05 18:00:00
2099,40,Brock,Monte Moon,6,117,True,2026-05-01 04:00:00
2100,186,Misty,Bosque Verde,14,315,False,2026-02-02 17:00:00
2101,105,Leaf,Monte Moon,65,968,True,2026-04-29 10:00:00
2102,1,Red,Isla Canela,23,147,True,2026-06-10 14:00:00
2103,80,Leaf,Zona Safari,35,602,True,2026-04-25 00:00:00
2104,134,Ash,Monte Moon,8,147,True,2026-04-27 22:00:00
2105,6,Ash,Cueva Celeste,47,1128,True,2026-06-20 22:00:00
2106,157,Red,Isla Canela,29,696,False,2026-01-03 04:00:00
2107,195,Ash,Isla Canela,61,921,True,2026-06-07 00:00:00
2108,200,Blue,Isla Canela,84,730,False,2026-03-29 06:00:00
2109,32,Leaf,Cueva Celeste,54,297,True,2026-01-29 05:00:00
2110,35,Ash,Cueva Celeste,48,542,True,2026-03-13 11:00:00
2111,5,Misty,Bosque Verde,95,1349,False,2026-01-29 01:00:00
2112,54,Leaf,Zona Safari,3,19,True,2026-01-21 12:00:00
2113,160,Brock,Monte Moon,83,1983,True,2026-06-30 22:00:00
2114,85,Misty,Isla Canela,83,1369,True,2026-02-18 10:00:00
2115,170,Red,Cueva Celeste,40,264,True,2026-06-21 04:00:00
2116,198,Leaf,Bosque Verde,54,437,True,2026-02-08 10:00:00
2117,50,Blue,Isla Canela,84,445,False,2026-03-01 04:00:00
2118,179,Red,Ruta 1,13,72,True,2026-01-13 14:00:00
2119,151,Red,Isla Canela,92,2484,False,2026-02-11 10:00:00
2120,187,Brock,Bosque Verde,67,335,False,2026-06-25 04:00:00
2121,29,Ash,Cueva Celeste,3,16,False,2026-05-18 22:00:00
2122,71,Blue,Ruta 1,22,486,False,2026-04-19 19:00:00
2123,93,Ash,Ruta 1,80,1136,False,2026-06-10 17:00:00
2124,195,Blue,Isla Canela,37,558,True,2026-04-15 00:00:00
2125,136,Misty,Ruta 1,88,1619,True,2026-06-23 01:00:00
2126,54,Leaf,Ruta 1,7,44,True,2026-04-05 20:00:00
2127,78,Brock,Isla Canela,17,297,True,2026-04-01 20:00:00
2128,117,Blue,Zona Safari,55,847,True,2026-05-22 18:00:00
2129,70,Ash,Cueva Celeste,14,191,True,2026-04-28 03:00:00
2130,150,Red,Isla Canela,88,2692,False,2026-04-06 11:00:00
2131,20,Ash,Zona Safari,87,1261,True,2026-05-16 22:00:00
2132,122,Brock,Bosque Verde,23,370,True,2026-03-28 08:00:00
2133,136,Leaf,Isla Canela,91,1674,False,2026-03-02 05:00:00
2134,199,Red,Bosque Verde,65,1118,True,2026-01-29 04:00:00
2135,190,Red,Cueva Celeste,49,352,True,2026-01-08 05:00:00
2136,35,Brock,Ruta 1,44,497,True,2026-02-17 05:00:00
2137,163,Ash,Ruta 1,100,520,False,2026-05-18 03:00:00
2138,163,Brock,Cueva Celeste,62,322,True,2026-05-08 17:00:00
2139,41,Ash,Cueva Celeste,57,279,True,2026-06-03 01:00:00
2140,91,Blue,Monte Moon,40,736,False,2026-03-20 16:00:00
2141,24,Red,Monte Moon,97,1522,False,2026-05-30 20:00:00
2142,74,Brock,Cueva Celeste,57,342,False,2026-03-23 22:00:00
2143,38,Blue,Zona Safari,69,1221,True,2026-02-20 09:00:00
2144,175,Red,Isla Canela,66,323,False,2026-06-01 10:00:00
2145,130,Leaf,Bosque Verde,27,510,False,2026-05-24 08:00:00
2146,178,Brock,Monte Moon,22,363,True,2026-05-13 12:00:00
2147,60,Misty,Monte Moon,32,192,True,2026-06-23 11:00:00
2148,92,Misty,Monte Moon,73,452,True,2026-01-22 02:00:00
2149,50,Leaf,Isla Canela,11,58,True,2026-05-02 02:00:00
2150,58,Misty,Monte Moon,63,441,False,2026-05-12 04:00:00
2151,127,Leaf,Cueva Celeste,60,1050,False,2026-06-13 21:00:00
2152,61,Misty,Monte Moon,50,675,False,2026-05-20 07:00:00
2153,78,Ash,Monte Moon,32,560,False,2026-04-22 02:00:00
2154,178,Blue,Isla Canela,3,49,False,2026-05-25 22:00:00
2155,77,Misty,Cueva Celeste,11,90,False,2026-04-10 22:00:00
2156,25,Misty,Ruta 1,37,414,False,2026-02-19 02:00:00
2157,117,Leaf,Bosque Verde,36,554,True,2026-04-24 07:00:00
2158,108,Blue,Isla Canela,39,300,False,2026-01-09 08:00:00
2159,104,Leaf,Bosque Verde,79,505,False,2026-06-01 15:00:00
2160,141,Brock,Bosque Verde,64,1107,True,2026-05-13 23:00:00
2161,122,Ash,Monte Moon,34,547,True,2026-03-17 07:00:00
2162,75,Blue,Isla Canela,49,671,True,2026-06-14 09:00:00
2163,52,Brock,Monte Moon,28,162,True,2026-04-18 00:00:00
2164,186,Ash,Zona Safari,14,315,True,2026-05-04 20:00:00
2165,62,Blue,Zona Safari,96,2208,False,2026-04-24 16:00:00
2166,12,Red,Isla Canela,46,818,False,2026-03-01 16:00:00
2167,51,Misty,Cueva Celeste,18,268,True,2026-02-24 19:00:00
2168,119,Brock,Cueva Celeste,10,158,False,2026-05-05 17:00:00
2169,52,Ash,Cueva Celeste,17,98,True,2026-03-28 15:00:00
2170,24,Brock,Bosque Verde,64,1004,True,2026-01-14 00:00:00
2171,138,Blue,Cueva Celeste,77,546,False,2026-05-15 05:00:00
2172,45,Red,Monte Moon,3,66,False,2026-01-27 07:00:00
2173,34,Misty,Isla Canela,46,1044,False,2026-01-02 00:00:00
2174,5,Brock,Ruta 1,54,766,True,2026-01-31 11:00:00
2175,124,Misty,Zona Safari,31,492,False,2026-03-03 05:00:00
2176,73,Misty,Cueva Celeste,63,1134,False,2026-02-02 10:00:00
2177,184,Leaf,Isla Canela,94,1776,True,2026-05-06 09:00:00
2178,194,Brock,Bosque Verde,68,285,False,2026-02-22 15:00:00
2179,165,Brock,Isla Canela,85,450,False,2026-04-19 10:00:00
2180,100,Leaf,Zona Safari,99,653,True,2026-04-28 10:00:00
2181,86,Red,Zona Safari,45,292,False,2026-01-07 04:00:00
2182,154,Blue,Cueva Celeste,39,920,True,2026-04-06 15:00:00
2183,187,Misty,Bosque Verde,100,500,True,2026-01-29 22:00:00
2184,88,Blue,Monte Moon,41,266,False,2026-06-02 01:00:00
2185,143,Misty,Cueva Celeste,90,1701,True,2026-01-10 16:00:00
2186,67,Leaf,Isla Canela,83,1178,False,2026-02-02 18:00:00
2187,80,Ash,Ruta 1,63,1083,True,2026-05-26 05:00:00
2188,117,Leaf,Isla Canela,55,847,True,2026-02-27 10:00:00
2189,11,Ash,Ruta 1,58,417,False,2026-03-29 19:00:00
2190,168,Ash,Cueva Celeste,48,672,True,2026-04-03 13:00:00
2191,37,Brock,Monte Moon,48,288,True,2026-06-30 13:00:00
2192,117,Blue,Bosque Verde,24,369,False,2026-05-22 00:00:00
2193,19,Misty,Isla Canela,13,66,True,2026-06-05 07:00:00
2194,98,Ash,Isla Canela,15,97,False,2026-01-12 00:00:00
2195,138,Brock,Cueva Celeste,88,624,True,2026-02-11 04:00:00
2196,17,Blue,Monte Moon,49,597,False,2026-06-05 08:00:00
2197,69,Red,Isla Canela,57,342,True,2026-03-14 12:00:00
2198,149,Ash,Monte Moon,6,162,False,2026-02-18 02:00:00
2199,78,Misty,Isla Canela,93,1627,False,2026-03-12 19:00:00
2200,52,Leaf,Bosque Verde,78,452,False,2026-01-07 13:00:00
2201,16,Red,Cueva Celeste,28,140,False,2026-05-05 05:00:00
2202,34,Brock,Bosque Verde,67,1520,False,2026-02-09 13:00:00
2203,122,Brock,Bosque Verde,15,241,True,2026-06-25 23:00:00
2204,23,Blue,Monte Moon,72,417,True,2026-05-15 04:00:00
2205,62,Brock,Bosque Verde,22,506,False,2026-03-09 17:00:00
2206,173,Ash,Monte Moon,45,198,True,2026-04-05 12:00:00
2207,183,Red,Isla Canela,30,264,False,2026-02-07 10:00:00
2208,121,Red,Bosque Verde,92,1674,True,2026-05-08 09:00:00
2209,42,Leaf,Bosque Verde,100,1590,True,2026-04-13 00:00:00
2210,54,Blue,Ruta 1,16,102,False,2026-02-08 23:00:00
2211,20,Ash,Ruta 1,92,1334,False,2026-02-09 17:00:00
2212,200,Red,Monte Moon,54,469,True,2026-05-16 09:00:00
2213,140,Misty,Monte Moon,78,553,False,2026-01-20 15:00:00
2214,56,Ash,Cueva Celeste,73,445,False,2026-05-24 18:00:00
2215,13,Blue,Ruta 1,35,136,False,2026-03-12 04:00:00
2216,101,Ash,Zona Safari,98,1685,True,2026-03-21 14:00:00
2217,176,Leaf,Zona Safari,62,880,False,2026-01-20 10:00:00
2218,139,Blue,Cueva Celeste,55,951,False,2026-01-18 11:00:00
2219,131,Blue,Bosque Verde,44,822,False,2026-03-19 01:00:00
2220,136,Ash,Isla Canela,91,1674,True,2026-05-12 09:00:00
2221,198,Brock,Zona Safari,84,680,True,2026-05-06 01:00:00
2222,100,Ash,Ruta 1,55,363,True,2026-05-03 15:00:00
2223,31,Brock,Zona Safari,68,1543,False,2026-02-17 15:00:00
2224,150,Red,Isla Canela,55,1683,True,2026-06-16 13:00:00
2225,72,Leaf,Zona Safari,15,100,False,2026-05-02 16:00:00
2226,95,Brock,Zona Safari,82,631,True,2026-05-23 16:00:00
2227,6,Misty,Zona Safari,67,1608,True,2026-06-08 06:00:00
2228,33,Brock,Bosque Verde,18,230,False,2026-02-22 14:00:00
2229,109,Blue,Zona Safari,51,346,True,2026-03-06 09:00:00
2230,118,Leaf,Bosque Verde,43,275,False,2026-02-19 01:00:00
2231,33,Misty,Isla Canela,59,755,False,2026-05-04 09:00:00
2232,189,Red,Isla Canela,13,269,False,2026-02-10 10:00:00
2233,150,Leaf,Isla Canela,96,2937,False,2026-02-27 16:00:00
2234,61,Red,Ruta 1,42,567,False,2026-02-09 14:00:00
2235,78,Misty,Isla Canela,4,70,True,2026-02-16 08:00:00
2236,137,Misty,Zona Safari,2,15,True,2026-02-22 05:00:00
2237,28,Ash,Monte Moon,29,458,True,2026-03-28 17:00:00
2238,117,Red,Cueva Celeste,59,908,False,2026-02-12 19:00:00
2239,151,Red,Cueva Celeste,97,2619,True,2026-01-29 12:00:00
2240,97,Blue,Zona Safari,40,676,True,2026-04-01 17:00:00
2241,39,Leaf,Isla Canela,99,940,False,2026-02-05 18:00:00
2242,45,Leaf,Isla Canela,39,861,False,2026-05-25 07:00:00
2243,25,Ash,Monte Moon,40,448,False,2026-05-19 09:00:00
2244,148,Misty,Monte Moon,55,808,False,2026-02-11 04:00:00
2245,107,Brock,Ruta 1,41,651,False,2026-05-21 21:00:00
2246,141,Leaf,Bosque Verde,19,328,True,2026-03-15 17:00:00
2247,52,Misty,Monte Moon,39,226,False,2026-03-30 15:00:00
2248,102,Red,Zona Safari,2,13,True,2026-04-02 11:00:00
2249,129,Leaf,Bosque Verde,92,368,False,2026-03-17 14:00:00
2250,72,Leaf,Bosque Verde,57,381,False,2026-04-10 04:00:00
2251,78,Blue,Isla Canela,68,1190,False,2026-02-05 23:00:00
2252,134,Blue,Zona Safari,58,1067,True,2026-03-23 17:00:00
2253,150,Red,Isla Canela,16,489,False,2026-02-20 21:00:00
2254,112,Leaf,Zona Safari,84,1428,False,2026-06-14 05:00:00
2255,110,Leaf,Monte Moon,1,17,False,2026-05-28 17:00:00
2256,21,Blue,Zona Safari,94,488,False,2026-06-09 12:00:00
2257,184,Misty,Monte Moon,2,37,True,2026-02-06 18:00:00
2258,173,Misty,Zona Safari,13,57,True,2026-06-02 12:00:00
2259,6,Blue,Isla Canela,70,1680,False,2026-05-15 23:00:00
2260,139,Red,Isla Canela,96,1660,False,2026-05-04 10:00:00
2261,30,Blue,Ruta 1,90,1152,False,2026-03-16 11:00:00
2262,84,Blue,Isla Canela,36,223,True,2026-06-25 02:00:00
2263,141,Leaf,Cueva Celeste,11,190,False,2026-04-03 10:00:00
2264,91,Misty,Zona Safari,93,1711,False,2026-05-08 21:00:00
2265,132,Misty,Bosque Verde,23,232,False,2026-04-27 21:00:00
2266,61,Brock,Isla Canela,73,985,False,2026-02-16 20:00:00
2267,30,Red,Bosque Verde,75,960,True,2026-02-08 14:00:00
2268,151,Leaf,Isla Canela,96,2592,False,2026-01-12 02:00:00
2269,55,Ash,Zona Safari,78,1365,False,2026-04-16 15:00:00
2270,18,Ash,Monte Moon,8,172,True,2026-01-09 10:00:00
2271,57,Leaf,Bosque Verde,37,588,True,2026-06-11 17:00:00
2272,6,Leaf,Ruta 1,10,240,False,2026-03-13 11:00:00
2273,45,Red,Cueva Celeste,73,1613,True,2026-06-14 23:00:00
2274,119,Red,Ruta 1,64,1011,False,2026-01-04 19:00:00
2275,82,Blue,Isla Canela,2,32,True,2026-01-04 04:00:00
2276,131,Leaf,Isla Canela,49,916,False,2026-06-15 08:00:00
2277,7,Misty,Isla Canela,31,195,False,2026-04-11 13:00:00
2278,199,Brock,Zona Safari,79,1358,True,2026-05-02 04:00:00
2279,141,Blue,Ruta 1,1,17,True,2026-02-22 08:00:00
2280,109,Red,Bosque Verde,76,516,False,2026-04-13 02:00:00
2281,54,Ash,Isla Canela,61,390,True,2026-04-19 18:00:00
2282,118,Ash,Isla Canela,52,332,True,2026-06-08 22:00:00
2283,118,Red,Cueva Celeste,59,377,True,2026-03-22 00:00:00
2284,139,Ash,Zona Safari,83,1435,True,2026-05-22 22:00:00
2285,159,Red,Isla Canela,17,241,True,2026-03-05 06:00:00
2286,41,Blue,Ruta 1,78,382,False,2026-04-25 13:00:00
2287,166,Leaf,Ruta 1,69,945,False,2026-04-08 16:00:00
2288,135,Ash,Bosque Verde,72,1324,False,2026-04-23 11:00:00
2289,196,Red,Isla Canela,30,552,False,2026-01-15 14:00:00
2290,69,Leaf,Ruta 1,63,378,False,2026-02-10 19:00:00
2291,16,Blue,Monte Moon,94,470,False,2026-04-19 00:00:00
2292,70,Leaf,Cueva Celeste,5,68,True,2026-02-06 08:00:00
2293,59,Red,Zona Safari,8,155,False,2026-03-14 05:00:00
2294,25,Brock,Monte Moon,16,179,False,2026-04-01 10:00:00
2295,136,Red,Ruta 1,76,1398,False,2026-02-03 12:00:00
2296,165,Ash,Ruta 1,50,265,True,2026-06-01 12:00:00
2297,17,Blue,Cueva Celeste,39,475,False,2026-03-25 02:00:00
2298,44,Brock,Zona Safari,16,220,False,2026-01-13 11:00:00
2299,2,Blue,Ruta 1,67,951,False,2026-02-10 14:00:00
2300,161,Leaf,Monte Moon,84,361,True,2026-04-07 05:00:00
2301,105,Ash,Isla Canela,7,104,False,2026-01-12 05:00:00
2302,25,Leaf,Zona Safari,13,145,False,2026-05-04 15:00:00
2303,90,Blue,Isla Canela,79,481,False,2026-04-06 05:00:00
2304,189,Leaf,Monte Moon,86,1780,False,2026-05-29 15:00:00
2305,165,Leaf,Isla Canela,16,84,False,2026-02-25 21:00:00
2306,160,Brock,Zona Safari,7,167,False,2026-04-24 12:00:00
2307,7,Brock,Ruta 1,7,44,True,2026-04-12 13:00:00
2308,2,Ash,Bosque Verde,1,14,True,2026-06-16 06:00:00
2309,157,Brock,Zona Safari,11,264,True,2026-03-24 02:00:00
2310,167,Red,Cueva Celeste,56,280,False,2026-01-21 11:00:00
2311,150,Ash,Monte Moon,100,3060,True,2026-04-27 17:00:00
2312,46,Brock,Bosque Verde,88,501,False,2026-04-06 05:00:00
2313,43,Misty,Ruta 1,12,76,False,2026-05-14 06:00:00
2314,178,Brock,Bosque Verde,87,1435,False,2026-01-02 02:00:00
2315,91,Red,Isla Canela,45,828,True,2026-04-11 18:00:00
2316,11,Blue,Isla Canela,65,468,False,2026-03-21 01:00:00
2317,194,Brock,Isla Canela,90,378,True,2026-03-19 09:00:00
2318,91,Leaf,Bosque Verde,53,975,False,2026-03-23 22:00:00
2319,160,Blue,Ruta 1,11,262,False,2026-02-19 12:00:00
2320,52,Red,Zona Safari,57,330,False,2026-03-22 08:00:00
2321,76,Red,Bosque Verde,3,66,False,2026-06-07 01:00:00
2322,78,Misty,Cueva Celeste,59,1032,True,2026-05-06 05:00:00
2323,103,Misty,Bosque Verde,54,1004,False,2026-06-01 21:00:00
2324,72,Blue,Isla Canela,56,375,False,2026-06-21 21:00:00
2325,124,Misty,Cueva Celeste,60,954,True,2026-04-08 17:00:00
2326,136,Brock,Zona Safari,100,1840,False,2026-05-17 15:00:00
2327,151,Brock,Zona Safari,41,1107,False,2026-03-23 01:00:00
2328,110,Misty,Ruta 1,66,1135,True,2026-02-02 18:00:00
2329,100,Brock,Monte Moon,32,211,True,2026-06-17 00:00:00
2330,136,Red,Bosque Verde,51,938,False,2026-05-23 08:00:00
2331,89,Misty,Monte Moon,85,1487,True,2026-02-05 08:00:00
2332,162,Blue,Bosque Verde,68,986,True,2026-01-12 22:00:00
2333,120,Leaf,Zona Safari,6,40,False,2026-02-12 22:00:00
2334,14,Ash,Isla Canela,59,424,True,2026-03-22 04:00:00
2335,7,Leaf,Cueva Celeste,96,604,False,2026-06-30 10:00:00
2336,16,Ash,Isla Canela,40,200,False,2026-01-26 08:00:00
2337,105,Brock,Monte Moon,52,774,False,2026-02-16 02:00:00
2338,166,Red,Zona Safari,46,630,False,2026-01-09 14:00:00
2339,45,Ash,Isla Canela,87,1922,False,2026-02-22 11:00:00
2340,117,Ash,Cueva Celeste,41,631,False,2026-02-05 08:00:00
2341,33,Red,Isla Canela,30,384,True,2026-02-08 21:00:00
2342,13,Misty,Isla Canela,48,187,False,2026-05-29 12:00:00
2343,98,Ash,Cueva Celeste,61,396,True,2026-02-24 13:00:00
2344,142,Brock,Bosque Verde,89,1602,False,2026-01-13 03:00:00
2345,107,Brock,Ruta 1,49,779,True,2026-06-09 02:00:00
2346,38,Brock,Ruta 1,38,672,True,2026-03-26 05:00:00
2347,1,Misty,Cueva Celeste,48,307,False,2026-04-22 14:00:00
2348,22,Red,Cueva Celeste,89,1379,True,2026-03-28 04:00:00
2349,175,Blue,Zona Safari,72,352,False,2026-01-23 19:00:00
2350,85,Ash,Monte Moon,21,346,True,2026-01-06 20:00:00
2351,78,Misty,Monte Moon,52,910,True,2026-06-29 03:00:00
2352,165,Brock,Zona Safari,22,116,False,2026-04-18 21:00:00
2353,11,Ash,Cueva Celeste,79,568,True,2026-03-10 14:00:00
2354,116,Leaf,Cueva Celeste,21,123,False,2026-02-28 03:00:00
2355,110,Leaf,Cueva Celeste,55,946,False,2026-01-15 01:00:00
2356,53,Brock,Ruta 1,6,92,False,2026-04-29 12:00:00
2357,143,Brock,Bosque Verde,17,321,False,2026-05-28 04:00:00
2358,190,Red,Cueva Celeste,4,28,True,2026-02-15 01:00:00
2359,3,Brock,Zona Safari,43,1014,True,2026-04-16 10:00:00
2360,126,Misty,Monte Moon,79,1366,False,2026-05-25 14:00:00
2361,141,Blue,Cueva Celeste,91,1574,False,2026-06-29 12:00:00
2362,155,Ash,Ruta 1,86,533,True,2026-06-12 07:00:00
2363,104,Brock,Ruta 1,45,288,False,2026-02-23 23:00:00
2364,144,Leaf,Isla Canela,8,208,False,2026-05-13 19:00:00
2365,25,Leaf,Isla Canela,16,179,False,2026-05-30 17:00:00
2366,93,Leaf,Zona Safari,95,1349,True,2026-03-22 11:00:00
2367,11,Ash,Ruta 1,32,230,True,2026-02-01 02:00:00
2368,59,Misty,Monte Moon,51,989,False,2026-06-13 13:00:00
2369,150,Brock,Monte Moon,61,1866,True,2026-01-26 10:00:00
2370,142,Misty,Isla Canela,13,234,True,2026-02-07 07:00:00
2371,74,Leaf,Isla Canela,63,378,False,2026-01-24 19:00:00
2372,1,Blue,Isla Canela,94,601,True,2026-04-12 13:00:00
2373,46,Leaf,Isla Canela,63,359,True,2026-01-12 05:00:00
2374,113,Brock,Ruta 1,63,2488,False,2026-02-10 17:00:00
2375,11,Blue,Bosque Verde,9,64,True,2026-01-31 06:00:00
2376,8,Blue,Isla Canela,89,1263,True,2026-04-02 18:00:00
2377,124,Brock,Isla Canela,92,1462,False,2026-06-30 13:00:00
2378,44,Leaf,Monte Moon,82,1131,True,2026-03-14 22:00:00
2379,90,Red,Monte Moon,93,567,True,2026-01-30 17:00:00
2380,20,Ash,Monte Moon,44,638,False,2026-01-15 05:00:00
2381,184,Red,Ruta 1,53,1001,False,2026-03-05 13:00:00
2382,77,Leaf,Ruta 1,92,754,False,2026-02-02 00:00:00
2383,23,Misty,Monte Moon,67,388,False,2026-01-05 07:00:00
2384,4,Ash,Isla Canela,41,254,False,2026-02-08 21:00:00
2385,78,Red,Cueva Celeste,13,227,False,2026-06-28 05:00:00
2386,97,Red,Bosque Verde,23,388,True,2026-04-01 05:00:00
2387,76,Red,Cueva Celeste,86,1917,True,2026-04-19 06:00:00
2388,19,Blue,Ruta 1,60,306,True,2026-03-21 21:00:00
2389,193,Blue,Ruta 1,79,616,True,2026-05-19 00:00:00
2390,82,Leaf,Ruta 1,23,374,False,2026-05-04 19:00:00
2391,77,Blue,Zona Safari,64,524,True,2026-04-01 20:00:00
2392,53,Blue,Monte Moon,19,292,True,2026-06-06 01:00:00
2393,17,Blue,Bosque Verde,18,219,False,2026-02-14 01:00:00
2394,118,Blue,Monte Moon,25,160,False,2026-03-11 01:00:00
2395,43,Misty,Bosque Verde,70,448,False,2026-05-20 10:00:00
2396,175,Ash,Zona Safari,29,142,False,2026-05-12 15:00:00
2397,199,Misty,Bosque Verde,37,636,True,2026-06-02 03:00:00
2398,70,Misty,Monte Moon,58,794,True,2026-04-13 02:00:00
2399,107,Ash,Ruta 1,23,365,False,2026-04-03 08:00:00
2400,19,Red,Zona Safari,51,260,True,2026-03-24 15:00:00
2401,164,Red,Isla Canela,78,1232,False,2026-02-20 13:00:00
2402,76,Brock,Zona Safari,100,2230,False,2026-04-23 14:00:00
2403,183,Brock,Bosque Verde,43,378,False,2026-05-28 19:00:00
2404,199,Brock,Isla Canela,82,1410,False,2026-04-05 07:00:00
2405,92,Ash,Cueva Celeste,15,93,False,2026-05-29 19:00:00
2406,63,Leaf,Zona Safari,15,93,False,2026-05-05 09:00:00
2407,150,Red,Bosque Verde,41,1254,False,2026-04-21 11:00:00
2408,26,Blue,Bosque Verde,4,87,False,2026-03-14 17:00:00
2409,103,Red,Ruta 1,23,427,False,2026-05-29 14:00:00
2410,158,Misty,Monte Moon,90,567,True,2026-05-06 07:00:00
2411,38,Misty,Monte Moon,47,831,False,2026-05-25 23:00:00
2412,161,Misty,Ruta 1,38,163,False,2026-06-01 15:00:00
2413,14,Ash,Monte Moon,95,684,True,2026-05-14 21:00:00
2414,39,Ash,Monte Moon,49,465,False,2026-05-11 22:00:00
2415,42,Blue,Ruta 1,97,1542,True,2026-06-14 10:00:00
2416,22,Misty,Monte Moon,92,1426,True,2026-03-22 21:00:00
2417,61,Leaf,Isla Canela,68,918,True,2026-01-03 05:00:00
2418,174,Misty,Bosque Verde,58,243,False,2026-05-22 01:00:00
2419,191,Brock,Isla Canela,96,345,False,2026-03-26 19:00:00
2420,40,Brock,Ruta 1,99,1940,True,2026-04-14 16:00:00
2421,119,Misty,Zona Safari,17,268,True,2026-03-22 04:00:00
2422,116,Blue,Zona Safari,7,41,False,2026-01-28 15:00:00
2423,70,Red,Zona Safari,95,1301,True,2026-01-10 17:00:00
2424,158,Red,Ruta 1,96,604,True,2026-06-05 00:00:00
2425,190,Leaf,Monte Moon,71,511,True,2026-01-24 17:00:00
2426,77,Brock,Zona Safari,28,229,False,2026-03-03 18:00:00
2427,146,Ash,Monte Moon,56,1461,True,2026-06-18 18:00:00
2428,126,Leaf,Isla Canela,38,657,True,2026-05-12 00:00:00
2429,51,Ash,Monte Moon,97,1445,False,2026-03-25 20:00:00
2430,82,Red,Ruta 1,20,326,True,2026-01-23 10:00:00
2431,179,Ash,Cueva Celeste,78,436,False,2026-02-22 21:00:00
2432,144,Ash,Bosque Verde,41,1070,False,2026-05-16 12:00:00
2433,91,Brock,Ruta 1,41,754,False,2026-03-08 19:00:00
2434,58,Brock,Isla Canela,29,203,False,2026-02-16 17:00:00
2435,150,Blue,Ruta 1,25,765,True,2026-01-23 15:00:00
2436,79,Leaf,Cueva Celeste,53,333,True,2026-06-13 14:00:00
2437,3,Misty,Bosque Verde,15,354,True,2026-02-20 05:00:00
2438,196,Ash,Isla Canela,14,257,False,2026-02-12 17:00:00
2439,175,Misty,Zona Safari,86,421,True,2026-05-07 13:00:00
2440,121,Red,Cueva Celeste,20,364,False,2026-01-27 00:00:00
2441,117,Blue,Zona Safari,7,107,True,2026-04-14 14:00:00
2442,84,Blue,Zona Safari,37,229,True,2026-06-14 22:00:00
2443,198,Ash,Bosque Verde,6,48,True,2026-04-20 14:00:00
2444,87,Brock,Bosque Verde,46,763,True,2026-06-14 16:00:00
2445,13,Ash,Monte Moon,7,27,True,2026-01-01 18:00:00
2446,100,Leaf,Zona Safari,75,495,False,2026-02-06 07:00:00
2447,104,Misty,Cueva Celeste,95,608,True,2026-01-10 11:00:00
2448,79,Brock,Monte Moon,15,94,False,2026-04-21 07:00:00
2449,154,Brock,Bosque Verde,67,1581,False,2026-02-17 02:00:00
2450,156,Ash,Zona Safari,14,198,False,2026-03-10 22:00:00
2451,2,Misty,Monte Moon,79,1121,True,2026-03-25 01:00:00
2452,141,Leaf,Cueva Celeste,43,743,True,2026-01-14 03:00:00
2453,32,Leaf,Zona Safari,16,88,False,2026-01-02 07:00:00
2454,43,Ash,Cueva Celeste,60,384,False,2026-05-19 04:00:00
2455,9,Red,Isla Canela,27,645,False,2026-03-01 03:00:00
2456,29,Red,Cueva Celeste,48,264,True,2026-05-19 05:00:00
2457,9,Leaf,Cueva Celeste,34,812,True,2026-04-23 09:00:00
2458,163,Misty,Zona Safari,96,499,False,2026-04-29 00:00:00
2459,112,Red,Bosque Verde,48,816,False,2026-02-12 23:00:00
2460,68,Misty,Ruta 1,36,817,True,2026-03-30 21:00:00
2461,198,Misty,Ruta 1,4,32,True,2026-01-31 16:00:00
2462,130,Red,Zona Safari,29,548,False,2026-01-16 11:00:00
2463,174,Brock,Bosque Verde,2,8,True,2026-05-23 20:00:00
2464,191,Misty,Isla Canela,21,75,False,2026-06-03 19:00:00
2465,106,Leaf,Monte Moon,97,1542,True,2026-05-18 05:00:00
2466,163,Leaf,Cueva Celeste,72,374,True,2026-05-22 13:00:00
2467,64,Brock,Bosque Verde,91,1274,False,2026-04-14 15:00:00
2468,176,Ash,Isla Canela,77,1093,True,2026-05-12 04:00:00
2469,66,Ash,Monte Moon,3,18,False,2026-05-05 06:00:00
2470,25,Misty,Ruta 1,62,694,False,2026-04-22 01:00:00
2471,75,Misty,Cueva Celeste,77,1054,False,2026-06-21 14:00:00
2472,169,Leaf,Bosque Verde,20,482,True,2026-02-10 10:00:00
2473,192,Blue,Ruta 1,69,1028,False,2026-04-01 17:00:00
2474,173,Red,Isla Canela,84,369,False,2026-06-02 19:00:00
2475,48,Brock,Isla Canela,100,610,True,2026-01-14 10:00:00
2476,32,Leaf,Isla Canela,93,511,False,2026-04-21 04:00:00
2477,82,Red,Isla Canela,34,554,False,2026-05-26 04:00:00
2478,73,Blue,Cueva Celeste,24,432,True,2026-04-10 01:00:00
2479,171,Misty,Bosque Verde,86,1384,False,2026-04-26 07:00:00
2480,165,Ash,Isla Canela,1,5,False,2026-04-13 18:00:00
2481,107,Leaf,Cueva Celeste,92,1462,True,2026-05-08 20:00:00
2482,173,Leaf,Isla Canela,57,250,True,2026-02-24 03:00:00
2483,183,Leaf,Isla Canela,8,70,False,2026-01-01 12:00:00
2484,83,Brock,Monte Moon,37,488,False,2026-06-14 03:00:00
2485,93,Brock,Isla Canela,12,170,False,2026-05-28 20:00:00
2486,145,Red,Monte Moon,26,678,False,2026-04-12 01:00:00
2487,173,Brock,Zona Safari,68,299,False,2026-02-18 07:00:00
2488,88,Brock,Ruta 1,17,110,False,2026-02-17 03:00:00
2489,47,Blue,Bosque Verde,96,1363,True,2026-01-04 00:00:00
2490,154,Misty,Zona Safari,65,1534,True,2026-05-12 05:00:00
2491,174,Brock,Isla Canela,58,243,True,2026-06-26 11:00:00
2492,143,Brock,Monte Moon,27,510,False,2026-04-16 21:00:00
2493,139,Leaf,Monte Moon,39,674,False,2026-01-07 01:00:00
2494,7,Ash,Bosque Verde,77,485,True,2026-04-12 17:00:00
2495,141,Misty,Monte Moon,22,380,True,2026-03-12 17:00:00
2496,191,Leaf,Isla Canela,69,248,False,2026-03-22 12:00:00
2497,96,Blue,Monte Moon,33,217,True,2026-05-25 01:00:00
2498,68,Ash,Ruta 1,57,1293,True,2026-04-16 11:00:00
2499,186,Brock,Zona Safari,23,517,True,2026-05-01 01:00:00
2500,112,Ash,Monte Moon,76,1292,False,2026-04-26 18:00:00
2501,68,Blue,Cueva Celeste,72,1634,True,2026-05-08 10:00:00
2502,64,Leaf,Cueva Celeste,48,672,True,2026-01-24 10:00:00
2503,37,Red,Zona Safari,58,348,True,2026-02-09 19:00:00
2504,166,Brock,Monte Moon,47,643,True,2026-05-02 19:00:00
2505,169,Leaf,Isla Canela,61,1470,True,2026-02-26 10:00:00
2506,108,Misty,Bosque Verde,17,130,False,2026-03-27 06:00:00
2507,53,Brock,Cueva Celeste,48,739,True,2026-03-21 01:00:00
2508,88,Blue,Zona Safari,59,383,True,2026-03-06 04:00:00
2509,148,Ash,Cueva Celeste,22,323,True,2026-04-23 13:00:00
2510,113,Ash,Ruta 1,95,3752,False,2026-02-25 11:00:00
2511,23,Blue,Bosque Verde,78,452,False,2026-01-19 14:00:00
2512,179,Leaf,Ruta 1,19,106,False,2026-05-04 10:00:00
2513,2,Red,Isla Canela,12,170,True,2026-05-29 11:00:00
2514,48,Blue,Monte Moon,33,201,True,2026-02-16 03:00:00
2515,179,Leaf,Cueva Celeste,48,268,True,2026-03-03 10:00:00
2516,28,Blue,Isla Canela,28,442,True,2026-04-27 10:00:00
2517,169,Ash,Isla Canela,19,457,False,2026-03-28 00:00:00
2518,56,Red,Isla Canela,89,542,True,2026-02-16 05:00:00
2519,84,Ash,Ruta 1,25,155,False,2026-06-05 16:00:00
2520,38,Blue,Isla Canela,44,778,False,2026-06-24 12:00:00
2521,110,Red,Isla Canela,43,739,False,2026-03-15 22:00:00
2522,52,Brock,Monte Moon,60,348,False,2026-01-01 07:00:00
2523,30,Brock,Zona Safari,97,1241,False,2026-05-12 16:00:00
2524,38,Misty,Ruta 1,87,1539,False,2026-06-08 10:00:00
2525,73,Leaf,Monte Moon,52,936,True,2026-05-01 16:00:00
2526,133,Brock,Zona Safari,25,162,False,2026-05-20 07:00:00
2527,21,Misty,Cueva Celeste,27,140,False,2026-06-14 17:00:00
2528,34,Ash,Cueva Celeste,88,1997,True,2026-01-02 09:00:00
2529,185,Red,Monte Moon,46,662,True,2026-05-17 01:00:00
2530,134,Ash,Isla Canela,83,1527,False,2026-05-02 16:00:00
2531,126,Brock,Zona Safari,23,397,False,2026-06-06 14:00:00
2532,158,Leaf,Monte Moon,80,504,False,2026-01-11 21:00:00
2533,83,Brock,Cueva Celeste,67,884,False,2026-01-15 19:00:00
2534,104,Blue,Monte Moon,13,83,False,2026-05-29 00:00:00
2535,190,Red,Ruta 1,46,331,True,2026-05-25 20:00:00
2536,19,Brock,Bosque Verde,91,464,False,2026-06-24 19:00:00
2537,163,Blue,Ruta 1,4,20,False,2026-04-08 13:00:00
2538,196,Ash,Zona Safari,85,1564,True,2026-04-15 02:00:00
2539,189,Red,Zona Safari,32,662,True,2026-04-25 21:00:00
2540,32,Ash,Monte Moon,77,423,False,2026-04-16 13:00:00
2541,55,Brock,Ruta 1,55,962,False,2026-04-19 13:00:00
2542,169,Red,Isla Canela,56,1349,True,2026-04-19 23:00:00
2543,36,Misty,Zona Safari,76,1649,False,2026-05-17 11:00:00
2544,168,Ash,Isla Canela,13,182,True,2026-06-06 20:00:00
2545,69,Misty,Ruta 1,19,114,False,2026-04-02 22:00:00
2546,174,Leaf,Ruta 1,90,378,False,2026-06-17 05:00:00
2547,169,Leaf,Zona Safari,56,1349,False,2026-04-24 14:00:00
2548,154,Leaf,Zona Safari,37,873,True,2026-02-17 18:00:00
2549,192,Blue,Cueva Celeste,31,461,True,2026-05-04 02:00:00
2550,11,Blue,Isla Canela,97,698,True,2026-03-01 09:00:00
2551,59,Leaf,Cueva Celeste,75,1455,True,2026-04-14 20:00:00
2552,56,Red,Zona Safari,45,274,True,2026-01-27 08:00:00
2553,166,Red,Monte Moon,94,1287,True,2026-04-28 07:00:00
2554,60,Red,Ruta 1,65,390,True,2026-06-10 04:00:00
2555,152,Red,Zona Safari,11,70,True,2026-06-26 03:00:00
2556,168,Ash,Isla Canela,23,322,False,2026-04-18 15:00:00
2557,165,Blue,Cueva Celeste,66,349,True,2026-04-25 10:00:00
2558,150,Leaf,Monte Moon,76,2325,True,2026-05-12 19:00:00
2559,153,Red,Cueva Celeste,48,681,True,2026-03-15 18:00:00
2560,126,Brock,Isla Canela,83,1435,False,2026-02-08 20:00:00
2561,22,Leaf,Bosque Verde,61,945,True,2026-02-14 01:00:00
2562,7,Brock,Zona Safari,54,340,True,2026-06-25 19:00:00
2563,142,Blue,Bosque Verde,74,1332,False,2026-03-19 12:00:00
2564,91,Brock,Ruta 1,37,680,True,2026-05-09 21:00:00
2565,127,Leaf,Isla Canela,53,927,True,2026-02-19 18:00:00
2566,49,Red,Zona Safari,51,805,True,2026-02-28 13:00:00
2567,127,Misty,Cueva Celeste,71,1242,True,2026-01-16 04:00:00
2568,55,Blue,Isla Canela,14,244,False,2026-01-22 01:00:00
2569,179,Brock,Zona Safari,21,117,False,2026-06-02 03:00:00
2570,188,Brock,Ruta 1,8,95,False,2026-03-30 22:00:00
2571,131,Brock,Cueva Celeste,63,1178,False,2026-02-10 05:00:00
2572,126,Blue,Zona Safari,95,1643,True,2026-01-03 06:00:00
2573,200,Ash,Cueva Celeste,2,17,False,2026-03-16 18:00:00
2574,24,Ash,Isla Canela,67,1051,False,2026-05-04 09:00:00
2575,48,Leaf,Cueva Celeste,28,170,False,2026-04-15 10:00:00
2576,53,Leaf,Zona Safari,37,569,True,2026-03-21 06:00:00
2577,31,Blue,Zona Safari,91,2065,True,2026-05-06 13:00:00
2578,93,Blue,Zona Safari,47,667,False,2026-01-24 02:00:00
2579,12,Red,Cueva Celeste,25,445,True,2026-02-04 05:00:00
2580,137,Brock,Zona Safari,99,782,True,2026-06-27 06:00:00
2581,7,Leaf,Zona Safari,67,422,True,2026-06-13 00:00:00
2582,132,Brock,Ruta 1,86,868,False,2026-03-02 18:00:00
2583,197,Ash,Ruta 1,69,1269,True,2026-04-21 08:00:00
2584,185,Brock,Isla Canela,20,288,False,2026-05-20 00:00:00
2585,186,Misty,Ruta 1,93,2092,True,2026-05-07 14:00:00
2586,200,Blue,Monte Moon,26,226,False,2026-04-12 10:00:00
2587,82,Misty,Cueva Celeste,58,945,False,2026-03-01 01:00:00
2588,191,Brock,Isla Canela,64,230,True,2026-03-22 05:00:00
2589,119,Blue,Isla Canela,12,189,True,2026-03-14 13:00:00
2590,137,Red,Isla Canela,63,497,False,2026-03-25 01:00:00
2591,167,Ash,Monte Moon,73,365,True,2026-04-14 21:00:00
2592,99,Blue,Cueva Celeste,35,581,False,2026-01-13 13:00:00
2593,17,Red,Monte Moon,96,1171,False,2026-03-15 03:00:00
2594,49,Ash,Zona Safari,87,1374,False,2026-02-24 05:00:00
2595,1,Ash,Ruta 1,61,390,False,2026-01-12 19:00:00
2596,165,Misty,Ruta 1,50,265,True,2026-02-11 02:00:00
2597,146,Brock,Isla Canela,67,1748,False,2026-05-08 19:00:00
2598,137,Blue,Ruta 1,79,624,True,2026-03-17 09:00:00
2599,179,Leaf,Monte Moon,53,296,False,2026-05-21 04:00:00
2600,35,Red,Bosque Verde,72,813,True,2026-02-27 01:00:00
2601,109,Misty,Isla Canela,55,374,False,2026-04-13 13:00:00
2602,3,Red,Isla Canela,94,2218,True,2026-06-12 11:00:00
2603,39,Ash,Isla Canela,83,788,True,2026-06-13 05:00:00
2604,181,Blue,Cueva Celeste,42,966,False,2026-01-22 14:00:00
2605,116,Misty,Zona Safari,46,271,False,2026-02-12 23:00:00
2606,15,Blue,Isla Canela,3,53,False,2026-02-28 21:00:00
2607,85,Leaf,Monte Moon,31,511,True,2026-01-27 06:00:00
2608,129,Ash,Cueva Celeste,35,140,True,2026-01-19 13:00:00
2609,140,Blue,Isla Canela,33,234,True,2026-04-01 03:00:00
2610,134,Misty,Ruta 1,1,18,False,2026-06-14 13:00:00
2611,101,Blue,Isla Canela,24,412,True,2026-04-20 23:00:00
2612,129,Red,Bosque Verde,12,48,True,2026-06-21 16:00:00
2613,103,Brock,Ruta 1,40,744,True,2026-04-06 16:00:00
2614,140,Leaf,Bosque Verde,91,646,True,2026-03-27 06:00:00
2615,126,Misty,Bosque Verde,41,709,True,2026-03-26 05:00:00
2616,6,Misty,Bosque Verde,14,336,True,2026-04-17 13:00:00
2617,134,Misty,Cueva Celeste,19,349,False,2026-04-11 21:00:00
2618,21,Blue,Monte Moon,48,249,True,2026-06-02 14:00:00
2619,197,Red,Isla Canela,82,1508,True,2026-05-11 08:00:00
2620,13,Ash,Bosque Verde,46,179,False,2026-02-28 00:00:00
2621,170,Red,Ruta 1,44,290,False,2026-06-17 15:00:00
2622,27,Blue,Ruta 1,30,180,True,2026-05-23 01:00:00
2623,54,Red,Zona Safari,95,608,True,2026-06-05 13:00:00
2624,138,Red,Bosque Verde,7,49,True,2026-02-06 02:00:00
2625,163,Blue,Ruta 1,97,504,False,2026-01-25 12:00:00
2626,63,Misty,Ruta 1,9,55,True,2026-01-03 18:00:00
2627,37,Brock,Monte Moon,62,372,True,2026-04-23 05:00:00
2628,91,Blue,Bosque Verde,88,1619,True,2026-06-16 16:00:00
2629,111,Red,Ruta 1,5,34,False,2026-05-24 02:00:00
2630,140,Leaf,Isla Canela,44,312,False,2026-01-22 13:00:00
2631,74,Leaf,Ruta 1,94,564,False,2026-05-05 04:00:00
2632,13,Leaf,Cueva Celeste,71,276,False,2026-05-23 02:00:00
2633,109,Brock,Cueva Celeste,23,156,True,2026-06-03 11:00:00
2634,40,Blue,Isla Canela,90,1764,True,2026-03-28 07:00:00
2635,27,Brock,Monte Moon,18,108,False,2026-02-17 23:00:00
2636,37,Red,Isla Canela,72,432,True,2026-03-13 02:00:00
2637,75,Blue,Monte Moon,46,630,False,2026-02-26 02:00:00
2638,172,Leaf,Ruta 1,90,369,True,2026-05-08 09:00:00
2639,156,Brock,Isla Canela,20,284,False,2026-05-01 12:00:00
2640,195,Misty,Ruta 1,100,1510,False,2026-02-05 20:00:00
2641,80,Leaf,Bosque Verde,15,258,True,2026-03-21 08:00:00
2642,69,Ash,Zona Safari,64,384,True,2026-03-16 02:00:00
2643,128,Leaf,Zona Safari,6,103,False,2026-03-11 08:00:00
2644,53,Red,Zona Safari,25,385,False,2026-06-21 18:00:00
2645,12,Leaf,Zona Safari,40,712,True,2026-06-28 00:00:00
2646,101,Brock,Bosque Verde,25,430,True,2026-05-04 19:00:00
2647,72,Ash,Isla Canela,99,663,False,2026-05-25 04:00:00
2648,163,Ash,Bosque Verde,3,15,False,2026-03-11 01:00:00
2649,69,Misty,Bosque Verde,60,360,False,2026-04-25 15:00:00
2650,56,Ash,Cueva Celeste,91,555,True,2026-06-28 22:00:00
2651,89,Ash,Bosque Verde,72,1260,True,2026-06-03 00:00:00
2652,143,Brock,Isla Canela,81,1530,True,2026-04-22 16:00:00
2653,197,Misty,Zona Safari,47,864,False,2026-06-09 00:00:00
2654,181,Misty,Cueva Celeste,66,1518,False,2026-05-01 20:00:00
2655,51,Brock,Ruta 1,79,1177,True,2026-01-14 07:00:00
2656,8,Red,Bosque Verde,82,1164,False,2026-05-21 17:00:00
2657,48,Leaf,Isla Canela,33,201,False,2026-03-08 10:00:00
2658,4,Brock,Isla Canela,53,328,False,2026-04-29 08:00:00
2659,56,Brock,Isla Canela,30,183,False,2026-02-20 22:00:00
2660,47,Misty,Isla Canela,59,837,False,2026-03-14 22:00:00
2661,33,Leaf,Zona Safari,16,204,True,2026-05-10 05:00:00
2662,93,Misty,Cueva Celeste,87,1235,True,2026-05-21 03:00:00
2663,132,Ash,Cueva Celeste,74,747,False,2026-04-07 12:00:00
2664,132,Red,Zona Safari,43,434,True,2026-05-29 20:00:00
2665,176,Leaf,Bosque Verde,24,340,True,2026-05-26 15:00:00
2666,95,Ash,Cueva Celeste,78,600,False,2026-04-22 07:00:00
2667,106,Leaf,Ruta 1,38,604,False,2026-03-31 20:00:00
2668,154,Misty,Isla Canela,66,1557,False,2026-01-15 21:00:00
2669,30,Red,Ruta 1,97,1241,False,2026-01-21 14:00:00
2670,122,Leaf,Bosque Verde,22,354,True,2026-02-02 01:00:00
2671,32,Brock,Ruta 1,68,374,True,2026-03-06 17:00:00
2672,175,Brock,Bosque Verde,96,470,False,2026-06-08 04:00:00
2673,136,Brock,Cueva Celeste,98,1803,False,2026-02-09 03:00:00
2674,34,Red,Monte Moon,83,1884,False,2026-06-26 02:00:00
2675,182,Brock,Cueva Celeste,1,22,False,2026-01-10 08:00:00
2676,132,Brock,Zona Safari,96,969,True,2026-04-03 06:00:00
2677,129,Blue,Cueva Celeste,69,276,True,2026-03-21 07:00:00
2678,44,Brock,Ruta 1,72,993,True,2026-05-24 13:00:00
2679,86,Ash,Isla Canela,84,546,True,2026-01-19 22:00:00
2680,51,Leaf,Cueva Celeste,2,29,False,2026-06-17 20:00:00
2681,10,Brock,Zona Safari,82,319,False,2026-04-01 09:00:00
2682,165,Blue,Monte Moon,31,164,False,2026-01-30 02:00:00
2683,139,Misty,Monte Moon,21,363,True,2026-04-20 01:00:00
2684,112,Brock,Isla Canela,19,323,False,2026-03-07 00:00:00
2685,137,Blue,Cueva Celeste,55,434,False,2026-05-20 02:00:00
2686,191,Leaf,Ruta 1,15,54,True,2026-05-05 18:00:00
2687,83,Ash,Isla Canela,17,224,False,2026-01-23 15:00:00
2688,58,Brock,Monte Moon,22,154,True,2026-02-01 15:00:00
2689,31,Blue,Cueva Celeste,99,2247,False,2026-05-22 12:00:00
2690,129,Ash,Monte Moon,4,16,False,2026-05-12 19:00:00
2691,174,Red,Ruta 1,74,310,True,2026-05-04 20:00:00
2692,182,Leaf,Monte Moon,55,1215,False,2026-01-13 08:00:00
2693,32,Red,Bosque Verde,53,291,True,2026-04-27 19:00:00
2694,183,Red,Isla Canela,92,809,False,2026-01-11 08:00:00
2695,132,Blue,Bosque Verde,72,727,True,2026-02-12 21:00:00
2696,79,Ash,Monte Moon,57,359,True,2026-01-14 09:00:00
2697,64,Brock,Ruta 1,20,280,True,2026-02-10 04:00:00
2698,104,Misty,Ruta 1,16,102,False,2026-06-01 12:00:00
2699,89,Blue,Bosque Verde,1,17,True,2026-01-16 14:00:00
2700,127,Brock,Isla Canela,45,787,True,2026-04-11 19:00:00
2701,84,Ash,Zona Safari,25,155,True,2026-06-03 17:00:00
2702,139,Ash,Cueva Celeste,6,103,False,2026-06-05 18:00:00
2703,103,Red,Ruta 1,38,706,True,2026-06-13 21:00:00
2704,162,Blue,Ruta 1,22,319,False,2026-05-31 19:00:00
2705,178,Brock,Monte Moon,28,461,False,2026-03-16 10:00:00
2706,166,Misty,Monte Moon,83,1137,False,2026-05-14 19:00:00
2707,53,Red,Cueva Celeste,35,539,False,2026-06-02 02:00:00
2708,18,Blue,Isla Canela,36,777,False,2026-04-10 23:00:00
2709,100,Red,Cueva Celeste,31,204,False,2026-01-10 10:00:00
2710,170,Brock,Isla Canela,21,138,True,2026-01-20 12:00:00
2711,105,Misty,Bosque Verde,89,1326,False,2026-06-26 03:00:00
2712,88,Red,Bosque Verde,8,52,True,2026-01-25 22:00:00
2713,157,Misty,Zona Safari,62,1488,False,2026-06-26 02:00:00
2714,105,Brock,Isla Canela,2,29,False,2026-06-22 11:00:00
2715,116,Brock,Zona Safari,19,112,False,2026-06-10 17:00:00
2716,192,Blue,Isla Canela,18,268,False,2026-01-24 18:00:00
2717,69,Red,Zona Safari,4,24,True,2026-04-13 23:00:00
2718,198,Ash,Cueva Celeste,17,137,False,2026-01-31 15:00:00
2719,96,Misty,Isla Canela,27,178,False,2026-02-20 19:00:00
2720,102,Blue,Bosque Verde,16,104,False,2026-04-03 02:00:00
2721,48,Brock,Isla Canela,94,573,True,2026-05-26 20:00:00
2722,81,Blue,Monte Moon,92,598,True,2026-04-13 22:00:00
2723,117,Brock,Ruta 1,51,785,True,2026-04-09 06:00:00
2724,106,Leaf,Zona Safari,40,636,True,2026-06-13 11:00:00
2725,51,Red,Cueva Celeste,88,1311,True,2026-01-19 04:00:00
2726,176,Leaf,Isla Canela,85,1207,True,2026-01-31 20:00:00
2727,81,Red,Zona Safari,87,565,False,2026-05-17 11:00:00
2728,115,Ash,Zona Safari,24,412,True,2026-06-24 00:00:00
2729,92,Leaf,Bosque Verde,50,310,True,2026-03-06 21:00:00
2730,127,Red,Monte Moon,88,1540,False,2026-01-17 10:00:00
2731,100,Red,Zona Safari,99,653,False,2026-04-08 08:00:00
2732,173,Misty,Zona Safari,72,316,True,2026-01-15 09:00:00
2733,41,Ash,Bosque Verde,32,156,True,2026-04-07 18:00:00
2734,115,Brock,Zona Safari,7,120,True,2026-06-02 23:00:00
2735,125,Red,Isla Canela,44,756,True,2026-04-26 18:00:00
2736,92,Misty,Isla Canela,45,279,False,2026-03-25 10:00:00
2737,190,Blue,Zona Safari,11,79,True,2026-05-17 19:00:00
2738,166,Ash,Cueva Celeste,29,397,False,2026-02-14 04:00:00
2739,44,Leaf,Cueva Celeste,66,910,True,2026-04-16 20:00:00
2740,1,Ash,Zona Safari,64,409,True,2026-03-23 10:00:00
2741,159,Red,Cueva Celeste,68,965,True,2026-02-10 01:00:00
2742,31,Ash,Bosque Verde,48,1089,False,2026-06-25 14:00:00
2743,116,Misty,Ruta 1,45,265,True,2026-03-09 07:00:00
2744,61,Misty,Bosque Verde,49,661,True,2026-06-15 09:00:00
2745,79,Brock,Ruta 1,81,510,False,2026-01-08 23:00:00
2746,193,Red,Bosque Verde,84,655,False,2026-02-03 08:00:00
2747,155,Misty,Monte Moon,28,173,True,2026-01-25 10:00:00
2748,23,Brock,Ruta 1,63,365,True,2026-06-19 01:00:00
2749,157,Misty,Isla Canela,6,144,False,2026-03-30 02:00:00
2750,158,Brock,Bosque Verde,69,434,False,2026-04-02 18:00:00
2751,113,Blue,Monte Moon,68,2686,False,2026-06-26 11:00:00
2752,95,Brock,Bosque Verde,15,115,False,2026-02-24 15:00:00
2753,149,Ash,Monte Moon,100,2700,True,2026-01-06 21:00:00
2754,144,Brock,Zona Safari,88,2296,False,2026-05-29 21:00:00
2755,76,Blue,Cueva Celeste,7,156,False,2026-06-20 11:00:00
2756,64,Misty,Zona Safari,93,1302,True,2026-01-29 17:00:00
2757,4,Blue,Bosque Verde,100,620,True,2026-06-18 15:00:00
2758,35,Leaf,Monte Moon,67,757,False,2026-01-18 17:00:00
2759,2,Ash,Zona Safari,29,411,False,2026-05-11 18:00:00
2760,108,Red,Zona Safari,67,515,True,2026-03-22 10:00:00
2761,45,Leaf,Zona Safari,12,265,False,2026-06-08 20:00:00
2762,28,Misty,Bosque Verde,71,1121,True,2026-06-21 00:00:00
2763,181,Misty,Bosque Verde,76,1748,False,2026-04-07 06:00:00
2764,125,Red,Ruta 1,100,1720,True,2026-06-19 04:00:00
2765,159,Misty,Cueva Celeste,92,1306,True,2026-06-06 09:00:00
2766,136,Misty,Bosque Verde,41,754,False,2026-03-18 16:00:00
2767,168,Misty,Cueva Celeste,5,70,False,2026-04-22 16:00:00
2768,133,Leaf,Ruta 1,92,598,False,2026-02-08 12:00:00
2769,111,Red,Ruta 1,14,96,False,2026-02-24 20:00:00
2770,19,Red,Ruta 1,7,35,True,2026-05-07 15:00:00
2771,76,Blue,Isla Canela,25,557,False,2026-05-18 21:00:00
2772,40,Misty,Isla Canela,82,1607,True,2026-04-04 19:00:00
2773,11,Red,Zona Safari,13,93,True,2026-04-05 02:00:00
2774,49,Misty,Cueva Celeste,34,537,True,2026-03-31 16:00:00
2775,174,Brock,Ruta 1,82,344,False,2026-03-30 22:00:00
2776,58,Brock,Isla Canela,67,469,True,2026-04-28 02:00:00
2777,7,Leaf,Monte Moon,38,239,False,2026-05-09 15:00:00
2778,68,Leaf,Zona Safari,14,317,True,2026-04-08 10:00:00
2779,27,Leaf,Monte Moon,7,42,True,2026-06-20 16:00:00
2780,34,Blue,Bosque Verde,67,1520,False,2026-04-10 19:00:00
2781,41,Misty,Bosque Verde,78,382,True,2026-03-21 21:00:00
2782,28,Brock,Bosque Verde,91,1437,False,2026-02-13 05:00:00
2783,124,Brock,Ruta 1,3,47,False,2026-06-25 20:00:00
2784,186,Brock,Bosque Verde,27,607,True,2026-03-09 06:00:00
2785,30,Brock,Zona Safari,84,1075,True,2026-02-15 16:00:00
2786,193,Ash,Isla Canela,4,31,False,2026-04-09 05:00:00
2787,74,Misty,Zona Safari,43,258,False,2026-01-26 18:00:00
2788,42,Misty,Ruta 1,29,461,True,2026-04-30 18:00:00
2789,26,Misty,Ruta 1,9,196,False,2026-02-16 05:00:00
2790,196,Misty,Cueva Celeste,42,772,True,2026-03-28 06:00:00
2791,150,Leaf,Cueva Celeste,28,856,False,2026-02-12 16:00:00
2792,76,Blue,Zona Safari,5,111,True,2026-05-20 20:00:00
2793,61,Misty,Zona Safari,9,121,False,2026-01-22 13:00:00
2794,19,Red,Ruta 1,11,56,False,2026-06-13 08:00:00
2795,179,Blue,Cueva Celeste,28,156,True,2026-02-11 21:00:00
2796,155,Blue,Ruta 1,59,365,True,2026-06-23 14:00:00
2797,173,Misty,Bosque Verde,51,224,False,2026-01-10 18:00:00
2798,180,Brock,Monte Moon,50,640,True,2026-02-17 14:00:00
2799,56,Misty,Ruta 1,84,512,True,2026-02-19 21:00:00
2800,111,Blue,Ruta 1,68,469,True,2026-01-24 04:00:00
2801,196,Misty,Ruta 1,54,993,True,2026-03-25 07:00:00
2802,156,Brock,Zona Safari,83,1178,False,2026-04-08 17:00:00
2803,122,Brock,Zona Safari,58,933,True,2026-06-10 22:00:00
2804,58,Blue,Bosque Verde,56,392,False,2026-06-05 14:00:00
2805,48,Red,Ruta 1,9,54,True,2026-04-06 00:00:00
2806,190,Leaf,Bosque Verde,35,252,False,2026-06-21 01:00:00
2807,165,Misty,Ruta 1,12,63,True,2026-02-19 18:00:00
2808,161,Misty,Monte Moon,98,421,False,2026-01-14 20:00:00
2809,36,Brock,Isla Canela,82,1779,True,2026-03-05 19:00:00
2810,67,Red,Zona Safari,88,1249,True,2026-03-15 03:00:00
2811,88,Red,Ruta 1,55,357,True,2026-06-30 15:00:00
2812,179,Ash,Cueva Celeste,24,134,False,2026-05-19 07:00:00
2813,136,Ash,Monte Moon,86,1582,False,2026-01-14 19:00:00
2814,48,Red,Isla Canela,34,207,False,2026-05-14 09:00:00
2815,16,Ash,Ruta 1,50,250,False,2026-03-09 00:00:00
2816,146,Brock,Zona Safari,83,2166,True,2026-02-13 04:00:00
2817,189,Red,Monte Moon,55,1138,False,2026-06-07 22:00:00
2818,35,Ash,Bosque Verde,100,1130,True,2026-02-14 13:00:00
2819,185,Blue,Bosque Verde,68,979,False,2026-01-06 10:00:00
2820,170,Misty,Monte Moon,94,620,True,2026-06-10 11:00:00
2821,153,Misty,Bosque Verde,11,156,True,2026-03-30 06:00:00
2822,108,Ash,Monte Moon,42,323,True,2026-04-22 07:00:00
2823,8,Ash,Cueva Celeste,35,497,False,2026-01-09 23:00:00
2824,147,Leaf,Monte Moon,11,66,False,2026-04-30 00:00:00
2825,76,Brock,Ruta 1,97,2163,False,2026-01-22 23:00:00
2826,140,Misty,Bosque Verde,4,28,True,2026-02-18 18:00:00
2827,59,Blue,Ruta 1,65,1261,False,2026-02-22 06:00:00
2828,78,Ash,Isla Canela,24,420,False,2026-02-18 21:00:00
2829,45,Red,Bosque Verde,59,1303,False,2026-03-08 00:00:00
2830,143,Ash,Isla Canela,1,18,False,2026-03-24 04:00:00
2831,26,Brock,Ruta 1,22,479,True,2026-04-14 22:00:00
2832,72,Brock,Zona Safari,56,375,False,2026-03-11 07:00:00
2833,90,Red,Zona Safari,10,61,False,2026-02-15 03:00:00
2834,135,Leaf,Bosque Verde,96,1766,True,2026-04-28 11:00:00
2835,129,Leaf,Isla Canela,1,4,True,2026-02-20 09:00:00
2836,178,Blue,Monte Moon,97,1600,False,2026-06-03 23:00:00
2837,32,Red,Monte Moon,94,517,True,2026-04-22 18:00:00
2838,56,Leaf,Isla Canela,94,573,False,2026-04-26 00:00:00
2839,172,Misty,Isla Canela,19,77,False,2026-06-20 23:00:00
2840,135,Ash,Ruta 1,97,1784,False,2026-06-09 10:00:00
2841,10,Misty,Bosque Verde,96,374,False,2026-06-03 07:00:00
2842,1,Misty,Isla Canela,7,44,False,2026-02-07 03:00:00
2843,133,Misty,Cueva Celeste,43,279,True,2026-02-18 21:00:00
2844,30,Red,Isla Canela,41,524,False,2026-03-23 02:00:00
2845,157,Blue,Ruta 1,46,1104,False,2026-06-23 05:00:00
2846,128,Blue,Monte Moon,73,1255,False,2026-05-20 07:00:00
2847,148,Blue,Isla Canela,47,690,False,2026-03-03 16:00:00
2848,153,Ash,Monte Moon,27,383,False,2026-03-19 21:00:00
2849,40,Red,Monte Moon,28,548,False,2026-05-23 04:00:00
2850,1,Red,Isla Canela,61,390,True,2026-02-15 03:00:00
2851,34,Misty,Monte Moon,39,885,True,2026-06-02 04:00:00
2852,87,Leaf,Zona Safari,51,846,False,2026-01-17 23:00:00
2853,128,Ash,Zona Safari,2,34,True,2026-01-01 02:00:00
2854,184,Leaf,Ruta 1,12,226,False,2026-02-05 12:00:00
2855,132,Blue,Isla Canela,79,797,True,2026-05-11 03:00:00
2856,33,Blue,Isla Canela,21,268,True,2026-05-19 05:00:00
2857,15,Misty,Zona Safari,51,907,True,2026-02-27 23:00:00
2858,15,Brock,Monte Moon,41,729,False,2026-05-13 12:00:00
2859,35,Misty,Cueva Celeste,12,135,True,2026-05-03 23:00:00
2860,26,Leaf,Ruta 1,33,719,True,2026-04-12 19:00:00
2861,48,Ash,Cueva Celeste,32,195,True,2026-03-04 16:00:00
2862,89,Brock,Bosque Verde,4,70,False,2026-03-26 20:00:00
2863,114,Brock,Zona Safari,70,609,True,2026-01-31 04:00:00
2864,55,Misty,Ruta 1,75,1312,True,2026-05-21 13:00:00
2865,1,Red,Bosque Verde,68,435,True,2026-03-22 23:00:00
2866,96,Misty,Ruta 1,41,270,False,2026-04-07 14:00:00
2867,30,Red,Cueva Celeste,79,1011,True,2026-01-16 22:00:00
2868,145,Ash,Cueva Celeste,86,2244,False,2026-04-08 23:00:00
2869,30,Brock,Bosque Verde,7,89,True,2026-01-19 20:00:00
2870,4,Misty,Cueva Celeste,25,155,False,2026-05-01 04:00:00
2871,125,Red,Monte Moon,80,1376,False,2026-01-25 11:00:00
2872,8,Ash,Isla Canela,77,1093,True,2026-04-26 22:00:00
2873,198,Ash,Ruta 1,66,534,False,2026-01-18 13:00:00
2874,150,Misty,Isla Canela,27,826,True,2026-06-30 23:00:00
2875,35,Ash,Monte Moon,71,802,False,2026-01-09 07:00:00
2876,193,Ash,Isla Canela,20,156,False,2026-05-25 18:00:00
2877,18,Red,Ruta 1,84,1814,False,2026-05-31 02:00:00
2878,57,Red,Ruta 1,37,588,True,2026-04-03 23:00:00
2879,23,Red,Bosque Verde,10,58,True,2026-06-13 22:00:00
2880,154,Misty,Bosque Verde,15,354,False,2026-05-15 20:00:00
2881,166,Red,Isla Canela,47,643,False,2026-05-22 19:00:00
2882,71,Misty,Isla Canela,96,2121,False,2026-04-02 07:00:00
2883,90,Blue,Cueva Celeste,23,140,True,2026-03-29 10:00:00
2884,3,Red,Monte Moon,61,1439,False,2026-06-16 06:00:00
2885,70,Misty,Ruta 1,21,287,True,2026-05-26 13:00:00
2886,90,Ash,Zona Safari,13,79,True,2026-04-08 12:00:00
2887,40,Brock,Isla Canela,47,921,True,2026-06-05 20:00:00
2888,192,Ash,Bosque Verde,1,14,False,2026-02-08 22:00:00
2889,101,Red,Cueva Celeste,69,1186,True,2026-05-20 16:00:00
2890,135,Brock,Monte Moon,100,1840,True,2026-04-01 15:00:00
2891,24,Ash,Monte Moon,48,753,False,2026-03-18 08:00:00
2892,140,Ash,Ruta 1,1,7,True,2026-04-13 09:00:00
2893,143,Brock,Isla Canela,90,1701,True,2026-05-31 14:00:00
2894,54,Red,Zona Safari,87,556,False,2026-03-17 03:00:00
2895,187,Ash,Monte Moon,42,210,False,2026-04-30 11:00:00
2896,56,Red,Monte Moon,80,488,True,2026-01-11 16:00:00
2897,72,Brock,Cueva Celeste,32,214,True,2026-03-10 15:00:00
2898,30,Blue,Zona Safari,31,396,True,2026-04-02 04:00:00
2899,160,Brock,Monte Moon,91,2174,False,2026-03-28 05:00:00
2900,164,Red,Zona Safari,46,726,False,2026-04-16 17:00:00
2901,63,Brock,Monte Moon,64,396,True,2026-04-11 02:00:00
2902,165,Ash,Zona Safari,25,132,True,2026-05-20 05:00:00
2903,143,Blue,Bosque Verde,7,132,True,2026-06-04 03:00:00
2904,78,Brock,Monte Moon,26,455,False,2026-03-05 15:00:00
2905,114,Blue,Bosque Verde,61,530,True,2026-01-22 16:00:00
2906,19,Ash,Zona Safari,18,91,True,2026-02-27 08:00:00
2907,47,Misty,Isla Canela,53,752,False,2026-03-27 14:00:00
2908,20,Blue,Cueva Celeste,90,1305,True,2026-06-18 20:00:00
2909,114,Ash,Cueva Celeste,31,269,False,2026-02-05 03:00:00
2910,112,Misty,Zona Safari,94,1598,True,2026-01-17 15:00:00
2911,66,Brock,Monte Moon,26,158,True,2026-03-15 11:00:00
2912,21,Red,Isla Canela,25,130,True,2026-06-21 13:00:00
2913,133,Leaf,Ruta 1,95,617,False,2026-01-06 23:00:00
2914,186,Leaf,Ruta 1,56,1260,True,2026-01-30 12:00:00
2915,150,Red,Monte Moon,98,2998,True,2026-06-10 01:00:00
2916,186,Leaf,Isla Canela,65,1462,True,2026-05-22 15:00:00
2917,39,Brock,Bosque Verde,62,589,False,2026-04-30 16:00:00
2918,182,Misty,Zona Safari,27,596,True,2026-03-16 08:00:00
2919,157,Brock,Cueva Celeste,41,983,True,2026-03-11 11:00:00
2920,67,Brock,Isla Canela,62,880,True,2026-01-04 09:00:00
2921,92,Blue,Cueva Celeste,20,124,True,2026-03-20 03:00:00
2922,90,Blue,Bosque Verde,74,451,False,2026-05-20 03:00:00
2923,48,Ash,Bosque Verde,47,286,True,2026-02-08 15:00:00
2924,100,Leaf,Ruta 1,98,646,True,2026-02-06 20:00:00
2925,141,Ash,Ruta 1,67,1159,False,2026-04-08 15:00:00
2926,34,Ash,Isla Canela,42,953,False,2026-03-23 02:00:00
2927,7,Brock,Monte Moon,49,308,False,2026-02-07 11:00:00
2928,94,Brock,Zona Safari,39,877,False,2026-03-28 08:00:00
2929,153,Leaf,Bosque Verde,56,795,False,2026-04-24 16:00:00
2930,19,Red,Monte Moon,26,132,True,2026-02-07 05:00:00
2931,177,Blue,Zona Safari,94,601,False,2026-04-07 06:00:00
2932,43,Misty,Cueva Celeste,58,371,True,2026-04-05 16:00:00
2933,87,Misty,Monte Moon,32,531,False,2026-03-30 19:00:00
2934,162,Brock,Bosque Verde,20,290,True,2026-01-02 10:00:00
2935,177,Misty,Zona Safari,100,640,True,2026-04-14 01:00:00
2936,195,Blue,Cueva Celeste,99,1494,True,2026-03-15 16:00:00
2937,197,Red,Ruta 1,92,1692,True,2026-02-01 00:00:00
2938,39,Blue,Monte Moon,96,912,False,2026-06-29 13:00:00
2939,105,Leaf,Cueva Celeste,62,923,True,2026-01-29 09:00:00
2940,72,Red,Bosque Verde,55,368,False,2026-01-11 23:00:00
2941,101,Misty,Bosque Verde,75,1290,True,2026-02-21 01:00:00
2942,157,Misty,Monte Moon,39,936,False,2026-06-07 21:00:00
2943,186,Ash,Bosque Verde,50,1125,True,2026-04-07 04:00:00
2944,158,Ash,Isla Canela,49,308,False,2026-03-27 17:00:00
2945,47,Leaf,Zona Safari,53,752,True,2026-01-02 00:00:00
2946,27,Blue,Bosque Verde,51,306,True,2026-06-27 01:00:00
2947,62,Red,Ruta 1,83,1909,True,2026-02-08 19:00:00
2948,198,Misty,Zona Safari,35,283,False,2026-04-17 11:00:00
2949,79,Misty,Ruta 1,12,75,True,2026-03-19 02:00:00
2950,14,Brock,Bosque Verde,55,396,True,2026-06-15 18:00:00
2951,55,Brock,Isla Canela,100,1750,False,2026-02-14 16:00:00
2952,151,Red,Ruta 1,77,2079,False,2026-02-15 22:00:00
2953,193,Misty,Ruta 1,51,397,True,2026-06-14 22:00:00
2954,32,Leaf,Isla Canela,55,302,False,2026-04-20 09:00:00
2955,196,Leaf,Zona Safari,26,478,False,2026-02-05 07:00:00
2956,56,Ash,Bosque Verde,82,500,True,2026-04-24 16:00:00
2957,170,Brock,Cueva Celeste,18,118,True,2026-04-14 00:00:00
2958,1,Brock,Cueva Celeste,86,550,False,2026-01-02 11:00:00
2959,163,Leaf,Zona Safari,24,124,False,2026-01-18 14:00:00
2960,162,Blue,Bosque Verde,36,522,True,2026-04-11 03:00:00
2961,149,Ash,Bosque Verde,67,1809,False,2026-05-24 18:00:00
2962,109,Leaf,Ruta 1,30,204,False,2026-02-17 21:00:00
2963,24,Brock,Bosque Verde,22,345,False,2026-03-11 06:00:00
2964,65,Red,Bosque Verde,23,517,True,2026-05-21 05:00:00
2965,72,Ash,Isla Canela,75,502,False,2026-01-01 16:00:00
2966,3,Leaf,Monte Moon,14,330,True,2026-04-24 08:00:00
2967,14,Red,Isla Canela,48,345,True,2026-04-08 12:00:00
2968,128,Ash,Ruta 1,14,240,False,2026-01-26 08:00:00
2969,8,Blue,Cueva Celeste,27,383,False,2026-03-13 11:00:00
2970,115,Misty,Isla Canela,13,223,False,2026-05-17 00:00:00
2971,130,Brock,Bosque Verde,80,1512,True,2026-06-04 22:00:00
2972,131,Misty,Zona Safari,14,261,False,2026-04-02 03:00:00
2973,164,Leaf,Monte Moon,72,1137,True,2026-03-31 11:00:00
2974,198,Leaf,Ruta 1,17,137,False,2026-06-22 04:00:00
2975,1,Blue,Isla Canela,43,275,False,2026-02-13 11:00:00
2976,2,Ash,Zona Safari,34,482,True,2026-04-11 08:00:00
2977,89,Misty,Ruta 1,54,945,True,2026-02-19 19:00:00
2978,94,Misty,Isla Canela,77,1732,False,2026-04-04 06:00:00
2979,165,Brock,Isla Canela,3,15,False,2026-01-15 05:00:00
2980,89,Red,Isla Canela,31,542,False,2026-03-15 06:00:00
2981,164,Misty,Isla Canela,74,1169,True,2026-02-23 10:00:00
2982,149,Ash,Ruta 1,55,1485,False,2026-03-26 09:00:00
2983,195,Red,Bosque Verde,5,75,False,2026-01-10 14:00:00
2984,112,Ash,Cueva Celeste,27,459,True,2026-03-19 10:00:00
2985,84,Misty,Isla Canela,38,235,False,2026-04-24 14:00:00
2986,133,Brock,Bosque Verde,45,292,True,2026-02-27 08:00:00
2987,125,Brock,Bosque Verde,22,378,True,2026-05-02 22:00:00
2988,121,Red,Ruta 1,75,1365,True,2026-03-24 03:00:00
2989,3,Misty,Isla Canela,96,2265,True,2026-04-28 02:00:00
2990,196,Brock,Zona Safari,9,165,False,2026-03-06 12:00:00
2991,102,Misty,Monte Moon,60,390,False,2026-02-15 09:00:00
2992,95,Brock,Monte Moon,38,292,False,2026-02-23 08:00:00
2993,99,Leaf,Monte Moon,65,1079,True,2026-06-27 23:00:00
2994,38,Red,Zona Safari,44,778,False,2026-04-23 22:00:00
2995,79,Ash,Zona Safari,19,119,False,2026-04-20 22:00:00
2996,43,Blue,Monte Moon,54,345,True,2026-02-09 07:00:00
2997,120,Ash,Monte Moon,51,346,True,2026-04-27 05:00:00
2998,7,Ash,Cueva Celeste,61,384,False,2026-06-20 20:00:00
2999,13,Brock,Cueva Celeste,38,148,False,2026-04-05 21:00:00
3000,114,Ash,Zona Safari,51,443,False,2026-05-23 22:00:00
3001,126,Red,Monte Moon,21,363,True,2026-04-23 00:00:00
3002,154,Leaf,Cueva Celeste,66,1557,False,2026-02-06 05:00:00
3003,173,Misty,Zona Safari,91,400,True,2026-02-12 10:00:00
3004,106,Leaf,Ruta 1,63,1001,True,2026-04-07 16:00:00
3005,175,Red,Ruta 1,88,431,False,2026-01-21 06:00:00
3006,110,Red,Zona Safari,100,1720,False,2026-05-06 21:00:00
3007,179,Brock,Bosque Verde,98,548,True,2026-05-25 12:00:00
3008,198,Misty,Bosque Verde,88,712,False,2026-06-25 02:00:00
3009,83,Blue,Cueva Celeste,56,739,False,2026-04-18 16:00:00
3010,130,Leaf,Ruta 1,97,1833,True,2026-06-25 10:00:00
3011,105,Brock,Ruta 1,77,1147,True,2026-06-05 21:00:00
3012,143,Blue,Cueva Celeste,12,226,True,2026-03-15 11:00:00
3013,120,Red,Isla Canela,52,353,False,2026-05-03 01:00:00
3014,27,Blue,Isla Canela,31,186,False,2026-05-09 15:00:00
3015,188,Red,Ruta 1,8,95,False,2026-06-16 13:00:00
3016,160,Brock,Ruta 1,76,1816,True,2026-02-13 04:00:00
3017,14,Red,Cueva Celeste,86,619,True,2026-01-09 13:00:00
3018,56,Blue,Ruta 1,65,396,True,2026-04-24 15:00:00
3019,128,Blue,Isla Canela,21,361,True,2026-04-09 20:00:00
3020,24,Blue,Zona Safari,63,989,True,2026-05-20 05:00:00
3021,165,Brock,Ruta 1,16,84,True,2026-03-06 06:00:00
3022,172,Red,Cueva Celeste,34,139,False,2026-01-07 04:00:00
3023,113,Blue,Cueva Celeste,80,3160,True,2026-03-27 20:00:00
3024,179,Red,Bosque Verde,65,364,True,2026-03-28 17:00:00
3025,28,Leaf,Bosque Verde,78,1232,False,2026-04-08 15:00:00
3026,71,Red,Ruta 1,82,1812,False,2026-02-09 07:00:00
3027,29,Red,Zona Safari,76,418,False,2026-04-30 02:00:00
3028,162,Misty,Bosque Verde,79,1145,True,2026-03-17 10:00:00
3029,156,Misty,Isla Canela,57,809,False,2026-02-19 01:00:00
3030,50,Ash,Isla Canela,14,74,True,2026-03-18 10:00:00
3031,93,Leaf,Isla Canela,35,497,False,2026-01-01 02:00:00
3032,148,Misty,Bosque Verde,87,1278,True,2026-06-04 12:00:00
3033,39,Brock,Monte Moon,96,912,True,2026-04-19 07:00:00
3034,44,Leaf,Monte Moon,59,814,True,2026-03-02 10:00:00
3035,42,Blue,Isla Canela,68,1081,True,2026-02-26 08:00:00
3036,12,Ash,Zona Safari,7,124,False,2026-02-12 13:00:00
3037,59,Blue,Ruta 1,51,989,True,2026-06-24 23:00:00
3038,146,Leaf,Isla Canela,94,2453,True,2026-02-15 22:00:00
3039,86,Leaf,Ruta 1,67,435,False,2026-02-03 12:00:00
3040,109,Red,Isla Canela,99,673,False,2026-03-09 21:00:00
3041,55,Blue,Cueva Celeste,71,1242,False,2026-01-07 04:00:00
3042,190,Ash,Bosque Verde,4,28,True,2026-03-14 02:00:00
3043,161,Ash,Monte Moon,18,77,False,2026-06-22 17:00:00
3044,54,Misty,Bosque Verde,58,371,True,2026-06-10 06:00:00
3045,106,Red,Zona Safari,44,699,True,2026-01-26 03:00:00
3046,148,Brock,Ruta 1,96,1411,True,2026-03-22 04:00:00
3047,92,Ash,Cueva Celeste,29,179,False,2026-04-09 07:00:00
3048,152,Leaf,Monte Moon,33,211,True,2026-06-03 21:00:00
3049,125,Red,Ruta 1,61,1049,True,2026-01-20 00:00:00
3050,3,Misty,Cueva Celeste,65,1534,False,2026-04-06 05:00:00
3051,188,Leaf,Monte Moon,98,1166,True,2026-02-21 16:00:00
3052,145,Leaf,Isla Canela,67,1748,False,2026-02-12 03:00:00
3053,135,Brock,Zona Safari,55,1012,True,2026-02-10 07:00:00
3054,156,Leaf,Ruta 1,58,823,False,2026-02-03 13:00:00
3055,141,Misty,Monte Moon,29,501,True,2026-01-13 18:00:00
3056,169,Misty,Bosque Verde,19,457,False,2026-06-13 15:00:00
3057,25,Ash,Isla Canela,4,44,False,2026-02-15 06:00:00
3058,104,Leaf,Cueva Celeste,67,428,False,2026-05-02 11:00:00
3059,97,Misty,Monte Moon,3,50,True,2026-06-30 05:00:00
3060,186,Red,Ruta 1,67,1507,False,2026-03-17 19:00:00
3061,26,Brock,Cueva Celeste,43,937,True,2026-06-28 02:00:00
3062,100,Brock,Isla Canela,93,613,False,2026-06-26 05:00:00
3063,85,Ash,Ruta 1,78,1287,False,2026-01-18 16:00:00
3064,10,Red,Cueva Celeste,44,171,True,2026-04-12 19:00:00
3065,12,Misty,Monte Moon,69,1228,True,2026-06-15 03:00:00
3066,128,Ash,Monte Moon,46,791,True,2026-02-20 06:00:00
3067,78,Brock,Bosque Verde,66,1155,True,2026-01-01 21:00:00
3068,47,Ash,Bosque Verde,60,852,False,2026-01-21 14:00:00
3069,120,Red,Cueva Celeste,50,340,False,2026-03-15 18:00:00
3070,31,Brock,Bosque Verde,88,1997,False,2026-01-11 03:00:00
3071,2,Leaf,Zona Safari,95,1349,True,2026-02-06 19:00:00
3072,157,Brock,Cueva Celeste,95,2280,False,2026-03-17 07:00:00
3073,33,Red,Bosque Verde,10,128,False,2026-02-17 13:00:00
3074,103,Ash,Cueva Celeste,72,1339,False,2026-03-25 17:00:00
3075,90,Brock,Cueva Celeste,81,494,False,2026-04-16 10:00:00
3076,117,Blue,Isla Canela,19,292,False,2026-04-05 12:00:00
3077,178,Blue,Zona Safari,5,82,True,2026-05-05 01:00:00
3078,74,Leaf,Zona Safari,47,282,True,2026-04-22 04:00:00
3079,114,Leaf,Zona Safari,27,234,True,2026-06-18 20:00:00
3080,123,Leaf,Cueva Celeste,52,520,True,2026-01-04 19:00:00
3081,170,Leaf,Zona Safari,50,330,True,2026-04-30 19:00:00
3082,37,Red,Monte Moon,99,594,False,2026-04-14 14:00:00
3083,105,Misty,Monte Moon,66,983,True,2026-02-22 18:00:00
3084,122,Misty,Cueva Celeste,74,1191,False,2026-03-19 00:00:00
3085,13,Blue,Monte Moon,86,335,True,2026-01-13 00:00:00
3086,108,Leaf,Bosque Verde,52,400,True,2026-06-10 21:00:00
3087,50,Blue,Ruta 1,36,190,False,2026-06-06 03:00:00
3088,181,Red,Monte Moon,93,2139,False,2026-03-24 02:00:00
3089,21,Blue,Zona Safari,22,114,True,2026-05-06 00:00:00
3090,2,Blue,Isla Canela,8,113,True,2026-06-16 14:00:00
3091,149,Misty,Zona Safari,5,135,False,2026-01-12 15:00:00
3092,125,Brock,Monte Moon,87,1496,True,2026-06-26 21:00:00
3093,144,Leaf,Zona Safari,88,2296,True,2026-03-05 15:00:00
3094,168,Misty,Ruta 1,76,1064,False,2026-02-03 13:00:00
3095,60,Misty,Cueva Celeste,15,90,False,2026-05-19 18:00:00
3096,65,Ash,Isla Canela,86,1935,True,2026-05-15 12:00:00
3097,127,Blue,Cueva Celeste,92,1609,True,2026-06-05 10:00:00
3098,170,Blue,Isla Canela,79,521,True,2026-04-17 03:00:00
3099,177,Ash,Ruta 1,74,473,True,2026-01-30 06:00:00
3100,82,Leaf,Ruta 1,100,1630,True,2026-05-01 22:00:00
3101,131,Red,Bosque Verde,98,1832,False,2026-05-15 05:00:00
3102,175,Misty,Isla Canela,89,436,True,2026-02-23 14:00:00
3103,170,Ash,Cueva Celeste,71,468,True,2026-02-19 05:00:00
3104,32,Brock,Zona Safari,89,489,True,2026-05-15 12:00:00
3105,133,Blue,Monte Moon,25,162,True,2026-06-25 20:00:00
3106,165,Misty,Bosque Verde,8,42,True,2026-05-15 12:00:00
3107,113,Blue,Monte Moon,57,2251,False,2026-03-31 07:00:00
3108,170,Leaf,Cueva Celeste,88,580,False,2026-06-16 20:00:00
3109,53,Brock,Ruta 1,22,338,False,2026-02-27 04:00:00
3110,74,Red,Monte Moon,48,288,False,2026-04-14 04:00:00
3111,152,Leaf,Bosque Verde,16,102,False,2026-05-03 20:00:00
3112,35,Blue,Zona Safari,25,282,True,2026-02-01 02:00:00
3113,166,Brock,Monte Moon,43,589,True,2026-05-22 06:00:00
3114,167,Misty,Bosque Verde,47,235,False,2026-06-06 11:00:00
3115,78,Brock,Monte Moon,87,1522,False,2026-02-27 11:00:00
3116,136,Brock,Ruta 1,79,1453,True,2026-06-13 07:00:00
3117,31,Ash,Bosque Verde,20,454,True,2026-04-22 03:00:00
3118,109,Red,Isla Canela,12,81,True,2026-01-19 21:00:00
3119,49,Red,Bosque Verde,5,79,False,2026-03-18 16:00:00
3120,120,Blue,Ruta 1,54,367,True,2026-02-15 02:00:00
3121,47,Red,Cueva Celeste,14,198,False,2026-04-07 02:00:00
3122,36,Blue,Zona Safari,35,759,True,2026-03-05 06:00:00
3123,107,Blue,Zona Safari,10,159,True,2026-06-27 18:00:00
3124,151,Ash,Monte Moon,3,81,False,2026-04-27 23:00:00
3125,178,Misty,Ruta 1,91,1501,True,2026-04-19 20:00:00
3126,93,Misty,Zona Safari,54,766,True,2026-03-21 10:00:00
3127,112,Ash,Bosque Verde,17,289,True,2026-05-13 05:00:00
3128,172,Misty,Isla Canela,4,16,True,2026-02-05 08:00:00
3129,48,Leaf,Isla Canela,96,585,True,2026-05-13 07:00:00
3130,174,Brock,Isla Canela,88,369,True,2026-06-25 11:00:00
3131,151,Red,Zona Safari,5,135,False,2026-06-09 17:00:00
3132,169,Red,Isla Canela,82,1976,True,2026-06-22 16:00:00
3133,151,Red,Monte Moon,24,648,False,2026-06-22 15:00:00
3134,1,Blue,Ruta 1,92,588,True,2026-04-15 16:00:00
3135,58,Ash,Monte Moon,60,420,False,2026-05-29 20:00:00
3136,1,Blue,Zona Safari,87,556,False,2026-06-23 06:00:00
3137,132,Misty,Ruta 1,50,505,True,2026-02-25 05:00:00
3138,155,Brock,Ruta 1,94,582,True,2026-06-11 16:00:00
3139,103,Brock,Bosque Verde,73,1357,True,2026-06-15 07:00:00
3140,154,Ash,Isla Canela,61,1439,True,2026-05-17 17:00:00
3141,155,Brock,Bosque Verde,22,136,False,2026-06-04 09:00:00
3142,49,Brock,Zona Safari,11,173,True,2026-04-08 09:00:00
3143,111,Red,Isla Canela,70,483,True,2026-03-08 23:00:00
3144,115,Brock,Cueva Celeste,63,1083,True,2026-04-09 09:00:00
3145,177,Brock,Ruta 1,67,428,True,2026-01-28 20:00:00
3146,167,Blue,Isla Canela,9,45,False,2026-02-09 11:00:00
3147,108,Brock,Monte Moon,47,361,True,2026-05-13 06:00:00
3148,90,Ash,Bosque Verde,63,384,True,2026-05-08 00:00:00
3149,121,Leaf,Bosque Verde,68,1237,False,2026-05-19 23:00:00
3150,24,Misty,Monte Moon,76,1193,False,2026-01-25 05:00:00
3151,131,Blue,Bosque Verde,65,1215,False,2026-01-18 10:00:00
3152,70,Leaf,Cueva Celeste,3,41,True,2026-04-05 18:00:00
3153,67,Brock,Isla Canela,54,766,False,2026-06-29 06:00:00
3154,124,Brock,Ruta 1,23,365,False,2026-02-27 06:00:00
3155,60,Red,Isla Canela,19,114,True,2026-06-29 08:00:00
3156,132,Blue,Cueva Celeste,38,383,True,2026-04-10 02:00:00
3157,122,Ash,Cueva Celeste,67,1078,False,2026-03-22 09:00:00
3158,43,Ash,Bosque Verde,6,38,True,2026-03-02 04:00:00
3159,100,Brock,Zona Safari,82,541,False,2026-01-11 03:00:00
3160,47,Leaf,Ruta 1,71,1008,True,2026-06-19 13:00:00
3161,199,Blue,Bosque Verde,33,567,False,2026-04-04 17:00:00
3162,116,Ash,Monte Moon,92,542,True,2026-05-06 03:00:00
3163,136,Misty,Bosque Verde,46,846,True,2026-04-28 05:00:00
3164,129,Red,Monte Moon,97,388,True,2026-04-14 16:00:00
3165,41,Ash,Isla Canela,81,396,False,2026-06-22 10:00:00
3166,179,Red,Cueva Celeste,64,358,False,2026-01-20 07:00:00
3167,136,Brock,Ruta 1,7,128,True,2026-02-20 12:00:00
3168,51,Ash,Ruta 1,7,104,True,2026-02-14 05:00:00
3169,151,Ash,Zona Safari,57,1539,False,2026-05-02 06:00:00
3170,129,Misty,Cueva Celeste,78,312,False,2026-02-15 15:00:00
3171,136,Ash,Monte Moon,73,1343,False,2026-03-31 13:00:00
3172,44,Blue,Monte Moon,26,358,False,2026-01-12 21:00:00
3173,64,Red,Isla Canela,30,420,True,2026-06-07 18:00:00
3174,32,Leaf,Monte Moon,31,170,True,2026-06-06 07:00:00
3175,175,Brock,Ruta 1,52,254,False,2026-05-11 22:00:00
3176,115,Misty,Monte Moon,15,258,False,2026-02-28 20:00:00
3177,115,Misty,Cueva Celeste,59,1014,True,2026-02-19 22:00:00
3178,123,Misty,Cueva Celeste,85,850,True,2026-03-04 10:00:00
3179,124,Red,Ruta 1,10,159,True,2026-02-23 05:00:00
3180,187,Leaf,Zona Safari,51,254,False,2026-01-10 07:00:00
3181,160,Red,Monte Moon,97,2318,False,2026-04-19 10:00:00
3182,92,Brock,Cueva Celeste,9,55,True,2026-05-05 16:00:00
3183,138,Misty,Cueva Celeste,72,511,True,2026-01-01 18:00:00
3184,151,Brock,Cueva Celeste,87,2349,False,2026-04-26 22:00:00
3185,10,Blue,Ruta 1,50,195,False,2026-03-08 09:00:00
3186,152,Ash,Ruta 1,21,134,False,2026-01-02 09:00:00
3187,145,Leaf,Zona Safari,36,939,False,2026-06-20 16:00:00
3188,108,Ash,Zona Safari,90,693,True,2026-04-14 16:00:00
3189,52,Misty,Monte Moon,34,197,True,2026-06-08 16:00:00
3190,90,Blue,Bosque Verde,78,475,False,2026-06-15 14:00:00
3191,156,Ash,Ruta 1,95,1349,True,2026-05-02 11:00:00
3192,167,Ash,Monte Moon,15,75,False,2026-05-24 12:00:00
3193,35,Ash,Bosque Verde,12,135,True,2026-01-29 07:00:00
3194,180,Red,Bosque Verde,17,217,False,2026-04-07 01:00:00
3195,115,Ash,Isla Canela,29,498,False,2026-03-27 05:00:00
3196,92,Misty,Cueva Celeste,90,558,True,2026-04-06 09:00:00
3197,98,Misty,Bosque Verde,93,604,True,2026-06-05 20:00:00
3198,23,Red,Cueva Celeste,55,319,True,2026-02-14 23:00:00
3199,81,Leaf,Isla Canela,6,39,True,2026-03-22 18:00:00
3200,106,Brock,Zona Safari,72,1144,True,2026-01-26 08:00:00
3201,137,Blue,Cueva Celeste,22,173,False,2026-03-31 01:00:00
3202,30,Red,Cueva Celeste,14,179,True,2026-04-10 09:00:00
3203,59,Misty,Monte Moon,87,1687,True,2026-06-21 01:00:00
3204,194,Brock,Zona Safari,42,176,False,2026-01-07 09:00:00
3205,36,Blue,Bosque Verde,24,520,False,2026-01-26 22:00:00
3206,32,Misty,Ruta 1,34,187,True,2026-05-24 05:00:00
3207,87,Red,Isla Canela,70,1162,False,2026-06-29 09:00:00
3208,187,Brock,Cueva Celeste,34,170,False,2026-05-26 00:00:00
3209,99,Ash,Monte Moon,2,33,False,2026-02-26 05:00:00
3210,180,Blue,Isla Canela,98,1254,True,2026-01-08 08:00:00
3211,139,Blue,Monte Moon,20,346,False,2026-05-14 03:00:00
3212,117,Ash,Cueva Celeste,73,1124,False,2026-04-01 17:00:00
3213,15,Brock,Zona Safari,94,1673,False,2026-01-08 08:00:00
3214,52,Ash,Zona Safari,55,319,False,2026-01-06 05:00:00
3215,95,Leaf,Isla Canela,63,485,True,2026-02-12 12:00:00
3216,165,Blue,Isla Canela,34,180,True,2026-02-15 01:00:00
3217,191,Leaf,Isla Canela,33,118,False,2026-03-16 17:00:00
3218,121,Misty,Monte Moon,34,618,False,2026-02-06 10:00:00
3219,143,Leaf,Ruta 1,50,945,False,2026-06-23 14:00:00
3220,20,Leaf,Zona Safari,28,406,True,2026-01-07 17:00:00
3221,160,Red,Zona Safari,72,1720,True,2026-05-13 04:00:00
3222,150,Red,Monte Moon,17,520,True,2026-06-17 20:00:00
3223,78,Misty,Cueva Celeste,82,1434,True,2026-02-14 13:00:00
3224,149,Leaf,Monte Moon,67,1809,False,2026-04-12 06:00:00
3225,137,Blue,Isla Canela,51,402,False,2026-03-20 16:00:00
3226,118,Brock,Monte Moon,6,38,True,2026-06-14 04:00:00
3227,166,Brock,Monte Moon,87,1191,True,2026-02-17 00:00:00
3228,73,Blue,Isla Canela,64,1152,True,2026-06-27 11:00:00
3229,125,Ash,Isla Canela,25,430,True,2026-05-30 03:00:00
3230,102,Ash,Isla Canela,31,201,True,2026-04-25 20:00:00
3231,46,Brock,Zona Safari,14,79,False,2026-02-25 12:00:00
3232,125,Leaf,Isla Canela,84,1444,True,2026-06-01 04:00:00
3233,179,Ash,Bosque Verde,85,476,False,2026-04-29 17:00:00
3234,189,Brock,Bosque Verde,19,393,False,2026-06-19 00:00:00
3235,23,Misty,Zona Safari,34,197,True,2026-03-22 18:00:00
3236,90,Misty,Isla Canela,64,390,False,2026-01-01 05:00:00
3237,133,Red,Ruta 1,83,539,True,2026-02-06 08:00:00
3238,3,Brock,Monte Moon,35,826,True,2026-02-06 15:00:00
3239,15,Brock,Cueva Celeste,52,925,True,2026-05-13 07:00:00
3240,21,Blue,Bosque Verde,35,182,False,2026-06-09 07:00:00
3241,67,Leaf,Ruta 1,69,979,False,2026-04-10 13:00:00
3242,179,Brock,Bosque Verde,25,140,False,2026-03-10 11:00:00
3243,134,Misty,Ruta 1,13,239,False,2026-02-26 17:00:00
3244,98,Leaf,Cueva Celeste,31,201,False,2026-06-09 12:00:00
3245,168,Blue,Zona Safari,82,1148,False,2026-03-27 09:00:00
3246,143,Ash,Zona Safari,5,94,True,2026-05-23 03:00:00
3247,40,Ash,Monte Moon,58,1136,True,2026-04-26 23:00:00
3248,37,Ash,Cueva Celeste,86,516,True,2026-02-24 06:00:00
3249,128,Ash,Zona Safari,16,275,True,2026-02-27 07:00:00
3250,53,Leaf,Cueva Celeste,5,77,True,2026-03-23 10:00:00
3251,140,Leaf,Cueva Celeste,83,589,False,2026-02-18 00:00:00
3252,138,Ash,Ruta 1,89,631,True,2026-01-06 22:00:00
3253,62,Brock,Bosque Verde,69,1587,False,2026-01-23 21:00:00
3254,13,Ash,Monte Moon,23,89,False,2026-03-24 15:00:00
3255,82,Brock,Ruta 1,82,1336,False,2026-01-09 07:00:00
3256,141,Ash,Monte Moon,15,259,False,2026-04-02 07:00:00
3257,109,Misty,Bosque Verde,84,571,False,2026-05-12 03:00:00
3258,45,Leaf,Zona Safari,52,1149,False,2026-03-02 01:00:00
3259,11,Leaf,Zona Safari,41,295,False,2026-01-19 09:00:00
3260,189,Ash,Monte Moon,45,931,False,2026-06-18 17:00:00
3261,68,Brock,Isla Canela,37,839,True,2026-06-16 20:00:00
3262,195,Misty,Bosque Verde,28,422,False,2026-02-03 12:00:00
3263,118,Leaf,Monte Moon,6,38,True,2026-04-11 15:00:00
3264,56,Misty,Zona Safari,3,18,False,2026-03-24 15:00:00
3265,199,Ash,Isla Canela,6,103,False,2026-01-29 01:00:00
3266,72,Brock,Ruta 1,47,314,False,2026-03-16 21:00:00
3267,121,Blue,Zona Safari,60,1092,True,2026-06-04 20:00:00
3268,67,Brock,Zona Safari,70,994,False,2026-04-21 02:00:00
3269,102,Misty,Isla Canela,51,331,False,2026-04-22 09:00:00
3270,59,Misty,Isla Canela,3,58,True,2026-03-22 16:00:00
3271,2,Ash,Ruta 1,68,965,True,2026-01-26 22:00:00
3272,177,Misty,Bosque Verde,43,275,False,2026-01-19 16:00:00
3273,22,Red,Bosque Verde,40,620,True,2026-04-11 12:00:00
3274,145,Brock,Ruta 1,5,130,True,2026-06-09 01:00:00
3275,87,Ash,Zona Safari,16,265,False,2026-03-21 07:00:00
3276,78,Ash,Isla Canela,94,1645,False,2026-05-28 12:00:00
3277,179,Leaf,Monte Moon,56,313,False,2026-02-14 02:00:00
3278,109,Misty,Zona Safari,93,632,False,2026-02-05 10:00:00
3279,65,Leaf,Isla Canela,8,180,True,2026-03-24 00:00:00
3280,61,Brock,Isla Canela,9,121,False,2026-05-22 11:00:00
3281,127,Red,Cueva Celeste,94,1645,False,2026-06-25 03:00:00
3282,116,Brock,Cueva Celeste,88,519,False,2026-02-27 13:00:00
3283,72,Leaf,Zona Safari,13,87,False,2026-02-21 21:00:00
3284,68,Blue,Isla Canela,1,22,True,2026-02-02 18:00:00
3285,33,Leaf,Monte Moon,36,460,True,2026-04-29 09:00:00
3286,29,Blue,Zona Safari,69,379,True,2026-06-11 12:00:00
3287,6,Leaf,Cueva Celeste,96,2304,True,2026-02-23 20:00:00
3288,7,Leaf,Cueva Celeste,36,226,False,2026-04-19 11:00:00
3289,130,Leaf,Zona Safari,40,756,True,2026-01-23 22:00:00
3290,56,Ash,Monte Moon,68,414,False,2026-03-23 04:00:00
3291,189,Leaf,Monte Moon,83,1718,False,2026-06-16 01:00:00
3292,185,Ash,Isla Canela,77,1108,False,2026-06-06 23:00:00
3293,40,Brock,Ruta 1,41,803,False,2026-06-02 06:00:00
3294,25,Blue,Ruta 1,5,56,True,2026-06-01 11:00:00
3295,183,Misty,Cueva Celeste,65,572,False,2026-01-02 11:00:00
3296,57,Misty,Bosque Verde,49,779,True,2026-01-12 01:00:00
3297,165,Ash,Isla Canela,67,355,True,2026-02-03 10:00:00
3298,31,Ash,Bosque Verde,92,2088,False,2026-04-18 16:00:00
3299,147,Misty,Monte Moon,36,216,True,2026-04-26 09:00:00
3300,198,Misty,Cueva Celeste,51,413,True,2026-06-11 17:00:00
3301,50,Red,Zona Safari,60,318,False,2026-06-25 04:00:00
3302,51,Brock,Monte Moon,76,1132,False,2026-02-17 02:00:00
3303,173,Misty,Ruta 1,82,360,False,2026-06-03 14:00:00
3304,146,Red,Cueva Celeste,42,1096,True,2026-02-07 09:00:00
3305,21,Red,Ruta 1,32,166,False,2026-01-09 18:00:00
3306,11,Red,Monte Moon,92,662,False,2026-05-10 15:00:00
3307,153,Red,Isla Canela,94,1334,False,2026-06-23 12:00:00
3308,12,Red,Isla Canela,89,1584,False,2026-03-15 12:00:00
3309,150,Red,Bosque Verde,19,581,True,2026-06-04 09:00:00
3310,124,Red,Cueva Celeste,81,1287,False,2026-04-24 18:00:00
3311,66,Misty,Monte Moon,23,140,False,2026-05-03 21:00:00
3312,13,Leaf,Isla Canela,35,136,False,2026-04-24 09:00:00
3313,139,Brock,Bosque Verde,84,1453,True,2026-03-25 00:00:00
3314,108,Red,Cueva Celeste,59,454,True,2026-06-25 02:00:00
3315,137,Red,Monte Moon,86,679,True,2026-04-13 13:00:00
3316,191,Misty,Monte Moon,71,255,False,2026-06-15 05:00:00
3317,40,Blue,Ruta 1,93,1822,True,2026-03-19 02:00:00
3318,59,Red,Bosque Verde,88,1707,False,2026-06-02 20:00:00
3319,19,Ash,Cueva Celeste,55,280,False,2026-03-01 19:00:00
3320,145,Leaf,Ruta 1,27,704,True,2026-01-14 05:00:00
3321,140,Ash,Zona Safari,15,106,False,2026-04-07 07:00:00
3322,106,Blue,Monte Moon,87,1383,False,2026-06-17 22:00:00
3323,5,Leaf,Cueva Celeste,47,667,True,2026-01-05 21:00:00
3324,17,Brock,Bosque Verde,63,768,False,2026-03-14 02:00:00
3325,134,Leaf,Cueva Celeste,66,1214,False,2026-05-29 23:00:00
3326,94,Red,Bosque Verde,85,1912,False,2026-01-07 08:00:00
3327,89,Red,Cueva Celeste,66,1155,True,2026-06-01 06:00:00
3328,146,Leaf,Ruta 1,80,2088,True,2026-06-02 11:00:00
3329,135,Blue,Isla Canela,2,36,False,2026-05-08 23:00:00
3330,66,Red,Isla Canela,12,73,False,2026-05-24 03:00:00
3331,98,Leaf,Bosque Verde,85,552,False,2026-03-13 23:00:00
3332,117,Blue,Monte Moon,8,123,False,2026-02-01 13:00:00
3333,144,Red,Ruta 1,95,2479,True,2026-04-03 11:00:00
3334,151,Blue,Monte Moon,91,2457,True,2026-04-16 11:00:00
3335,99,Red,Monte Moon,69,1145,True,2026-01-13 17:00:00
3336,164,Ash,Zona Safari,23,363,True,2026-05-07 11:00:00
3337,46,Misty,Monte Moon,72,410,False,2026-05-08 12:00:00
3338,14,Red,Zona Safari,49,352,False,2026-03-31 17:00:00
3339,58,Ash,Bosque Verde,22,154,False,2026-06-21 13:00:00
3340,181,Brock,Isla Canela,81,1863,True,2026-01-06 20:00:00
3341,127,Misty,Cueva Celeste,52,910,True,2026-05-14 22:00:00
3342,24,Leaf,Isla Canela,75,1177,True,2026-05-08 16:00:00
3343,160,Ash,Cueva Celeste,16,382,False,2026-02-12 18:00:00
3344,25,Red,Cueva Celeste,97,1086,False,2026-02-17 05:00:00
3345,2,Leaf,Zona Safari,55,781,False,2026-06-05 01:00:00
3346,63,Leaf,Cueva Celeste,37,229,False,2026-02-04 05:00:00
3347,23,Blue,Bosque Verde,43,249,True,2026-03-25 06:00:00
3348,109,Brock,Isla Canela,25,170,False,2026-05-19 17:00:00
3349,135,Brock,Ruta 1,28,515,True,2026-04-02 11:00:00
3350,134,Ash,Zona Safari,88,1619,False,2026-03-03 15:00:00
3351,37,Ash,Cueva Celeste,70,420,False,2026-05-11 20:00:00
3352,73,Red,Isla Canela,21,378,False,2026-06-08 18:00:00
3353,16,Ash,Isla Canela,34,170,False,2026-01-15 23:00:00
3354,83,Ash,Bosque Verde,43,567,True,2026-06-09 05:00:00
3355,136,Misty,Isla Canela,8,147,True,2026-03-22 09:00:00
3356,187,Misty,Monte Moon,29,145,False,2026-02-02 19:00:00
3357,10,Ash,Monte Moon,41,159,False,2026-06-09 07:00:00
3358,68,Leaf,Isla Canela,6,136,False,2026-03-07 21:00:00
3359,163,Misty,Monte Moon,36,187,False,2026-05-24 15:00:00
3360,16,Leaf,Bosque Verde,3,15,True,2026-04-09 05:00:00
3361,57,Leaf,Monte Moon,82,1303,False,2026-01-29 14:00:00
3362,127,Red,Cueva Celeste,88,1540,False,2026-03-16 07:00:00
3363,74,Red,Isla Canela,80,480,False,2026-06-17 07:00:00
3364,193,Ash,Isla Canela,80,624,True,2026-05-02 19:00:00
3365,29,Misty,Bosque Verde,58,319,False,2026-01-26 15:00:00
3366,84,Misty,Ruta 1,49,303,True,2026-06-23 19:00:00
3367,6,Leaf,Ruta 1,65,1560,False,2026-06-06 08:00:00
3368,129,Brock,Cueva Celeste,80,320,False,2026-05-19 21:00:00
3369,35,Ash,Zona Safari,38,429,False,2026-03-06 08:00:00
3370,117,Leaf,Isla Canela,47,723,True,2026-04-29 19:00:00
3371,178,Ash,Ruta 1,41,676,True,2026-01-09 22:00:00
3372,170,Brock,Ruta 1,59,389,True,2026-02-19 01:00:00
3373,166,Red,Cueva Celeste,23,315,True,2026-01-12 09:00:00
3374,116,Brock,Zona Safari,15,88,True,2026-03-22 04:00:00
3375,13,Red,Bosque Verde,74,288,True,2026-02-02 07:00:00
3376,50,Leaf,Ruta 1,88,466,True,2026-03-04 22:00:00
3377,71,Ash,Bosque Verde,41,906,False,2026-04-19 09:00:00
3378,158,Ash,Isla Canela,34,214,True,2026-06-12 08:00:00
3379,66,Misty,Isla Canela,52,317,True,2026-01-28 20:00:00
3380,71,Ash,Isla Canela,68,1502,True,2026-01-02 04:00:00
3381,167,Ash,Cueva Celeste,34,170,True,2026-04-22 04:00:00
3382,104,Ash,Isla Canela,84,537,False,2026-01-27 06:00:00
3383,75,Misty,Isla Canela,32,438,True,2026-03-05 10:00:00
3384,65,Red,Zona Safari,77,1732,True,2026-06-23 20:00:00
3385,29,Leaf,Zona Safari,67,368,True,2026-02-08 21:00:00
3386,124,Blue,Isla Canela,8,127,True,2026-05-15 04:00:00
3387,105,Misty,Cueva Celeste,4,59,True,2026-05-11 17:00:00
3388,38,Leaf,Ruta 1,39,690,True,2026-01-17 06:00:00
3389,132,Blue,Bosque Verde,57,575,True,2026-02-25 15:00:00
3390,142,Leaf,Isla Canela,8,144,True,2026-05-06 17:00:00
3391,35,Red,Monte Moon,23,259,True,2026-04-18 21:00:00
3392,98,Red,Cueva Celeste,77,500,False,2026-05-23 20:00:00
3393,58,Ash,Cueva Celeste,44,308,False,2026-03-17 18:00:00
3394,133,Ash,Isla Canela,92,598,True,2026-03-28 18:00:00
3395,148,Misty,Bosque Verde,45,661,False,2026-01-08 04:00:00
3396,123,Ash,Isla Canela,3,30,True,2026-05-16 19:00:00
3397,159,Red,Ruta 1,88,1249,False,2026-05-24 23:00:00
3398,95,Leaf,Monte Moon,71,546,False,2026-04-22 19:00:00
3399,3,Brock,Bosque Verde,46,1085,True,2026-06-14 02:00:00
3400,46,Blue,Ruta 1,67,381,True,2026-02-13 08:00:00
3401,48,Brock,Bosque Verde,42,256,True,2026-06-02 09:00:00
3402,179,Leaf,Zona Safari,8,44,False,2026-02-17 15:00:00
3403,64,Misty,Monte Moon,51,714,True,2026-03-11 16:00:00
3404,74,Ash,Monte Moon,65,390,True,2026-02-11 03:00:00
3405,161,Misty,Ruta 1,4,17,False,2026-03-27 23:00:00
3406,74,Ash,Cueva Celeste,99,594,True,2026-04-26 12:00:00
3407,195,Misty,Monte Moon,41,619,False,2026-02-22 02:00:00
3408,178,Leaf,Monte Moon,22,363,False,2026-01-29 01:00:00
3409,158,Misty,Isla Canela,32,201,True,2026-05-15 05:00:00
3410,34,Brock,Cueva Celeste,56,1271,False,2026-04-30 20:00:00
3411,176,Ash,Ruta 1,88,1249,False,2026-03-21 07:00:00
3412,54,Blue,Ruta 1,34,217,False,2026-02-26 12:00:00
3413,198,Blue,Isla Canela,22,178,True,2026-04-01 00:00:00
3414,124,Leaf,Bosque Verde,1,15,False,2026-05-29 18:00:00
3415,38,Brock,Bosque Verde,52,920,True,2026-06-14 20:00:00
3416,63,Misty,Cueva Celeste,76,471,False,2026-05-30 23:00:00
3417,33,Ash,Monte Moon,71,908,True,2026-06-28 18:00:00
3418,70,Blue,Bosque Verde,71,972,True,2026-04-09 03:00:00
3419,153,Brock,Isla Canela,87,1235,False,2026-01-07 09:00:00
3420,104,Red,Zona Safari,52,332,False,2026-01-06 15:00:00
3421,148,Misty,Cueva Celeste,39,573,False,2026-05-06 15:00:00
3422,105,Ash,Bosque Verde,13,193,True,2026-01-01 03:00:00
3423,83,Blue,Zona Safari,9,118,True,2026-02-04 19:00:00
3424,26,Red,Isla Canela,44,959,True,2026-01-30 17:00:00
3425,174,Blue,Cueva Celeste,78,327,False,2026-02-20 15:00:00
3426,106,Blue,Ruta 1,13,206,False,2026-05-02 22:00:00
3427,174,Ash,Ruta 1,73,306,False,2026-02-23 01:00:00
3428,56,Blue,Zona Safari,88,536,True,2026-05-07 19:00:00
3429,196,Ash,Isla Canela,1,18,True,2026-04-03 16:00:00
3430,106,Leaf,Cueva Celeste,67,1065,True,2026-06-30 05:00:00
3431,108,Ash,Bosque Verde,12,92,True,2026-01-24 17:00:00
3432,9,Ash,Monte Moon,85,2031,False,2026-01-05 15:00:00
3433,55,Red,Monte Moon,24,420,True,2026-02-10 19:00:00
3434,144,Leaf,Monte Moon,53,1383,False,2026-02-25 22:00:00
3435,16,Ash,Cueva Celeste,32,160,False,2026-03-18 06:00:00
3436,25,Misty,Isla Canela,27,302,False,2026-03-22 06:00:00
3437,20,Brock,Isla Canela,5,72,False,2026-01-19 21:00:00
3438,180,Ash,Isla Canela,13,166,True,2026-03-17 08:00:00
3439,68,Ash,Ruta 1,13,295,True,2026-04-10 20:00:00
3440,145,Brock,Ruta 1,34,887,True,2026-02-13 22:00:00
3441,64,Brock,Bosque Verde,59,826,False,2026-05-21 01:00:00
3442,63,Red,Bosque Verde,19,117,False,2026-01-25 03:00:00
3443,62,Leaf,Cueva Celeste,13,299,True,2026-02-08 08:00:00
3444,118,Brock,Monte Moon,81,518,False,2026-01-17 09:00:00
3445,107,Red,Ruta 1,21,333,False,2026-05-22 03:00:00
3446,23,Misty,Ruta 1,17,98,True,2026-01-04 07:00:00
3447,189,Blue,Cueva Celeste,90,1863,True,2026-01-10 10:00:00
3448,158,Red,Bosque Verde,23,144,True,2026-01-28 17:00:00
3449,86,Red,Ruta 1,5,32,False,2026-04-07 12:00:00
3450,31,Brock,Ruta 1,42,953,True,2026-06-10 03:00:00
3451,43,Red,Cueva Celeste,22,140,True,2026-02-01 13:00:00
3452,122,Brock,Cueva Celeste,23,370,True,2026-02-12 20:00:00
3453,110,Blue,Isla Canela,17,292,True,2026-05-07 22:00:00
3454,107,Leaf,Ruta 1,36,572,True,2026-05-10 06:00:00
3455,80,Misty,Bosque Verde,95,1634,True,2026-03-03 13:00:00
3456,32,Blue,Isla Canela,62,341,False,2026-06-09 12:00:00
3457,80,Blue,Zona Safari,9,154,False,2026-05-12 21:00:00
3458,170,Red,Zona Safari,36,237,False,2026-06-13 17:00:00
3459,77,Leaf,Monte Moon,92,754,True,2026-01-15 23:00:00
3460,115,Leaf,Monte Moon,50,860,True,2026-06-24 12:00:00
3461,98,Blue,Zona Safari,89,578,True,2026-01-19 14:00:00
3462,24,Blue,Zona Safari,12,188,True,2026-02-22 18:00:00
3463,91,Ash,Monte Moon,31,570,False,2026-02-13 17:00:00
3464,55,Blue,Ruta 1,25,437,True,2026-01-08 18:00:00
3465,120,Leaf,Cueva Celeste,1,6,False,2026-05-31 09:00:00
3466,130,Ash,Cueva Celeste,8,151,True,2026-06-29 20:00:00
3467,75,Misty,Monte Moon,12,164,False,2026-05-04 16:00:00
3468,112,Brock,Monte Moon,55,935,True,2026-05-31 09:00:00
3469,129,Brock,Monte Moon,10,40,False,2026-02-20 01:00:00
3470,40,Red,Monte Moon,83,1626,False,2026-03-09 21:00:00
3471,16,Blue,Bosque Verde,92,459,True,2026-05-14 11:00:00
3472,38,Blue,Monte Moon,10,177,True,2026-06-22 10:00:00
3473,108,Leaf,Isla Canela,67,515,False,2026-05-26 07:00:00
3474,148,Misty,Cueva Celeste,83,1220,True,2026-06-25 11:00:00
3475,198,Ash,Ruta 1,21,170,False,2026-06-02 04:00:00
3476,172,Blue,Isla Canela,74,303,True,2026-02-19 08:00:00
3477,46,Ash,Zona Safari,5,28,False,2026-05-22 03:00:00
3478,92,Misty,Bosque Verde,26,161,False,2026-03-23 01:00:00
3479,115,Blue,Monte Moon,15,258,False,2026-01-23 17:00:00
3480,120,Ash,Cueva Celeste,95,646,True,2026-01-14 07:00:00
3481,5,Blue,Cueva Celeste,71,1008,False,2026-03-25 16:00:00
3482,131,Blue,Monte Moon,40,748,True,2026-02-01 11:00:00
3483,21,Red,Cueva Celeste,82,426,False,2026-05-14 20:00:00
3484,162,Brock,Cueva Celeste,47,681,False,2026-01-13 07:00:00
3485,157,Brock,Bosque Verde,18,432,True,2026-04-03 10:00:00
3486,58,Misty,Ruta 1,25,175,True,2026-03-21 14:00:00
3487,148,Leaf,Cueva Celeste,91,1337,True,2026-03-03 06:00:00
3488,56,Misty,Zona Safari,89,542,False,2026-05-09 16:00:00
3489,26,Brock,Isla Canela,35,763,False,2026-06-06 01:00:00
3490,199,Misty,Monte Moon,54,928,False,2026-06-11 13:00:00
3491,170,Leaf,Monte Moon,6,39,True,2026-06-14 21:00:00
3492,64,Red,Cueva Celeste,96,1344,False,2026-06-16 10:00:00
3493,138,Brock,Zona Safari,25,177,True,2026-02-07 21:00:00
3494,6,Ash,Cueva Celeste,78,1872,True,2026-01-29 04:00:00
3495,104,Red,Cueva Celeste,13,83,False,2026-01-16 06:00:00
3496,102,Misty,Isla Canela,88,572,True,2026-05-11 09:00:00
3497,86,Ash,Bosque Verde,81,526,False,2026-04-08 22:00:00
3498,146,Ash,Cueva Celeste,94,2453,True,2026-03-29 15:00:00
3499,114,Leaf,Bosque Verde,92,800,True,2026-06-24 05:00:00
3500,180,Brock,Cueva Celeste,13,166,False,2026-05-18 05:00:00
3501,101,Misty,Isla Canela,77,1324,False,2026-06-24 09:00:00
3502,48,Misty,Ruta 1,62,378,True,2026-03-24 15:00:00
3503,132,Brock,Monte Moon,29,292,True,2026-02-28 18:00:00
3504,8,Ash,Bosque Verde,40,568,False,2026-06-28 06:00:00
3505,175,Red,Cueva Celeste,66,323,False,2026-06-10 16:00:00
3506,32,Red,Isla Canela,28,154,False,2026-02-28 09:00:00
3507,73,Leaf,Monte Moon,79,1422,False,2026-02-11 20:00:00
3508,109,Ash,Ruta 1,88,598,False,2026-04-03 21:00:00
3509,128,Red,Bosque Verde,52,894,True,2026-04-17 02:00:00
3510,12,Brock,Bosque Verde,50,890,False,2026-05-09 12:00:00
3511,78,Leaf,Isla Canela,96,1680,True,2026-04-30 03:00:00
3512,104,Blue,Bosque Verde,11,70,False,2026-05-23 02:00:00
3513,29,Brock,Bosque Verde,81,445,False,2026-02-26 13:00:00
3514,43,Misty,Zona Safari,79,505,False,2026-03-16 09:00:00
3515,170,Brock,Monte Moon,18,118,True,2026-05-09 02:00:00
3516,69,Blue,Bosque Verde,32,192,True,2026-03-18 07:00:00
3517,94,Leaf,Isla Canela,54,1215,True,2026-03-23 21:00:00
3518,171,Blue,Zona Safari,92,1481,True,2026-03-21 12:00:00
3519,197,Red,Bosque Verde,82,1508,True,2026-02-04 16:00:00
3520,180,Ash,Monte Moon,21,268,False,2026-06-13 14:00:00
3521,1,Misty,Cueva Celeste,57,364,True,2026-01-17 01:00:00
3522,198,Leaf,Ruta 1,56,453,False,2026-04-01 22:00:00
3523,58,Leaf,Isla Canela,57,399,False,2026-05-24 10:00:00
3524,29,Ash,Isla Canela,70,385,True,2026-05-07 21:00:00
3525,4,Ash,Isla Canela,17,105,True,2026-03-29 13:00:00
3526,161,Brock,Cueva Celeste,58,249,False,2026-03-19 11:00:00
3527,55,Ash,Zona Safari,76,1330,True,2026-02-22 07:00:00
3528,64,Misty,Monte Moon,87,1218,True,2026-03-11 14:00:00
3529,91,Blue,Monte Moon,80,1472,True,2026-04-23 09:00:00
3530,165,Leaf,Monte Moon,85,450,False,2026-05-18 13:00:00
3531,110,Leaf,Cueva Celeste,16,275,True,2026-03-24 13:00:00
3532,12,Blue,Bosque Verde,49,872,False,2026-06-03 08:00:00
3533,188,Blue,Isla Canela,63,749,True,2026-02-15 05:00:00
3534,142,Misty,Ruta 1,78,1404,False,2026-05-29 01:00:00
3535,12,Brock,Monte Moon,31,551,True,2026-04-20 18:00:00
3536,103,Blue,Zona Safari,83,1543,False,2026-03-26 03:00:00
3537,83,Blue,Cueva Celeste,67,884,True,2026-01-01 03:00:00
3538,62,Red,Isla Canela,40,920,False,2026-01-24 13:00:00
3539,187,Brock,Zona Safari,64,320,False,2026-02-10 11:00:00
3540,59,Blue,Zona Safari,52,1008,False,2026-06-17 04:00:00
3541,39,Leaf,Cueva Celeste,39,370,True,2026-01-09 12:00:00
3542,176,Misty,Cueva Celeste,92,1306,True,2026-03-15 08:00:00
3543,153,Blue,Bosque Verde,46,653,True,2026-02-11 02:00:00
3544,30,Misty,Monte Moon,57,729,False,2026-03-04 00:00:00
3545,16,Leaf,Monte Moon,15,75,False,2026-04-02 10:00:00
3546,108,Leaf,Bosque Verde,43,331,True,2026-03-04 20:00:00
3547,40,Blue,Bosque Verde,62,1215,True,2026-05-15 15:00:00
3548,183,Misty,Zona Safari,64,563,False,2026-01-16 02:00:00
3549,175,Leaf,Bosque Verde,6,29,False,2026-03-15 21:00:00
3550,6,Misty,Bosque Verde,17,408,False,2026-02-08 12:00:00
3551,22,Misty,Zona Safari,97,1503,False,2026-06-22 12:00:00
3552,177,Leaf,Cueva Celeste,29,185,True,2026-02-14 23:00:00
3553,190,Leaf,Ruta 1,73,525,True,2026-05-26 18:00:00
3554,72,Red,Cueva Celeste,79,529,True,2026-06-21 06:00:00
3555,158,Brock,Zona Safari,76,478,True,2026-02-25 03:00:00
3556,90,Brock,Isla Canela,88,536,True,2026-02-25 05:00:00
3557,179,Blue,Cueva Celeste,96,537,True,2026-06-18 15:00:00
3558,135,Red,Cueva Celeste,11,202,True,2026-02-06 01:00:00
3559,160,Misty,Isla Canela,49,1171,False,2026-05-19 08:00:00
3560,15,Misty,Ruta 1,47,836,False,2026-01-02 20:00:00
3561,187,Misty,Monte Moon,28,140,True,2026-03-03 00:00:00
3562,120,Brock,Cueva Celeste,64,435,False,2026-02-22 01:00:00
3563,26,Red,Isla Canela,40,872,True,2026-06-08 20:00:00
3564,115,Misty,Monte Moon,40,688,False,2026-04-18 16:00:00
3565,21,Ash,Bosque Verde,56,291,True,2026-04-28 18:00:00
3566,134,Blue,Ruta 1,26,478,False,2026-06-29 14:00:00
3567,52,Ash,Bosque Verde,98,568,True,2026-03-06 05:00:00
3568,44,Red,Cueva Celeste,92,1269,False,2026-05-31 19:00:00
3569,51,Leaf,Bosque Verde,37,551,True,2026-02-01 01:00:00
3570,94,Misty,Isla Canela,43,967,False,2026-01-28 11:00:00
3571,113,Blue,Monte Moon,69,2725,False,2026-04-09 18:00:00
3572,96,Brock,Cueva Celeste,92,607,True,2026-01-10 08:00:00
3573,174,Red,Isla Canela,100,420,True,2026-02-07 00:00:00
3574,72,Ash,Isla Canela,100,670,False,2026-02-13 00:00:00
3575,62,Ash,Monte Moon,95,2185,False,2026-02-08 07:00:00
3576,162,Ash,Bosque Verde,24,348,False,2026-03-04 18:00:00
3577,138,Leaf,Ruta 1,45,319,True,2026-05-16 07:00:00
3578,172,Leaf,Ruta 1,35,143,False,2026-02-20 18:00:00
3579,178,Leaf,Zona Safari,50,825,False,2026-01-19 17:00:00
3580,57,Leaf,Monte Moon,68,1081,True,2026-03-29 23:00:00
3581,56,Leaf,Isla Canela,18,109,True,2026-04-01 06:00:00
3582,182,Blue,Isla Canela,83,1834,False,2026-01-15 08:00:00
3583,171,Leaf,Monte Moon,99,1593,False,2026-04-02 19:00:00
3584,97,Misty,Cueva Celeste,97,1639,True,2026-03-02 20:00:00
3585,185,Red,Monte Moon,43,619,False,2026-01-30 03:00:00
3586,90,Misty,Cueva Celeste,20,122,True,2026-05-12 04:00:00
3587,138,Brock,Zona Safari,89,631,False,2026-03-01 16:00:00
3588,34,Red,Isla Canela,24,544,True,2026-03-22 16:00:00
3589,186,Blue,Monte Moon,99,2227,False,2026-01-06 02:00:00
3590,196,Ash,Ruta 1,41,754,True,2026-06-07 02:00:00
3591,42,Red,Ruta 1,48,763,False,2026-04-01 14:00:00
3592,29,Brock,Cueva Celeste,81,445,False,2026-01-19 20:00:00
3593,6,Misty,Bosque Verde,26,624,True,2026-04-13 22:00:00
3594,152,Misty,Zona Safari,49,313,True,2026-01-05 18:00:00
3595,58,Brock,Isla Canela,81,567,True,2026-03-01 11:00:00
3596,47,Leaf,Bosque Verde,53,752,True,2026-04-06 10:00:00
3597,32,Leaf,Cueva Celeste,7,38,False,2026-03-11 14:00:00
3598,1,Brock,Monte Moon,76,486,True,2026-04-08 07:00:00
3599,107,Ash,Isla Canela,85,1351,True,2026-04-12 15:00:00
3600,16,Brock,Isla Canela,16,80,False,2026-01-11 20:00:00
3601,171,Misty,Cueva Celeste,1,16,True,2026-02-27 08:00:00
3602,61,Red,Cueva Celeste,36,486,False,2026-05-29 05:00:00
3603,131,Ash,Ruta 1,18,336,False,2026-05-15 07:00:00
3604,26,Misty,Cueva Celeste,1,21,False,2026-02-15 02:00:00
3605,83,Blue,Bosque Verde,66,871,True,2026-05-02 09:00:00
3606,121,Misty,Cueva Celeste,71,1292,True,2026-02-13 07:00:00
3607,178,Leaf,Bosque Verde,73,1204,True,2026-05-31 22:00:00
3608,169,Brock,Monte Moon,64,1542,False,2026-03-28 14:00:00
3609,60,Ash,Bosque Verde,99,594,True,2026-06-30 19:00:00
3610,65,Blue,Ruta 1,22,495,True,2026-04-07 08:00:00
3611,152,Leaf,Zona Safari,70,448,False,2026-02-04 14:00:00
3612,158,Blue,Monte Moon,41,258,False,2026-02-11 05:00:00
3613,168,Red,Ruta 1,98,1372,True,2026-02-18 02:00:00
3614,48,Misty,Zona Safari,34,207,False,2026-06-24 08:00:00
3615,90,Ash,Bosque Verde,89,542,False,2026-05-25 19:00:00
3616,198,Blue,Monte Moon,74,599,False,2026-06-25 14:00:00
3617,93,Red,Cueva Celeste,51,724,False,2026-03-24 02:00:00
3618,24,Brock,Ruta 1,7,109,True,2026-01-07 11:00:00
3619,164,Misty,Monte Moon,7,110,True,2026-04-19 12:00:00
3620,174,Ash,Monte Moon,11,46,True,2026-02-18 06:00:00
3621,192,Misty,Ruta 1,21,312,False,2026-05-29 08:00:00
3622,197,Misty,Bosque Verde,87,1600,False,2026-03-07 00:00:00
3623,105,Red,Bosque Verde,73,1087,False,2026-06-28 21:00:00
3624,80,Misty,Isla Canela,67,1152,True,2026-04-19 02:00:00
3625,182,Ash,Cueva Celeste,53,1171,True,2026-06-23 09:00:00
3626,101,Misty,Monte Moon,56,963,True,2026-06-25 08:00:00
3627,72,Red,Bosque Verde,69,462,True,2026-01-24 23:00:00
3628,171,Blue,Cueva Celeste,51,821,False,2026-01-08 18:00:00
3629,20,Leaf,Isla Canela,36,522,False,2026-02-17 12:00:00
3630,127,Red,Cueva Celeste,98,1715,True,2026-01-29 00:00:00
3631,183,Ash,Monte Moon,96,844,True,2026-03-04 14:00:00
3632,33,Brock,Ruta 1,20,256,True,2026-06-20 01:00:00
3633,185,Blue,Ruta 1,96,1382,True,2026-04-14 13:00:00
3634,182,Ash,Monte Moon,13,287,True,2026-06-30 06:00:00
3635,17,Misty,Ruta 1,35,427,True,2026-04-07 12:00:00
3636,115,Blue,Zona Safari,10,172,False,2026-05-10 18:00:00
3637,70,Brock,Bosque Verde,21,287,False,2026-03-05 05:00:00
3638,8,Ash,Bosque Verde,45,639,True,2026-01-16 20:00:00
3639,127,Brock,Bosque Verde,66,1155,False,2026-06-09 23:00:00
3640,151,Misty,Ruta 1,71,1917,False,2026-05-29 20:00:00
3641,180,Leaf,Ruta 1,9,115,False,2026-03-05 21:00:00
3642,46,Red,Ruta 1,98,558,False,2026-06-01 08:00:00
3643,44,Misty,Isla Canela,37,510,True,2026-06-04 02:00:00
3644,59,Blue,Zona Safari,80,1552,True,2026-06-10 20:00:00
3645,79,Ash,Ruta 1,13,81,True,2026-04-11 01:00:00
3646,98,Red,Zona Safari,54,351,True,2026-03-05 16:00:00
3647,28,Leaf,Bosque Verde,73,1153,False,2026-02-12 13:00:00
3648,183,Brock,Ruta 1,99,871,True,2026-03-27 09:00:00
3649,20,Misty,Isla Canela,44,638,True,2026-06-21 15:00:00
3650,37,Red,Monte Moon,79,474,True,2026-06-21 20:00:00
3651,155,Leaf,Isla Canela,13,80,True,2026-06-25 00:00:00
3652,16,Brock,Ruta 1,91,455,True,2026-03-28 11:00:00
3653,27,Misty,Zona Safari,23,138,True,2026-06-02 18:00:00
3654,114,Ash,Bosque Verde,91,791,False,2026-04-09 05:00:00
3655,62,Blue,Cueva Celeste,28,644,False,2026-06-23 12:00:00
3656,28,Misty,Monte Moon,73,1153,False,2026-03-08 16:00:00
3657,178,Blue,Monte Moon,22,363,False,2026-03-15 09:00:00
3658,135,Leaf,Isla Canela,57,1048,True,2026-06-10 17:00:00
3659,64,Red,Bosque Verde,49,686,True,2026-04-03 23:00:00
3660,171,Blue,Bosque Verde,24,386,True,2026-02-06 13:00:00
3661,80,Leaf,Isla Canela,72,1238,False,2026-01-13 13:00:00
3662,194,Misty,Zona Safari,59,247,False,2026-04-18 04:00:00
3663,77,Ash,Isla Canela,43,352,True,2026-05-10 19:00:00
3664,119,Leaf,Cueva Celeste,59,932,True,2026-03-22 18:00:00
3665,102,Red,Ruta 1,25,162,True,2026-06-22 00:00:00
3666,65,Red,Zona Safari,95,2137,True,2026-03-17 16:00:00
3667,175,Brock,Zona Safari,86,421,False,2026-04-01 04:00:00
3668,139,Brock,Monte Moon,29,501,False,2026-01-31 17:00:00
3669,197,Blue,Monte Moon,78,1435,True,2026-02-02 04:00:00
3670,46,Brock,Ruta 1,70,399,True,2026-03-09 17:00:00
3671,120,Misty,Zona Safari,28,190,True,2026-03-06 02:00:00
3672,171,Blue,Monte Moon,84,1352,False,2026-01-27 00:00:00
3673,175,Red,Ruta 1,5,24,False,2026-05-02 23:00:00
3674,182,Blue,Monte Moon,11,243,True,2026-02-11 11:00:00
3675,166,Misty,Cueva Celeste,89,1219,True,2026-02-15 15:00:00
3676,134,Leaf,Zona Safari,39,717,False,2026-01-25 14:00:00
3677,28,Ash,Ruta 1,77,1216,False,2026-01-13 21:00:00
3678,22,Brock,Bosque Verde,76,1178,False,2026-01-02 02:00:00
3679,13,Blue,Monte Moon,51,198,False,2026-04-06 05:00:00
3680,11,Ash,Cueva Celeste,19,136,True,2026-05-06 22:00:00
3681,142,Blue,Monte Moon,13,234,True,2026-05-09 01:00:00
3682,18,Brock,Monte Moon,90,1944,False,2026-06-20 15:00:00
3683,115,Misty,Bosque Verde,51,877,True,2026-03-22 21:00:00
3684,65,Misty,Isla Canela,54,1215,True,2026-04-10 15:00:00
3685,134,Red,Cueva Celeste,45,828,False,2026-06-21 05:00:00
3686,35,Ash,Monte Moon,6,67,True,2026-04-17 00:00:00
3687,170,Ash,Cueva Celeste,29,191,False,2026-01-27 14:00:00
3688,60,Blue,Ruta 1,9,54,True,2026-02-19 12:00:00
3689,18,Ash,Zona Safari,78,1684,True,2026-01-30 06:00:00
3690,44,Red,Monte Moon,25,345,False,2026-06-10 13:00:00
3691,167,Brock,Isla Canela,57,285,False,2026-06-29 13:00:00
3692,154,Ash,Monte Moon,98,2312,False,2026-04-07 17:00:00
3693,110,Ash,Monte Moon,96,1651,False,2026-02-15 14:00:00
3694,100,Blue,Zona Safari,60,396,False,2026-02-18 04:00:00
3695,4,Blue,Monte Moon,80,496,False,2026-02-08 04:00:00
3696,164,Ash,Monte Moon,58,916,True,2026-01-10 02:00:00
3697,3,Blue,Ruta 1,53,1250,True,2026-02-27 11:00:00
3698,21,Ash,Cueva Celeste,96,499,False,2026-02-14 08:00:00
3699,2,Misty,Zona Safari,70,994,False,2026-04-01 14:00:00
3700,4,Misty,Ruta 1,13,80,True,2026-02-25 11:00:00
3701,133,Brock,Cueva Celeste,12,78,False,2026-04-12 16:00:00
3702,193,Red,Bosque Verde,8,62,False,2026-04-20 07:00:00
3703,192,Brock,Bosque Verde,40,596,False,2026-02-26 17:00:00
3704,135,Blue,Monte Moon,38,699,False,2026-05-03 21:00:00
3705,199,Misty,Cueva Celeste,38,653,False,2026-01-28 22:00:00
3706,72,Red,Bosque Verde,47,314,True,2026-01-25 12:00:00
3707,90,Ash,Ruta 1,33,201,True,2026-04-12 02:00:00
3708,144,Misty,Zona Safari,45,1174,False,2026-06-12 02:00:00
3709,57,Blue,Zona Safari,85,1351,True,2026-05-04 14:00:00
3710,62,Misty,Zona Safari,26,598,False,2026-06-24 17:00:00
3711,39,Red,Cueva Celeste,70,665,False,2026-06-28 19:00:00
3712,176,Leaf,Cueva Celeste,9,127,True,2026-05-21 22:00:00
3713,78,Red,Ruta 1,92,1609,False,2026-02-26 22:00:00
3714,129,Ash,Isla Canela,60,240,True,2026-03-21 12:00:00
3715,25,Ash,Isla Canela,39,436,False,2026-02-08 21:00:00
3716,51,Ash,Zona Safari,8,119,False,2026-02-19 00:00:00
3717,39,Leaf,Isla Canela,76,722,True,2026-03-10 22:00:00
3718,114,Blue,Bosque Verde,77,669,True,2026-03-02 22:00:00
3719,25,Ash,Bosque Verde,42,470,True,2026-01-16 09:00:00
3720,34,Blue,Ruta 1,14,317,True,2026-01-09 04:00:00
3721,38,Blue,Isla Canela,77,1362,True,2026-02-16 06:00:00
3722,65,Blue,Monte Moon,20,450,True,2026-03-24 11:00:00
3723,166,Leaf,Ruta 1,48,657,False,2026-02-26 13:00:00
3724,116,Ash,Ruta 1,63,371,True,2026-01-16 12:00:00
3725,113,Brock,Bosque Verde,15,592,True,2026-06-30 23:00:00
3726,177,Brock,Zona Safari,68,435,True,2026-02-11 04:00:00
3727,182,Leaf,Isla Canela,72,1591,True,2026-01-12 01:00:00
3728,8,Brock,Isla Canela,30,426,False,2026-03-05 02:00:00
3729,195,Ash,Cueva Celeste,18,271,False,2026-05-01 15:00:00
3730,95,Ash,Bosque Verde,4,30,True,2026-06-07 23:00:00
3731,149,Red,Bosque Verde,100,2700,False,2026-06-22 02:00:00
3732,100,Leaf,Bosque Verde,46,303,True,2026-04-22 17:00:00
3733,154,Leaf,Isla Canela,25,590,True,2026-03-29 16:00:00
3734,17,Ash,Cueva Celeste,31,378,False,2026-05-11 05:00:00
3735,15,Leaf,Monte Moon,65,1157,True,2026-03-05 10:00:00
3736,198,Ash,Ruta 1,31,251,False,2026-02-03 07:00:00
3737,126,Leaf,Bosque Verde,19,328,True,2026-06-27 16:00:00
3738,108,Red,Monte Moon,27,207,True,2026-02-20 14:00:00
3739,155,Misty,Cueva Celeste,24,148,True,2026-03-18 09:00:00
3740,189,Misty,Ruta 1,91,1883,True,2026-03-14 01:00:00
3741,11,Misty,Cueva Celeste,39,280,False,2026-06-11 21:00:00
3742,122,Blue,Isla Canela,26,418,True,2026-04-23 03:00:00
3743,23,Leaf,Monte Moon,78,452,False,2026-04-12 05:00:00
3744,83,Leaf,Bosque Verde,83,1095,False,2026-02-02 10:00:00
3745,185,Misty,Bosque Verde,29,417,False,2026-05-23 17:00:00
3746,50,Red,Monte Moon,34,180,False,2026-03-12 13:00:00
3747,71,Ash,Isla Canela,83,1834,True,2026-06-09 14:00:00
3748,48,Ash,Bosque Verde,54,329,True,2026-01-04 04:00:00
3749,178,Leaf,Zona Safari,61,1006,True,2026-03-20 11:00:00
3750,54,Blue,Cueva Celeste,26,166,False,2026-04-06 12:00:00
3751,157,Blue,Ruta 1,19,456,True,2026-04-04 14:00:00
3752,71,Leaf,Zona Safari,69,1524,True,2026-06-19 06:00:00
3753,125,Blue,Cueva Celeste,42,722,True,2026-03-10 21:00:00
3754,13,Red,Cueva Celeste,64,249,True,2026-05-15 22:00:00
3755,80,Leaf,Bosque Verde,33,567,False,2026-03-08 14:00:00
3756,127,Brock,Monte Moon,99,1732,True,2026-04-13 18:00:00
3757,147,Misty,Cueva Celeste,24,144,True,2026-05-28 19:00:00
3758,12,Leaf,Bosque Verde,28,498,False,2026-02-26 13:00:00
3759,45,Leaf,Isla Canela,17,375,True,2026-04-29 12:00:00
3760,97,Ash,Isla Canela,71,1199,True,2026-01-11 10:00:00
3761,89,Leaf,Monte Moon,30,525,True,2026-04-05 03:00:00
3762,126,Red,Monte Moon,53,916,False,2026-02-27 22:00:00
3763,162,Red,Monte Moon,24,348,False,2026-03-19 23:00:00
3764,93,Ash,Bosque Verde,73,1036,True,2026-03-02 11:00:00
3765,182,Misty,Bosque Verde,64,1414,True,2026-06-28 19:00:00
3766,90,Brock,Isla Canela,7,42,True,2026-02-22 16:00:00
3767,10,Brock,Bosque Verde,75,292,False,2026-05-31 06:00:00
3768,175,Brock,Cueva Celeste,19,93,False,2026-03-09 20:00:00
3769,92,Blue,Cueva Celeste,14,86,True,2026-04-30 00:00:00
3770,16,Leaf,Ruta 1,74,370,True,2026-01-18 14:00:00
3771,3,Misty,Zona Safari,90,2124,False,2026-06-26 06:00:00
3772,9,Blue,Monte Moon,8,191,False,2026-04-22 16:00:00
3773,68,Brock,Isla Canela,61,1384,False,2026-02-03 11:00:00
3774,82,Ash,Cueva Celeste,94,1532,False,2026-01-15 13:00:00
3775,78,Ash,Isla Canela,85,1487,True,2026-01-10 06:00:00
3776,96,Brock,Ruta 1,10,66,True,2026-04-23 00:00:00
3777,156,Misty,Bosque Verde,3,42,True,2026-04-10 16:00:00
3778,25,Red,Isla Canela,36,403,True,2026-02-18 07:00:00
3779,81,Brock,Isla Canela,68,442,False,2026-02-05 07:00:00
3780,20,Leaf,Ruta 1,98,1421,True,2026-03-06 04:00:00
3781,5,Misty,Bosque Verde,66,937,False,2026-01-19 02:00:00
3782,135,Leaf,Ruta 1,38,699,True,2026-05-02 23:00:00
3783,9,Ash,Bosque Verde,41,979,False,2026-02-28 07:00:00
3784,167,Brock,Isla Canela,90,450,False,2026-06-06 21:00:00
3785,112,Brock,Zona Safari,65,1105,True,2026-01-17 01:00:00
3786,110,Red,Bosque Verde,72,1238,True,2026-01-18 12:00:00
3787,164,Leaf,Ruta 1,42,663,True,2026-03-14 08:00:00
3788,72,Misty,Ruta 1,63,422,True,2026-04-12 20:00:00
3789,196,Ash,Ruta 1,96,1766,False,2026-03-13 19:00:00
3790,10,Blue,Cueva Celeste,92,358,False,2026-01-15 03:00:00
3791,156,Red,Monte Moon,92,1306,False,2026-01-22 09:00:00
3792,32,Misty,Isla Canela,54,297,True,2026-05-25 02:00:00
3793,132,Misty,Cueva Celeste,9,90,True,2026-01-10 17:00:00
3794,7,Leaf,Monte Moon,50,315,False,2026-02-14 13:00:00
3795,15,Ash,Isla Canela,51,907,False,2026-04-12 13:00:00
3796,32,Red,Cueva Celeste,42,231,False,2026-05-12 22:00:00
3797,7,Brock,Monte Moon,45,283,False,2026-06-30 16:00:00
3798,47,Misty,Monte Moon,15,213,True,2026-04-09 23:00:00
3799,81,Brock,Bosque Verde,100,650,False,2026-01-14 06:00:00
3800,164,Red,Bosque Verde,34,537,True,2026-04-28 10:00:00
3801,8,Brock,Isla Canela,47,667,False,2026-02-01 20:00:00
3802,186,Ash,Zona Safari,73,1642,True,2026-06-12 12:00:00
3803,150,Blue,Cueva Celeste,4,122,False,2026-03-25 17:00:00
3804,10,Red,Zona Safari,31,120,False,2026-06-22 18:00:00
3805,171,Blue,Bosque Verde,74,1191,True,2026-05-30 15:00:00
3806,163,Blue,Monte Moon,97,504,False,2026-02-02 20:00:00
3807,119,Blue,Monte Moon,10,158,True,2026-05-28 20:00:00
3808,135,Ash,Monte Moon,18,331,False,2026-02-20 02:00:00
3809,181,Red,Ruta 1,88,2024,False,2026-03-18 20:00:00
3810,29,Ash,Ruta 1,74,407,True,2026-06-23 04:00:00
3811,35,Ash,Ruta 1,3,33,True,2026-01-31 02:00:00
3812,51,Blue,Monte Moon,42,625,True,2026-04-09 18:00:00
3813,123,Brock,Zona Safari,25,250,True,2026-06-13 03:00:00
3814,180,Leaf,Zona Safari,59,755,False,2026-01-01 04:00:00
3815,128,Red,Zona Safari,39,670,True,2026-02-09 00:00:00
3816,112,Blue,Monte Moon,68,1156,True,2026-01-23 09:00:00
3817,7,Ash,Isla Canela,13,81,False,2026-04-27 07:00:00
3818,155,Blue,Bosque Verde,14,86,True,2026-03-15 17:00:00
3819,194,Ash,Bosque Verde,55,231,True,2026-05-14 15:00:00
3820,35,Ash,Cueva Celeste,96,1084,False,2026-01-16 10:00:00
3821,189,Brock,Isla Canela,27,558,True,2026-01-02 02:00:00
3822,180,Leaf,Bosque Verde,24,307,True,2026-06-01 16:00:00
3823,176,Red,Monte Moon,50,710,True,2026-05-14 14:00:00
3824,146,Leaf,Ruta 1,70,1827,True,2026-05-27 16:00:00
3825,14,Blue,Monte Moon,26,187,False,2026-02-17 07:00:00
3826,182,Brock,Isla Canela,6,132,False,2026-01-04 03:00:00
3827,14,Blue,Cueva Celeste,75,540,False,2026-06-09 10:00:00
3828,141,Ash,Isla Canela,76,1314,False,2026-05-15 17:00:00
3829,1,Blue,Monte Moon,88,563,False,2026-01-30 21:00:00
3830,175,Blue,Bosque Verde,18,88,False,2026-06-21 04:00:00
3831,14,Leaf,Isla Canela,15,108,True,2026-04-20 08:00:00
3832,118,Brock,Bosque Verde,20,128,True,2026-02-08 08:00:00
3833,179,Blue,Ruta 1,95,532,False,2026-05-17 09:00:00
3834,87,Misty,Zona Safari,56,929,True,2026-03-22 17:00:00
3835,193,Leaf,Cueva Celeste,30,234,False,2026-03-14 23:00:00
3836,128,Brock,Ruta 1,27,464,True,2026-02-11 21:00:00
3837,103,Red,Zona Safari,4,74,False,2026-03-04 05:00:00
3838,14,Red,Isla Canela,52,374,False,2026-01-10 00:00:00
3839,156,Blue,Monte Moon,75,1065,True,2026-02-13 20:00:00
3840,106,Brock,Monte Moon,52,826,False,2026-03-10 04:00:00
3841,155,Leaf,Zona Safari,25,155,True,2026-04-26 01:00:00
3842,78,Blue,Isla Canela,30,525,True,2026-02-09 21:00:00
3843,183,Red,Monte Moon,84,739,False,2026-01-25 03:00:00
3844,26,Blue,Zona Safari,57,1242,True,2026-06-02 20:00:00
3845,107,Blue,Monte Moon,30,477,False,2026-06-10 01:00:00
3846,177,Ash,Monte Moon,78,499,False,2026-05-17 20:00:00
3847,147,Misty,Zona Safari,85,510,False,2026-04-19 12:00:00
3848,143,Red,Monte Moon,70,1323,True,2026-03-20 08:00:00
3849,125,Brock,Monte Moon,31,533,True,2026-05-30 22:00:00
3850,107,Brock,Cueva Celeste,11,174,True,2026-05-12 04:00:00
3851,125,Ash,Monte Moon,80,1376,True,2026-05-03 01:00:00
3852,41,Brock,Ruta 1,93,455,True,2026-05-15 14:00:00
3853,142,Misty,Ruta 1,9,162,False,2026-01-13 08:00:00
3854,139,Brock,Bosque Verde,74,1280,True,2026-04-04 14:00:00
3855,164,Ash,Bosque Verde,2,31,False,2026-04-18 11:00:00
3856,190,Blue,Zona Safari,11,79,False,2026-04-16 02:00:00
3857,18,Blue,Bosque Verde,65,1404,True,2026-05-09 19:00:00
3858,61,Misty,Zona Safari,80,1080,False,2026-05-17 01:00:00
3859,198,Misty,Zona Safari,42,340,True,2026-06-21 13:00:00
3860,133,Red,Ruta 1,75,487,False,2026-05-30 07:00:00
3861,78,Ash,Monte Moon,84,1470,True,2026-01-29 18:00:00
3862,107,Ash,Cueva Celeste,28,445,True,2026-04-23 23:00:00
3863,73,Red,Monte Moon,26,468,False,2026-06-12 21:00:00
3864,57,Ash,Zona Safari,7,111,True,2026-03-26 10:00:00
3865,75,Leaf,Monte Moon,42,575,True,2026-06-17 00:00:00
3866,54,Brock,Bosque Verde,73,467,True,2026-04-13 09:00:00
3867,135,Ash,Ruta 1,92,1692,False,2026-06-29 04:00:00
3868,75,Brock,Zona Safari,71,972,False,2026-06-12 08:00:00
3869,38,Leaf,Monte Moon,91,1610,True,2026-02-20 15:00:00
3870,157,Ash,Ruta 1,53,1272,True,2026-01-10 03:00:00
3871,95,Blue,Ruta 1,5,38,False,2026-02-19 23:00:00
3872,150,Brock,Isla Canela,67,2050,False,2026-03-30 08:00:00
3873,1,Misty,Ruta 1,67,428,False,2026-01-18 04:00:00
3874,160,Leaf,Ruta 1,24,573,False,2026-04-19 19:00:00
3875,11,Ash,Monte Moon,58,417,True,2026-05-09 12:00:00
3876,163,Blue,Isla Canela,54,280,True,2026-06-07 09:00:00
3877,46,Blue,Isla Canela,48,273,True,2026-06-06 23:00:00
3878,37,Red,Cueva Celeste,12,72,True,2026-02-17 08:00:00
3879,34,Leaf,Isla Canela,10,227,True,2026-04-13 05:00:00
3880,90,Brock,Bosque Verde,60,366,True,2026-04-25 18:00:00
3881,85,Blue,Cueva Celeste,77,1270,False,2026-01-20 05:00:00
3882,127,Blue,Cueva Celeste,79,1382,True,2026-01-06 16:00:00
3883,137,Ash,Zona Safari,89,703,True,2026-03-11 20:00:00
3884,177,Leaf,Isla Canela,88,563,False,2026-06-20 09:00:00
3885,180,Brock,Monte Moon,76,972,True,2026-06-26 23:00:00
3886,193,Red,Isla Canela,66,514,True,2026-06-01 07:00:00
3887,72,Leaf,Cueva Celeste,64,428,False,2026-06-03 15:00:00
3888,55,Blue,Bosque Verde,33,577,False,2026-03-09 00:00:00
3889,152,Red,Monte Moon,91,582,False,2026-04-05 19:00:00
3890,171,Red,Isla Canela,36,579,True,2026-05-04 14:00:00
3891,74,Leaf,Isla Canela,9,54,True,2026-04-18 05:00:00
3892,124,Brock,Cueva Celeste,95,1510,False,2026-06-23 21:00:00
3893,102,Leaf,Monte Moon,58,377,True,2026-02-23 16:00:00
3894,185,Leaf,Ruta 1,34,489,False,2026-03-01 11:00:00
3895,103,Leaf,Zona Safari,61,1134,False,2026-06-06 04:00:00
3896,68,Brock,Isla Canela,85,1929,False,2026-03-29 00:00:00
3897,172,Brock,Zona Safari,77,315,True,2026-01-02 12:00:00
3898,42,Red,Bosque Verde,68,1081,True,2026-02-02 09:00:00
3899,1,Misty,Bosque Verde,65,416,False,2026-02-09 02:00:00
3900,72,Leaf,Monte Moon,16,107,False,2026-06-15 13:00:00
3901,60,Brock,Cueva Celeste,7,42,True,2026-05-01 18:00:00
3902,135,Ash,Isla Canela,31,570,True,2026-01-11 01:00:00
3903,38,Red,Monte Moon,66,1168,False,2026-01-18 00:00:00
3904,172,Misty,Monte Moon,66,270,False,2026-02-13 15:00:00
3905,82,Red,Bosque Verde,41,668,False,2026-03-05 14:00:00
3906,99,Brock,Monte Moon,53,879,False,2026-06-29 11:00:00
3907,189,Brock,Cueva Celeste,50,1035,True,2026-01-23 18:00:00
3908,42,Misty,Bosque Verde,92,1462,True,2026-01-14 10:00:00
3909,138,Blue,Bosque Verde,21,149,True,2026-06-30 23:00:00
3910,129,Red,Cueva Celeste,43,172,True,2026-06-09 06:00:00
3911,96,Blue,Monte Moon,59,389,True,2026-05-20 06:00:00
3912,4,Brock,Cueva Celeste,38,235,False,2026-02-15 13:00:00
3913,161,Brock,Bosque Verde,31,133,True,2026-06-08 18:00:00
3914,41,Blue,Ruta 1,58,284,True,2026-04-22 20:00:00
3915,69,Blue,Isla Canela,51,306,False,2026-02-10 00:00:00
3916,182,Brock,Monte Moon,74,1635,False,2026-04-11 03:00:00
3917,189,Leaf,Bosque Verde,98,2028,False,2026-02-15 11:00:00
3918,105,Brock,Ruta 1,23,342,True,2026-06-18 22:00:00
3919,91,Ash,Bosque Verde,7,128,False,2026-06-29 13:00:00
3920,181,Misty,Ruta 1,21,483,False,2026-05-01 21:00:00
3921,118,Blue,Monte Moon,51,326,False,2026-05-20 09:00:00
3922,155,Ash,Cueva Celeste,41,254,True,2026-03-16 05:00:00
3923,3,Red,Monte Moon,48,1132,True,2026-02-12 23:00:00
3924,15,Brock,Monte Moon,41,729,True,2026-05-28 18:00:00
3925,60,Blue,Cueva Celeste,34,204,False,2026-05-25 04:00:00
3926,36,Red,Zona Safari,98,2126,False,2026-02-24 01:00:00
3927,87,Brock,Bosque Verde,15,249,True,2026-05-20 17:00:00
3928,150,Ash,Cueva Celeste,74,2264,True,2026-04-25 18:00:00
3929,39,Leaf,Monte Moon,15,142,False,2026-05-08 22:00:00
3930,99,Misty,Ruta 1,70,1162,False,2026-02-12 23:00:00
3931,2,Ash,Cueva Celeste,89,1263,False,2026-05-28 09:00:00
3932,59,Leaf,Ruta 1,60,1164,False,2026-05-05 21:00:00
3933,9,Ash,Zona Safari,73,1744,False,2026-02-06 00:00:00
3934,186,Blue,Monte Moon,54,1215,False,2026-06-27 09:00:00
3935,76,Blue,Bosque Verde,63,1404,True,2026-02-14 10:00:00
3936,119,Misty,Monte Moon,59,932,True,2026-05-21 09:00:00
3937,35,Brock,Bosque Verde,16,180,False,2026-05-12 23:00:00
3938,168,Red,Zona Safari,71,994,True,2026-04-19 14:00:00
3939,98,Misty,Bosque Verde,73,474,False,2026-04-28 17:00:00
3940,7,Leaf,Isla Canela,73,459,True,2026-05-30 01:00:00
3941,18,Red,Bosque Verde,93,2008,True,2026-03-25 01:00:00
3942,128,Ash,Ruta 1,97,1668,False,2026-06-02 10:00:00
3943,112,Red,Isla Canela,17,289,True,2026-06-30 01:00:00
3944,80,Ash,Cueva Celeste,39,670,False,2026-04-17 03:00:00
3945,19,Red,Ruta 1,76,387,False,2026-01-26 12:00:00
3946,75,Blue,Bosque Verde,100,1370,True,2026-06-24 11:00:00
3947,39,Ash,Isla Canela,29,275,False,2026-03-26 20:00:00
3948,106,Misty,Cueva Celeste,49,779,True,2026-03-30 07:00:00
3949,177,Misty,Isla Canela,15,96,False,2026-06-22 11:00:00
3950,26,Leaf,Bosque Verde,70,1526,False,2026-06-01 02:00:00
3951,22,Red,Isla Canela,35,542,False,2026-05-06 18:00:00
3952,86,Brock,Ruta 1,35,227,True,2026-05-09 20:00:00
3953,9,Blue,Ruta 1,49,1171,True,2026-05-19 23:00:00
3954,73,Leaf,Isla Canela,30,540,False,2026-06-06 00:00:00
3955,128,Blue,Cueva Celeste,46,791,True,2026-03-06 08:00:00
3956,23,Misty,Zona Safari,17,98,False,2026-04-18 21:00:00
3957,77,Blue,Ruta 1,70,574,False,2026-04-28 07:00:00
3958,7,Blue,Monte Moon,46,289,False,2026-02-12 01:00:00
3959,32,Ash,Zona Safari,4,22,False,2026-02-11 21:00:00
3960,100,Blue,Cueva Celeste,56,369,True,2026-05-02 14:00:00
3961,145,Leaf,Cueva Celeste,88,2296,False,2026-05-04 19:00:00
3962,181,Misty,Bosque Verde,63,1449,False,2026-02-03 21:00:00
3963,175,Brock,Cueva Celeste,91,445,True,2026-02-01 11:00:00
3964,17,Ash,Ruta 1,39,475,False,2026-01-19 20:00:00
3965,35,Blue,Isla Canela,3,33,False,2026-06-06 12:00:00
3966,116,Ash,Bosque Verde,34,200,False,2026-01-25 15:00:00
3967,94,Blue,Monte Moon,95,2137,True,2026-05-16 01:00:00
3968,3,Ash,Zona Safari,37,873,False,2026-05-30 15:00:00
3969,159,Misty,Isla Canela,67,951,True,2026-06-08 09:00:00
3970,195,Misty,Bosque Verde,65,981,False,2026-01-03 19:00:00
3971,161,Red,Isla Canela,34,146,False,2026-05-11 03:00:00
3972,161,Blue,Monte Moon,51,219,False,2026-04-20 15:00:00
3973,61,Ash,Isla Canela,75,1012,False,2026-03-04 00:00:00
3974,83,Ash,Bosque Verde,65,858,True,2026-03-23 20:00:00
3975,8,Brock,Isla Canela,27,383,False,2026-03-21 19:00:00
3976,109,Blue,Ruta 1,70,476,True,2026-06-02 02:00:00
3977,167,Ash,Bosque Verde,19,95,False,2026-03-17 15:00:00
3978,37,Blue,Ruta 1,82,491,False,2026-05-21 08:00:00
3979,69,Blue,Monte Moon,85,510,False,2026-06-24 06:00:00
3980,60,Brock,Bosque Verde,31,186,True,2026-04-08 14:00:00
3981,164,Leaf,Monte Moon,15,237,False,2026-05-01 18:00:00
3982,125,Blue,Monte Moon,59,1014,False,2026-01-20 03:00:00
3983,25,Red,Bosque Verde,44,492,True,2026-03-24 15:00:00
3984,169,Blue,Cueva Celeste,48,1156,True,2026-01-19 13:00:00
3985,43,Leaf,Monte Moon,36,230,True,2026-05-04 16:00:00
3986,155,Leaf,Zona Safari,55,341,False,2026-01-01 01:00:00
3987,106,Misty,Bosque Verde,68,1081,False,2026-01-29 14:00:00
3988,96,Leaf,Monte Moon,70,462,False,2026-05-17 19:00:00
3989,15,Leaf,Bosque Verde,16,284,True,2026-05-28 21:00:00
3990,61,Misty,Monte Moon,58,783,True,2026-03-04 16:00:00
3991,182,Red,Cueva Celeste,49,1082,True,2026-05-31 14:00:00
3992,96,Misty,Zona Safari,14,92,True,2026-04-22 01:00:00
3993,56,Red,Bosque Verde,42,256,True,2026-02-03 04:00:00
3994,114,Brock,Cueva Celeste,93,809,True,2026-03-21 16:00:00
3995,60,Red,Ruta 1,20,120,False,2026-01-05 00:00:00
3996,107,Leaf,Isla Canela,3,47,False,2026-01-20 02:00:00
3997,150,Red,Bosque Verde,90,2754,True,2026-06-04 14:00:00
3998,92,Blue,Cueva Celeste,68,421,True,2026-04-23 19:00:00
3999,103,Blue,Monte Moon,83,1543,True,2026-06-24 21:00:00
4000,156,Brock,Monte Moon,34,482,False,2026-02-02 14:00:00
4001,129,Leaf,Cueva Celeste,69,276,True,2026-01-03 07:00:00
4002,154,Brock,Zona Safari,59,1392,False,2026-03-21 05:00:00
4003,106,Red,Isla Canela,27,429,False,2026-06-21 18:00:00
4004,60,Ash,Zona Safari,86,516,True,2026-03-14 13:00:00
4005,191,Blue,Zona Safari,48,172,False,2026-05-24 01:00:00
4006,123,Leaf,Cueva Celeste,76,760,True,2026-03-03 05:00:00
4007,185,Blue,Cueva Celeste,92,1324,True,2026-02-15 15:00:00
4008,98,Blue,Zona Safari,36,234,True,2026-03-28 12:00:00
4009,83,Brock,Ruta 1,8,105,True,2026-04-28 18:00:00
4010,80,Misty,Cueva Celeste,97,1668,False,2026-05-27 12:00:00
4011,55,Blue,Isla Canela,95,1662,True,2026-05-18 07:00:00
4012,29,Red,Ruta 1,71,390,False,2026-06-09 16:00:00
4013,191,Ash,Cueva Celeste,30,108,False,2026-05-29 17:00:00
4014,5,Leaf,Isla Canela,6,85,False,2026-02-25 12:00:00
4015,10,Red,Cueva Celeste,13,50,True,2026-03-10 21:00:00
4016,48,Brock,Isla Canela,19,115,True,2026-01-06 02:00:00
4017,4,Red,Ruta 1,6,37,True,2026-03-24 15:00:00
4018,163,Brock,Isla Canela,12,62,True,2026-02-11 07:00:00
4019,155,Blue,Monte Moon,69,427,False,2026-05-01 15:00:00
4020,13,Blue,Ruta 1,22,85,False,2026-05-28 05:00:00
4021,52,Leaf,Zona Safari,25,145,True,2026-04-21 20:00:00
4022,42,Ash,Ruta 1,53,842,True,2026-01-01 17:00:00
4023,136,Blue,Cueva Celeste,57,1048,False,2026-05-24 23:00:00
4024,32,Blue,Monte Moon,13,71,True,2026-05-26 17:00:00
4025,128,Ash,Cueva Celeste,50,860,True,2026-05-24 14:00:00
4026,81,Misty,Bosque Verde,12,78,False,2026-06-07 20:00:00
4027,30,Brock,Cueva Celeste,29,371,True,2026-06-17 15:00:00
4028,95,Misty,Cueva Celeste,90,693,False,2026-03-23 15:00:00
4029,129,Ash,Bosque Verde,92,368,True,2026-01-05 00:00:00
4030,166,Ash,Monte Moon,59,808,False,2026-06-10 01:00:00
4031,64,Red,Zona Safari,26,364,True,2026-01-27 09:00:00
4032,42,Ash,Cueva Celeste,57,906,True,2026-06-02 16:00:00
4033,38,Brock,Isla Canela,50,885,True,2026-01-02 22:00:00
4034,126,Ash,Ruta 1,77,1332,False,2026-04-23 13:00:00
4035,97,Ash,Ruta 1,65,1098,False,2026-03-20 02:00:00
4036,27,Leaf,Monte Moon,85,510,True,2026-01-29 17:00:00
4037,77,Brock,Isla Canela,3,24,True,2026-04-03 09:00:00
4038,137,Red,Ruta 1,22,173,True,2026-06-20 05:00:00
4039,79,Ash,Isla Canela,94,592,False,2026-05-05 15:00:00
4040,145,Red,Cueva Celeste,54,1409,True,2026-03-03 19:00:00
4041,88,Leaf,Isla Canela,45,292,True,2026-03-29 05:00:00
4042,109,Red,Cueva Celeste,12,81,True,2026-03-08 16:00:00
4043,37,Ash,Zona Safari,38,228,False,2026-05-09 18:00:00
4044,44,Misty,Cueva Celeste,54,745,True,2026-03-25 03:00:00
4045,43,Brock,Isla Canela,43,275,False,2026-04-27 10:00:00
4046,7,Leaf,Isla Canela,77,485,False,2026-03-26 09:00:00
4047,49,Misty,Isla Canela,2,31,True,2026-06-22 03:00:00
4048,7,Ash,Monte Moon,67,422,False,2026-02-01 03:00:00
4049,178,Misty,Monte Moon,72,1188,False,2026-06-03 20:00:00
4050,18,Blue,Monte Moon,84,1814,False,2026-06-19 02:00:00
4051,44,Blue,Monte Moon,19,262,False,2026-03-12 20:00:00
4052,67,Leaf,Isla Canela,48,681,True,2026-03-30 10:00:00
4053,38,Blue,Monte Moon,89,1575,True,2026-06-01 09:00:00
4054,156,Misty,Cueva Celeste,34,482,False,2026-06-10 09:00:00
4055,96,Misty,Bosque Verde,52,343,False,2026-02-24 21:00:00
4056,155,Misty,Zona Safari,30,186,True,2026-06-04 09:00:00
4057,85,Ash,Monte Moon,74,1221,False,2026-01-24 18:00:00
4058,103,Misty,Bosque Verde,65,1209,False,2026-02-20 03:00:00
4059,189,Brock,Monte Moon,63,1304,True,2026-02-13 04:00:00
4060,152,Blue,Bosque Verde,36,230,False,2026-02-20 07:00:00
4061,9,Ash,Cueva Celeste,75,1792,True,2026-02-23 17:00:00
4062,169,Brock,Bosque Verde,84,2024,False,2026-06-16 03:00:00
4063,85,Brock,Isla Canela,46,758,True,2026-04-03 06:00:00
4064,70,Blue,Zona Safari,40,548,True,2026-01-26 02:00:00
4065,38,Ash,Isla Canela,33,584,True,2026-06-14 15:00:00
4066,107,Brock,Zona Safari,47,747,True,2026-04-18 16:00:00
4067,10,Red,Monte Moon,22,85,True,2026-06-30 22:00:00
4068,96,Red,Bosque Verde,28,184,False,2026-04-26 15:00:00
4069,150,Red,Bosque Verde,19,581,True,2026-04-13 06:00:00
4070,23,Ash,Isla Canela,20,116,True,2026-04-22 07:00:00
4071,31,Leaf,Isla Canela,18,408,False,2026-02-06 21:00:00
4072,65,Brock,Cueva Celeste,86,1935,False,2026-01-03 23:00:00
4073,195,Ash,Ruta 1,90,1359,False,2026-05-27 11:00:00
4074,6,Leaf,Zona Safari,87,2088,True,2026-05-03 23:00:00
4075,125,Red,Zona Safari,39,670,False,2026-03-17 22:00:00
4076,166,Ash,Ruta 1,46,630,True,2026-04-19 23:00:00
4077,68,Brock,Isla Canela,31,703,True,2026-05-30 00:00:00
4078,54,Red,Ruta 1,45,288,False,2026-02-21 14:00:00
4079,25,Leaf,Cueva Celeste,30,336,False,2026-02-28 22:00:00
4080,84,Red,Cueva Celeste,40,248,True,2026-01-22 08:00:00
4081,193,Blue,Isla Canela,77,600,False,2026-06-30 04:00:00
4082,17,Leaf,Bosque Verde,25,305,True,2026-04-26 22:00:00
4083,52,Ash,Monte Moon,24,139,True,2026-04-01 14:00:00
4084,50,Misty,Isla Canela,72,381,True,2026-05-20 10:00:00
4085,83,Brock,Monte Moon,100,1320,True,2026-05-24 19:00:00
4086,99,Leaf,Monte Moon,3,49,False,2026-03-18 08:00:00
4087,69,Ash,Bosque Verde,10,60,True,2026-06-20 00:00:00
4088,133,Leaf,Zona Safari,99,643,True,2026-04-10 09:00:00
4089,31,Leaf,Bosque Verde,88,1997,False,2026-06-09 06:00:00
4090,196,Leaf,Ruta 1,35,644,False,2026-03-08 10:00:00
4091,98,Brock,Isla Canela,59,383,False,2026-04-09 08:00:00
4092,83,Blue,Bosque Verde,66,871,False,2026-01-02 03:00:00
4093,101,Leaf,Isla Canela,48,825,False,2026-06-10 06:00:00
4094,146,Leaf,Cueva Celeste,43,1122,True,2026-04-20 23:00:00
4095,28,Ash,Bosque Verde,54,853,False,2026-06-13 10:00:00
4096,13,Ash,Cueva Celeste,9,35,False,2026-04-03 23:00:00
4097,136,Red,Isla Canela,97,1784,False,2026-05-29 16:00:00
4098,45,Leaf,Ruta 1,73,1613,False,2026-04-24 05:00:00
4099,76,Brock,Monte Moon,37,825,False,2026-06-29 03:00:00
4100,62,Brock,Monte Moon,30,690,True,2026-01-22 10:00:00
4101,167,Blue,Bosque Verde,60,300,False,2026-06-12 17:00:00
4102,53,Red,Monte Moon,44,677,False,2026-05-11 04:00:00
4103,157,Misty,Cueva Celeste,92,2208,False,2026-05-01 08:00:00
4104,89,Red,Monte Moon,67,1172,True,2026-01-07 15:00:00
4105,192,Leaf,Isla Canela,39,581,False,2026-04-29 07:00:00
4106,187,Red,Ruta 1,91,455,False,2026-03-04 05:00:00
4107,72,Leaf,Cueva Celeste,14,93,True,2026-06-13 18:00:00
4108,127,Ash,Bosque Verde,92,1609,False,2026-03-14 23:00:00
4109,3,Ash,Isla Canela,52,1227,False,2026-05-20 00:00:00
4110,67,Leaf,Zona Safari,2,28,True,2026-01-16 03:00:00
4111,170,Ash,Zona Safari,35,231,False,2026-01-05 22:00:00
4112,31,Misty,Cueva Celeste,19,431,False,2026-05-23 03:00:00
4113,50,Blue,Isla Canela,36,190,False,2026-01-06 08:00:00
4114,146,Leaf,Zona Safari,71,1853,False,2026-01-14 00:00:00
4115,194,Red,Zona Safari,5,21,False,2026-01-20 07:00:00
4116,28,Leaf,Ruta 1,26,410,True,2026-03-14 17:00:00
4117,15,Leaf,Ruta 1,35,623,True,2026-03-13 15:00:00
4118,148,Misty,Ruta 1,9,132,True,2026-02-02 23:00:00
4119,57,Brock,Monte Moon,89,1415,True,2026-01-26 13:00:00
4120,70,Blue,Isla Canela,47,643,True,2026-02-02 03:00:00
4121,32,Misty,Bosque Verde,96,528,True,2026-03-30 13:00:00
4122,81,Misty,Isla Canela,24,156,True,2026-01-29 07:00:00
4123,45,Red,Bosque Verde,40,884,True,2026-06-17 01:00:00
4124,181,Brock,Bosque Verde,64,1472,False,2026-02-19 03:00:00
4125,112,Blue,Monte Moon,75,1275,False,2026-03-31 08:00:00
4126,177,Red,Bosque Verde,32,204,False,2026-02-26 22:00:00
4127,77,Leaf,Zona Safari,39,319,True,2026-06-26 10:00:00
4128,85,Misty,Zona Safari,97,1600,True,2026-02-24 18:00:00
4129,117,Misty,Bosque Verde,38,585,True,2026-02-13 15:00:00
4130,166,Misty,Monte Moon,83,1137,True,2026-03-22 18:00:00
4131,30,Ash,Cueva Celeste,16,204,False,2026-01-03 20:00:00
4132,186,Leaf,Ruta 1,95,2137,True,2026-06-27 03:00:00
4133,121,Ash,Zona Safari,32,582,False,2026-04-20 08:00:00
4134,25,Misty,Bosque Verde,9,100,True,2026-05-16 07:00:00
4135,152,Red,Cueva Celeste,68,435,True,2026-01-11 09:00:00
4136,16,Ash,Ruta 1,17,85,False,2026-03-24 09:00:00
4137,101,Red,Bosque Verde,40,688,False,2026-04-06 07:00:00
4138,124,Misty,Monte Moon,51,810,True,2026-01-22 17:00:00
4139,130,Brock,Bosque Verde,98,1852,False,2026-06-07 13:00:00
4140,29,Misty,Ruta 1,94,517,True,2026-03-05 15:00:00
4141,173,Red,Cueva Celeste,19,83,False,2026-01-06 16:00:00
4142,97,Ash,Bosque Verde,55,929,False,2026-05-08 07:00:00
4143,89,Blue,Zona Safari,6,105,True,2026-06-09 19:00:00
4144,174,Ash,Monte Moon,77,323,True,2026-04-27 15:00:00
4145,169,Blue,Monte Moon,55,1325,True,2026-06-16 22:00:00
4146,20,Leaf,Bosque Verde,70,1015,False,2026-05-20 23:00:00
4147,188,Leaf,Monte Moon,23,273,False,2026-02-01 03:00:00
4148,185,Ash,Bosque Verde,92,1324,False,2026-04-11 02:00:00
4149,118,Leaf,Zona Safari,67,428,False,2026-03-05 06:00:00
4150,82,Leaf,Monte Moon,51,831,True,2026-01-01 01:00:00
4151,39,Blue,Ruta 1,35,332,True,2026-04-22 03:00:00
4152,87,Misty,Bosque Verde,76,1261,True,2026-01-19 02:00:00
4153,140,Ash,Cueva Celeste,71,504,False,2026-01-20 18:00:00
4154,133,Misty,Ruta 1,90,585,False,2026-05-21 10:00:00
4155,168,Ash,Monte Moon,9,126,True,2026-01-29 12:00:00
4156,111,Misty,Bosque Verde,6,41,True,2026-01-11 08:00:00
4157,69,Blue,Zona Safari,27,162,False,2026-06-20 21:00:00
4158,81,Misty,Bosque Verde,30,195,True,2026-05-09 21:00:00
4159,6,Ash,Ruta 1,10,240,True,2026-06-19 16:00:00
4160,125,Red,Isla Canela,78,1341,False,2026-03-17 00:00:00
4161,177,Ash,Zona Safari,53,339,True,2026-06-15 00:00:00
4162,136,Ash,Bosque Verde,34,625,False,2026-02-12 22:00:00
4163,97,Misty,Cueva Celeste,94,1588,True,2026-04-23 11:00:00
4164,130,Red,Monte Moon,55,1039,True,2026-02-19 08:00:00
4165,168,Blue,Monte Moon,6,84,True,2026-04-28 04:00:00
4166,56,Ash,Cueva Celeste,81,494,True,2026-04-15 07:00:00
4167,6,Blue,Monte Moon,26,624,False,2026-03-31 13:00:00
4168,59,Ash,Monte Moon,86,1668,False,2026-05-27 19:00:00
4169,191,Leaf,Monte Moon,90,324,False,2026-04-10 17:00:00
4170,5,Misty,Monte Moon,10,142,False,2026-02-24 08:00:00
4171,151,Blue,Monte Moon,47,1269,False,2026-02-01 03:00:00
4172,27,Ash,Cueva Celeste,18,108,True,2026-05-09 02:00:00
4173,67,Leaf,Bosque Verde,56,795,True,2026-05-20 13:00:00
4174,125,Misty,Isla Canela,28,481,False,2026-01-10 13:00:00
4175,76,Ash,Bosque Verde,19,423,False,2026-04-16 14:00:00
4176,55,Misty,Bosque Verde,72,1260,False,2026-02-22 00:00:00
4177,49,Ash,Zona Safari,40,632,True,2026-01-17 03:00:00
4178,113,Leaf,Ruta 1,68,2686,False,2026-06-13 18:00:00
4179,134,Leaf,Zona Safari,23,423,True,2026-05-09 06:00:00
4180,79,Leaf,Zona Safari,33,207,True,2026-05-27 00:00:00
4181,198,Misty,Bosque Verde,75,607,False,2026-04-20 14:00:00
4182,143,Red,Zona Safari,26,491,False,2026-05-09 11:00:00
4183,140,Leaf,Monte Moon,90,639,False,2026-06-20 20:00:00
4184,190,Brock,Monte Moon,49,352,True,2026-01-09 10:00:00
4185,164,Leaf,Bosque Verde,68,1074,False,2026-06-26 08:00:00
4186,67,Blue,Monte Moon,25,355,False,2026-06-18 03:00:00
4187,8,Blue,Zona Safari,78,1107,True,2026-05-16 15:00:00
4188,29,Misty,Cueva Celeste,10,55,False,2026-06-07 02:00:00
4189,78,Red,Isla Canela,7,122,True,2026-05-04 12:00:00
4190,102,Brock,Zona Safari,4,26,True,2026-02-05 06:00:00
4191,144,Red,Ruta 1,60,1566,True,2026-03-31 02:00:00
4192,162,Red,Ruta 1,25,362,True,2026-05-31 17:00:00
4193,53,Misty,Monte Moon,5,77,True,2026-03-17 20:00:00
4194,162,Misty,Cueva Celeste,36,522,False,2026-02-20 18:00:00
4195,100,Brock,Bosque Verde,26,171,True,2026-03-19 18:00:00
4196,171,Blue,Cueva Celeste,47,756,True,2026-06-02 19:00:00
4197,111,Brock,Isla Canela,55,379,True,2026-05-03 19:00:00
4198,99,Red,Ruta 1,4,66,True,2026-03-11 07:00:00
4199,142,Misty,Cueva Celeste,34,612,False,2026-03-02 09:00:00
4200,36,Blue,Zona Safari,100,2170,True,2026-03-11 13:00:00
4201,91,Ash,Zona Safari,10,184,True,2026-03-07 05:00:00
4202,72,Blue,Cueva Celeste,57,381,True,2026-04-25 19:00:00
4203,146,Ash,Bosque Verde,66,1722,False,2026-01-21 19:00:00
4204,56,Ash,Ruta 1,92,561,False,2026-03-22 19:00:00
4205,186,Leaf,Ruta 1,78,1755,True,2026-01-18 19:00:00
4206,162,Red,Isla Canela,28,406,True,2026-01-27 02:00:00
4207,89,Misty,Bosque Verde,38,665,False,2026-04-26 05:00:00
4208,141,Brock,Bosque Verde,47,813,False,2026-02-28 22:00:00
4209,84,Brock,Isla Canela,83,514,False,2026-06-08 00:00:00
4210,166,Red,Isla Canela,69,945,False,2026-04-19 21:00:00
4211,81,Red,Ruta 1,79,513,False,2026-03-16 22:00:00
4212,60,Brock,Monte Moon,32,192,False,2026-05-08 22:00:00
4213,174,Brock,Zona Safari,93,390,False,2026-03-30 15:00:00
4214,78,Red,Monte Moon,5,87,False,2026-05-30 05:00:00
4215,129,Red,Bosque Verde,57,228,False,2026-05-16 11:00:00
4216,150,Ash,Isla Canela,33,1009,True,2026-06-05 19:00:00
4217,105,Blue,Bosque Verde,44,655,True,2026-05-25 07:00:00
4218,168,Misty,Zona Safari,46,644,False,2026-04-03 11:00:00
4219,9,Misty,Ruta 1,60,1434,False,2026-04-07 19:00:00
4220,152,Leaf,Monte Moon,89,569,False,2026-06-11 14:00:00
4221,150,Blue,Zona Safari,22,673,False,2026-01-10 19:00:00
4222,142,Ash,Monte Moon,14,251,False,2026-06-19 04:00:00
4223,7,Red,Monte Moon,70,441,True,2026-01-08 23:00:00
4224,55,Misty,Monte Moon,36,630,False,2026-06-15 13:00:00
4225,2,Brock,Bosque Verde,8,113,True,2026-04-15 15:00:00
4226,86,Blue,Zona Safari,7,45,True,2026-05-29 02:00:00
4227,6,Misty,Isla Canela,88,2112,True,2026-04-30 17:00:00
4228,185,Brock,Monte Moon,68,979,False,2026-05-14 20:00:00
4229,191,Red,Bosque Verde,67,241,True,2026-05-24 02:00:00
4230,18,Brock,Ruta 1,95,2052,False,2026-06-04 21:00:00
4231,137,Ash,Bosque Verde,37,292,True,2026-05-23 01:00:00
4232,197,Leaf,Isla Canela,79,1453,True,2026-04-29 22:00:00
4233,45,Brock,Zona Safari,58,1281,True,2026-02-26 10:00:00
4234,199,Ash,Ruta 1,20,344,True,2026-03-22 14:00:00
4235,107,Brock,Cueva Celeste,56,890,True,2026-04-26 13:00:00
4236,84,Brock,Zona Safari,60,372,False,2026-03-03 09:00:00
4237,64,Red,Isla Canela,59,826,True,2026-03-27 21:00:00
4238,119,Misty,Monte Moon,90,1422,True,2026-03-16 12:00:00
4239,72,Red,Ruta 1,92,616,False,2026-03-27 21:00:00
4240,175,Brock,Isla Canela,56,274,False,2026-03-23 12:00:00
4241,34,Brock,Cueva Celeste,89,2020,True,2026-02-27 00:00:00
4242,176,Leaf,Monte Moon,40,568,False,2026-01-23 01:00:00
4243,125,Red,Isla Canela,34,584,True,2026-03-10 09:00:00
4244,27,Misty,Bosque Verde,14,84,False,2026-06-22 23:00:00
4245,81,Red,Ruta 1,6,39,True,2026-02-16 03:00:00
4246,150,Ash,Isla Canela,75,2295,False,2026-06-22 08:00:00
4247,105,Red,Cueva Celeste,24,357,False,2026-01-26 15:00:00
4248,131,Brock,Cueva Celeste,16,299,True,2026-04-16 04:00:00
4249,14,Leaf,Monte Moon,47,338,False,2026-04-12 23:00:00
4250,180,Red,Ruta 1,33,422,False,2026-01-28 08:00:00
4251,6,Brock,Zona Safari,29,696,True,2026-06-17 15:00:00
4252,82,Leaf,Zona Safari,28,456,False,2026-04-10 20:00:00
4253,46,Leaf,Bosque Verde,51,290,True,2026-03-18 13:00:00
4254,145,Red,Isla Canela,27,704,True,2026-03-28 12:00:00
4255,17,Blue,Cueva Celeste,13,158,False,2026-02-12 09:00:00
4256,66,Brock,Isla Canela,85,518,False,2026-04-29 21:00:00
4257,18,Leaf,Bosque Verde,99,2138,True,2026-04-01 13:00:00
4258,185,Blue,Bosque Verde,55,792,False,2026-01-30 22:00:00
4259,186,Leaf,Zona Safari,97,2182,False,2026-02-02 20:00:00
4260,33,Red,Cueva Celeste,93,1190,True,2026-02-14 02:00:00
4261,94,Ash,Ruta 1,73,1642,True,2026-02-13 10:00:00
4262,106,Ash,Zona Safari,87,1383,False,2026-01-09 19:00:00
4263,182,Ash,Bosque Verde,69,1524,True,2026-03-30 01:00:00
4264,177,Brock,Isla Canela,29,185,True,2026-01-24 18:00:00
4265,27,Leaf,Monte Moon,40,240,False,2026-06-23 07:00:00
4266,94,Blue,Isla Canela,87,1957,False,2026-03-18 19:00:00
4267,152,Blue,Zona Safari,58,371,False,2026-05-21 15:00:00
4268,195,Leaf,Ruta 1,2,30,False,2026-05-19 22:00:00
4269,158,Misty,Monte Moon,45,283,True,2026-02-05 15:00:00
4270,83,Brock,Isla Canela,18,237,False,2026-03-14 13:00:00
4271,100,Brock,Zona Safari,8,52,False,2026-05-26 03:00:00
4272,109,Red,Monte Moon,8,54,True,2026-06-02 18:00:00
4273,57,Ash,Bosque Verde,41,651,False,2026-06-04 05:00:00
4274,54,Blue,Ruta 1,96,614,False,2026-03-02 18:00:00
4275,98,Misty,Bosque Verde,61,396,False,2026-02-22 16:00:00
4276,123,Brock,Monte Moon,84,840,False,2026-05-18 07:00:00
4277,91,Blue,Isla Canela,53,975,False,2026-05-26 13:00:00
4278,88,Red,Monte Moon,47,305,False,2026-05-13 19:00:00
4279,52,Ash,Cueva Celeste,96,556,False,2026-01-31 21:00:00
4280,86,Ash,Ruta 1,33,214,False,2026-05-22 10:00:00
4281,109,Red,Zona Safari,33,224,False,2026-04-20 07:00:00
4282,64,Leaf,Monte Moon,64,896,False,2026-02-07 11:00:00
4283,52,Red,Bosque Verde,75,435,True,2026-05-26 17:00:00
4284,179,Brock,Bosque Verde,20,112,True,2026-06-06 04:00:00
4285,8,Leaf,Isla Canela,3,42,True,2026-06-16 02:00:00
4286,176,Ash,Monte Moon,21,298,True,2026-04-27 06:00:00
4287,90,Brock,Bosque Verde,58,353,True,2026-06-04 15:00:00
4288,28,Blue,Ruta 1,26,410,False,2026-03-17 11:00:00
4289,74,Brock,Zona Safari,76,456,True,2026-05-24 17:00:00
4290,102,Blue,Zona Safari,47,305,True,2026-02-08 05:00:00
4291,47,Red,Zona Safari,83,1178,True,2026-05-13 14:00:00
4292,54,Red,Cueva Celeste,19,121,False,2026-06-21 06:00:00
4293,101,Brock,Isla Canela,88,1513,False,2026-04-18 08:00:00
4294,186,Leaf,Monte Moon,95,2137,True,2026-02-11 18:00:00
4295,58,Blue,Isla Canela,55,385,True,2026-06-05 16:00:00
4296,148,Blue,Isla Canela,20,294,True,2026-03-12 13:00:00
4297,94,Leaf,Bosque Verde,58,1305,True,2026-04-14 20:00:00
4298,48,Brock,Ruta 1,64,390,True,2026-01-22 23:00:00
4299,178,Leaf,Isla Canela,92,1517,True,2026-05-16 09:00:00
4300,150,Blue,Isla Canela,4,122,False,2026-06-07 09:00:00
4301,199,Ash,Isla Canela,78,1341,False,2026-01-04 12:00:00
4302,189,Red,Bosque Verde,30,621,True,2026-05-19 20:00:00
4303,7,Blue,Monte Moon,87,548,True,2026-03-15 14:00:00
4304,185,Brock,Cueva Celeste,84,1209,False,2026-01-04 23:00:00
4305,121,Misty,Ruta 1,18,327,True,2026-03-12 22:00:00
4306,157,Leaf,Zona Safari,62,1488,True,2026-01-02 02:00:00
4307,62,Misty,Cueva Celeste,92,2116,True,2026-04-10 05:00:00
4308,13,Leaf,Cueva Celeste,1,3,True,2026-05-12 11:00:00
4309,97,Ash,Cueva Celeste,81,1368,False,2026-04-05 13:00:00
4310,157,Blue,Cueva Celeste,40,960,False,2026-06-21 22:00:00
4311,32,Blue,Isla Canela,17,93,True,2026-03-17 18:00:00
4312,82,Red,Cueva Celeste,59,961,True,2026-01-09 12:00:00
4313,79,Brock,Zona Safari,51,321,True,2026-05-16 11:00:00
4314,163,Ash,Monte Moon,2,10,False,2026-04-21 14:00:00
4315,181,Ash,Cueva Celeste,72,1656,False,2026-04-02 13:00:00
4316,131,Brock,Cueva Celeste,43,804,True,2026-06-07 23:00:00
4317,122,Ash,Bosque Verde,70,1127,True,2026-01-21 15:00:00
4318,3,Ash,Isla Canela,83,1958,True,2026-05-02 00:00:00
4319,116,Misty,Bosque Verde,44,259,False,2026-03-13 14:00:00
4320,134,Brock,Isla Canela,14,257,True,2026-05-12 12:00:00
4321,47,Ash,Cueva Celeste,31,440,False,2026-05-09 08:00:00
4322,154,Leaf,Isla Canela,58,1368,False,2026-04-30 05:00:00
4323,135,Misty,Monte Moon,69,1269,True,2026-02-09 07:00:00
4324,71,Brock,Ruta 1,16,353,False,2026-05-21 20:00:00
4325,137,Red,Bosque Verde,34,268,True,2026-06-08 02:00:00
4326,42,Misty,Cueva Celeste,17,270,False,2026-04-01 17:00:00
4327,79,Red,Monte Moon,43,270,True,2026-02-12 05:00:00
4328,69,Brock,Monte Moon,75,450,True,2026-06-13 23:00:00
4329,26,Misty,Bosque Verde,19,414,False,2026-03-04 13:00:00
4330,37,Leaf,Bosque Verde,83,498,False,2026-05-13 08:00:00
4331,103,Ash,Isla Canela,70,1302,True,2026-01-30 20:00:00
4332,6,Misty,Ruta 1,49,1176,False,2026-04-05 11:00:00
4333,9,Leaf,Zona Safari,63,1505,True,2026-05-14 18:00:00
4334,135,Misty,Cueva Celeste,70,1288,False,2026-02-25 19:00:00
4335,174,Blue,Ruta 1,74,310,False,2026-03-18 23:00:00
4336,185,Misty,Bosque Verde,16,230,True,2026-06-25 14:00:00
4337,186,Misty,Monte Moon,38,855,True,2026-06-27 02:00:00
4338,125,Ash,Isla Canela,10,172,False,2026-01-11 07:00:00
4339,6,Leaf,Ruta 1,64,1536,True,2026-02-16 15:00:00
4340,9,Red,Cueva Celeste,85,2031,False,2026-05-10 04:00:00
4341,81,Blue,Monte Moon,69,448,True,2026-04-13 04:00:00
4342,9,Leaf,Monte Moon,84,2007,False,2026-06-19 08:00:00
4343,43,Red,Zona Safari,49,313,True,2026-05-15 08:00:00
4344,177,Red,Zona Safari,28,179,False,2026-01-18 00:00:00
4345,196,Misty,Bosque Verde,20,368,True,2026-03-02 14:00:00
4346,132,Ash,Bosque Verde,36,363,False,2026-06-04 07:00:00
4347,196,Blue,Isla Canela,46,846,True,2026-03-29 02:00:00
4348,93,Blue,Monte Moon,28,397,True,2026-02-24 18:00:00
4349,194,Red,Isla Canela,97,407,True,2026-05-23 19:00:00
4350,19,Leaf,Bosque Verde,99,504,True,2026-05-09 07:00:00
4351,45,Red,Isla Canela,85,1878,False,2026-03-08 21:00:00
4352,109,Misty,Cueva Celeste,20,136,True,2026-06-01 00:00:00
4353,143,Red,Bosque Verde,51,963,False,2026-02-12 11:00:00
4354,36,Red,Cueva Celeste,98,2126,True,2026-04-24 21:00:00
4355,168,Red,Monte Moon,41,574,False,2026-03-17 06:00:00
4356,130,Red,Isla Canela,65,1228,False,2026-05-07 11:00:00
4357,100,Misty,Monte Moon,44,290,False,2026-06-25 03:00:00
4358,149,Ash,Monte Moon,67,1809,True,2026-05-03 07:00:00
4359,26,Red,Isla Canela,13,283,False,2026-03-28 00:00:00
4360,7,Blue,Ruta 1,23,144,False,2026-05-24 21:00:00
4361,68,Leaf,Bosque Verde,90,2043,False,2026-03-03 09:00:00
4362,62,Red,Cueva Celeste,83,1909,True,2026-03-25 14:00:00
4363,175,Red,Zona Safari,22,107,True,2026-01-13 09:00:00
4364,93,Blue,Zona Safari,60,852,False,2026-03-26 04:00:00
4365,37,Leaf,Bosque Verde,55,330,False,2026-03-12 02:00:00
4366,127,Brock,Monte Moon,94,1645,True,2026-06-13 09:00:00
4367,143,Ash,Zona Safari,33,623,True,2026-02-22 01:00:00
4368,81,Misty,Ruta 1,98,637,True,2026-01-22 13:00:00
4369,120,Misty,Ruta 1,76,516,True,2026-06-24 23:00:00
4370,150,Red,Cueva Celeste,90,2754,True,2026-06-12 18:00:00
4371,195,Leaf,Monte Moon,81,1223,True,2026-02-27 04:00:00
4372,5,Red,Cueva Celeste,20,284,True,2026-03-17 14:00:00
4373,14,Blue,Cueva Celeste,85,612,True,2026-06-08 21:00:00
4374,21,Ash,Ruta 1,66,343,True,2026-06-09 23:00:00
4375,68,Red,Cueva Celeste,87,1974,True,2026-03-02 02:00:00
4376,186,Misty,Isla Canela,90,2025,True,2026-02-26 23:00:00
4377,10,Brock,Bosque Verde,83,323,False,2026-05-07 18:00:00
4378,58,Red,Bosque Verde,64,448,False,2026-04-20 05:00:00
4379,45,Blue,Isla Canela,70,1547,False,2026-03-20 01:00:00
4380,117,Misty,Bosque Verde,35,539,True,2026-01-08 04:00:00
4381,3,Red,Cueva Celeste,36,849,False,2026-06-13 20:00:00
4382,79,Blue,Bosque Verde,48,302,False,2026-05-03 20:00:00
4383,144,Red,Ruta 1,47,1226,False,2026-05-01 22:00:00
4384,139,Ash,Zona Safari,65,1124,True,2026-02-19 08:00:00
4385,98,Misty,Isla Canela,46,299,True,2026-01-19 13:00:00
4386,19,Leaf,Ruta 1,42,214,False,2026-03-21 03:00:00
4387,59,Leaf,Cueva Celeste,45,873,True,2026-01-23 12:00:00
4388,147,Ash,Bosque Verde,24,144,True,2026-05-02 15:00:00
4389,47,Blue,Cueva Celeste,1,14,True,2026-06-02 17:00:00
4390,73,Misty,Isla Canela,98,1764,False,2026-03-30 07:00:00
4391,105,Brock,Zona Safari,14,208,True,2026-05-23 01:00:00
4392,135,Brock,Monte Moon,99,1821,True,2026-03-28 07:00:00
4393,27,Blue,Ruta 1,86,516,False,2026-04-30 15:00:00
4394,41,Ash,Monte Moon,55,269,False,2026-06-05 00:00:00
4395,96,Red,Isla Canela,40,264,False,2026-02-24 20:00:00
4396,15,Ash,Isla Canela,84,1495,False,2026-06-11 09:00:00
4397,188,Red,Cueva Celeste,90,1071,True,2026-04-16 19:00:00
4398,124,Misty,Zona Safari,8,127,False,2026-01-18 06:00:00
4399,200,Brock,Ruta 1,17,147,False,2026-03-15 04:00:00
4400,112,Leaf,Bosque Verde,55,935,False,2026-06-30 10:00:00
4401,24,Red,Bosque Verde,75,1177,True,2026-03-22 16:00:00
4402,54,Leaf,Cueva Celeste,14,89,True,2026-01-17 23:00:00
4403,180,Misty,Zona Safari,91,1164,False,2026-03-16 00:00:00
4404,28,Blue,Monte Moon,46,726,False,2026-01-30 00:00:00
4405,171,Red,Isla Canela,22,354,True,2026-05-03 07:00:00
4406,67,Brock,Isla Canela,61,866,True,2026-05-03 21:00:00
4407,166,Misty,Cueva Celeste,93,1274,True,2026-02-11 17:00:00
4408,100,Misty,Ruta 1,82,541,True,2026-05-13 01:00:00
4409,29,Blue,Cueva Celeste,92,505,False,2026-04-10 21:00:00
4410,145,Blue,Isla Canela,25,652,True,2026-04-20 15:00:00
4411,160,Ash,Cueva Celeste,12,286,False,2026-02-10 02:00:00
4412,99,Red,Zona Safari,94,1560,False,2026-04-26 10:00:00
4413,149,Red,Cueva Celeste,49,1323,True,2026-03-28 20:00:00
4414,161,Ash,Ruta 1,75,322,False,2026-05-25 12:00:00
4415,39,Blue,Cueva Celeste,40,380,True,2026-05-18 13:00:00
4416,147,Ash,Cueva Celeste,58,348,True,2026-02-17 01:00:00
4417,191,Misty,Ruta 1,100,360,False,2026-06-05 13:00:00
4418,183,Brock,Monte Moon,90,792,False,2026-02-24 10:00:00
4419,126,Ash,Bosque Verde,94,1626,False,2026-01-29 17:00:00
4420,174,Ash,Isla Canela,58,243,False,2026-06-21 09:00:00
4421,124,Brock,Monte Moon,24,381,False,2026-06-25 18:00:00
4422,113,Leaf,Cueva Celeste,8,316,True,2026-04-25 22:00:00
4423,149,Brock,Monte Moon,92,2484,True,2026-04-25 07:00:00
4424,157,Brock,Isla Canela,57,1368,False,2026-06-13 10:00:00
4425,186,Blue,Ruta 1,12,270,True,2026-01-05 06:00:00
4426,116,Misty,Cueva Celeste,65,383,True,2026-05-28 03:00:00
4427,129,Brock,Ruta 1,14,56,False,2026-04-21 23:00:00
4428,129,Leaf,Bosque Verde,64,256,True,2026-01-03 12:00:00
4429,154,Red,Isla Canela,67,1581,True,2026-05-28 11:00:00
4430,188,Leaf,Bosque Verde,28,333,True,2026-05-12 23:00:00
4431,194,Ash,Bosque Verde,96,403,True,2026-06-18 15:00:00
4432,94,Blue,Monte Moon,54,1215,True,2026-05-30 12:00:00
4433,114,Leaf,Zona Safari,1,8,False,2026-02-11 01:00:00
4434,135,Misty,Isla Canela,19,349,False,2026-02-18 17:00:00
4435,60,Red,Zona Safari,90,540,True,2026-01-22 09:00:00
4436,54,Blue,Cueva Celeste,77,492,False,2026-03-15 03:00:00
4437,100,Misty,Zona Safari,15,99,False,2026-06-05 00:00:00
4438,74,Blue,Zona Safari,9,54,False,2026-05-07 05:00:00
4439,122,Misty,Zona Safari,69,1110,False,2026-03-19 03:00:00
4440,186,Misty,Cueva Celeste,91,2047,False,2026-06-20 08:00:00
4441,194,Blue,Cueva Celeste,88,369,False,2026-02-26 08:00:00
4442,11,Blue,Zona Safari,14,100,False,2026-01-14 05:00:00
4443,189,Ash,Isla Canela,51,1055,False,2026-03-25 22:00:00
4444,68,Leaf,Monte Moon,42,953,False,2026-05-23 16:00:00
4445,66,Misty,Isla Canela,39,237,True,2026-05-11 20:00:00
4446,3,Brock,Monte Moon,42,991,False,2026-03-24 22:00:00
4447,162,Red,Cueva Celeste,10,145,False,2026-06-25 19:00:00
4448,182,Ash,Ruta 1,24,530,False,2026-06-14 23:00:00
4449,59,Ash,Isla Canela,7,135,True,2026-03-11 07:00:00
4450,193,Leaf,Isla Canela,70,546,False,2026-05-28 10:00:00
4451,10,Brock,Bosque Verde,43,167,False,2026-04-03 19:00:00
4452,130,Ash,Monte Moon,57,1077,False,2026-02-18 21:00:00
4453,110,Brock,Cueva Celeste,83,1427,False,2026-05-28 02:00:00
4454,67,Blue,Monte Moon,59,837,False,2026-04-05 01:00:00
4455,130,Red,Zona Safari,97,1833,True,2026-04-04 06:00:00
4456,9,Misty,Monte Moon,79,1888,False,2026-06-05 18:00:00
4457,24,Red,Zona Safari,81,1271,False,2026-04-21 11:00:00
4458,84,Blue,Cueva Celeste,3,18,False,2026-06-10 14:00:00
4459,61,Leaf,Monte Moon,84,1134,False,2026-02-21 20:00:00
4460,185,Leaf,Isla Canela,88,1267,False,2026-04-04 14:00:00
4461,89,Misty,Zona Safari,51,892,False,2026-04-11 08:00:00
4462,4,Blue,Zona Safari,2,12,True,2026-06-24 18:00:00
4463,18,Misty,Bosque Verde,2,43,False,2026-04-07 02:00:00
4464,126,Misty,Zona Safari,100,1730,False,2026-06-02 10:00:00
4465,79,Blue,Zona Safari,88,554,False,2026-04-04 19:00:00
4466,96,Ash,Bosque Verde,47,310,True,2026-05-23 09:00:00
4467,88,Blue,Zona Safari,36,234,True,2026-03-02 12:00:00
4468,75,Brock,Zona Safari,85,1164,False,2026-02-04 12:00:00
4469,17,Brock,Ruta 1,71,866,False,2026-01-30 07:00:00
4470,6,Red,Isla Canela,64,1536,False,2026-04-05 13:00:00
4471,33,Leaf,Monte Moon,90,1152,True,2026-03-03 06:00:00
4472,93,Red,Zona Safari,15,213,False,2026-03-07 04:00:00
4473,185,Brock,Monte Moon,57,820,True,2026-05-13 23:00:00
4474,29,Ash,Monte Moon,89,489,True,2026-03-18 04:00:00
4475,163,Blue,Zona Safari,19,98,False,2026-05-19 01:00:00
4476,80,Red,Zona Safari,70,1204,True,2026-04-10 03:00:00
4477,41,Brock,Ruta 1,58,284,True,2026-05-06 11:00:00
4478,121,Brock,Bosque Verde,20,364,True,2026-01-31 18:00:00
4479,49,Ash,Isla Canela,68,1074,True,2026-03-30 01:00:00
4480,128,Red,Zona Safari,96,1651,True,2026-03-26 10:00:00
4481,73,Brock,Ruta 1,63,1134,True,2026-02-11 22:00:00
4482,182,Leaf,Cueva Celeste,94,2077,True,2026-03-31 09:00:00
4483,191,Ash,Bosque Verde,86,309,True,2026-01-23 02:00:00
4484,122,Brock,Monte Moon,31,499,True,2026-06-15 07:00:00
4485,43,Misty,Ruta 1,35,224,True,2026-02-04 09:00:00
4486,118,Leaf,Cueva Celeste,26,166,True,2026-04-11 04:00:00
4487,17,Brock,Isla Canela,37,451,True,2026-04-26 12:00:00
4488,183,Leaf,Ruta 1,72,633,False,2026-01-20 04:00:00
4489,93,Blue,Monte Moon,18,255,True,2026-05-11 10:00:00
4490,30,Blue,Isla Canela,96,1228,False,2026-02-02 23:00:00
4491,44,Blue,Monte Moon,30,414,False,2026-04-18 06:00:00
4492,67,Leaf,Bosque Verde,41,582,False,2026-01-22 10:00:00
4493,152,Blue,Monte Moon,59,377,False,2026-02-01 19:00:00
4494,166,Brock,Bosque Verde,22,301,True,2026-06-27 10:00:00
4495,183,Red,Cueva Celeste,31,272,False,2026-05-10 07:00:00
4496,137,Red,Isla Canela,17,134,False,2026-04-18 00:00:00
4497,74,Red,Zona Safari,87,522,False,2026-03-10 00:00:00
4498,18,Brock,Zona Safari,48,1036,False,2026-03-15 07:00:00
4499,19,Misty,Ruta 1,77,392,True,2026-01-07 11:00:00
4500,108,Ash,Cueva Celeste,19,146,True,2026-01-21 05:00:00
4501,191,Red,Monte Moon,10,36,True,2026-03-30 05:00:00
4502,114,Red,Monte Moon,83,722,True,2026-06-22 20:00:00
4503,47,Leaf,Ruta 1,83,1178,True,2026-04-22 21:00:00
4504,82,Blue,Isla Canela,23,374,True,2026-01-11 20:00:00
4505,77,Ash,Zona Safari,76,623,True,2026-06-16 13:00:00
4506,123,Leaf,Isla Canela,50,500,False,2026-02-04 22:00:00
4507,92,Brock,Cueva Celeste,38,235,True,2026-01-23 02:00:00
4508,135,Red,Zona Safari,27,496,False,2026-01-05 18:00:00
4509,137,Ash,Isla Canela,99,782,False,2026-01-01 23:00:00
4510,81,Leaf,Isla Canela,86,559,False,2026-01-03 06:00:00
4511,15,Red,Cueva Celeste,59,1050,True,2026-04-05 12:00:00
4512,126,Ash,Cueva Celeste,64,1107,True,2026-02-17 21:00:00
4513,67,Blue,Ruta 1,59,837,False,2026-02-18 09:00:00
4514,199,Blue,Monte Moon,92,1582,True,2026-01-06 20:00:00
4515,200,Brock,Zona Safari,87,756,False,2026-02-28 05:00:00
4516,158,Ash,Bosque Verde,47,296,False,2026-03-05 11:00:00
4517,137,Ash,Ruta 1,7,55,True,2026-06-23 00:00:00
4518,175,Leaf,Isla Canela,53,259,True,2026-01-02 08:00:00
4519,114,Brock,Zona Safari,25,217,False,2026-03-20 07:00:00
4520,80,Red,Bosque Verde,76,1307,True,2026-05-04 09:00:00
4521,52,Misty,Isla Canela,50,290,False,2026-06-05 13:00:00
4522,125,Brock,Isla Canela,10,172,False,2026-06-24 16:00:00
4523,120,Misty,Isla Canela,44,299,True,2026-05-24 21:00:00
4524,199,Leaf,Monte Moon,41,705,True,2026-06-26 19:00:00
4525,144,Red,Ruta 1,45,1174,True,2026-05-04 10:00:00
4526,74,Brock,Bosque Verde,53,318,True,2026-01-01 05:00:00
4527,22,Blue,Zona Safari,10,155,False,2026-01-30 13:00:00
4528,125,Leaf,Isla Canela,90,1548,True,2026-01-25 19:00:00
4529,76,Leaf,Monte Moon,77,1717,False,2026-05-10 12:00:00
4530,1,Red,Zona Safari,86,550,True,2026-04-12 16:00:00
4531,58,Misty,Monte Moon,67,469,True,2026-01-29 21:00:00
4532,56,Brock,Bosque Verde,41,250,False,2026-03-30 09:00:00
4533,160,Misty,Monte Moon,58,1386,True,2026-02-26 10:00:00
4534,143,Leaf,Monte Moon,30,567,True,2026-01-01 17:00:00
4535,104,Blue,Cueva Celeste,13,83,False,2026-01-07 17:00:00
4536,64,Brock,Isla Canela,91,1274,True,2026-05-05 18:00:00
4537,122,Blue,Bosque Verde,39,627,False,2026-06-29 19:00:00
4538,76,Leaf,Monte Moon,24,535,True,2026-06-12 12:00:00
4539,114,Brock,Ruta 1,8,69,False,2026-05-03 03:00:00
4540,115,Leaf,Ruta 1,63,1083,False,2026-04-22 12:00:00
4541,143,Leaf,Ruta 1,71,1341,False,2026-02-27 19:00:00
4542,73,Red,Bosque Verde,12,216,True,2026-01-22 17:00:00
4543,183,Ash,Cueva Celeste,72,633,True,2026-03-14 11:00:00
4544,116,Red,Isla Canela,66,389,True,2026-04-28 07:00:00
4545,47,Misty,Cueva Celeste,26,369,True,2026-03-22 16:00:00
4546,198,Blue,Ruta 1,16,129,False,2026-06-30 21:00:00
4547,24,Red,Zona Safari,35,549,False,2026-04-08 01:00:00
4548,80,Leaf,Zona Safari,1,17,True,2026-06-20 09:00:00
4549,198,Ash,Cueva Celeste,81,656,True,2026-01-15 15:00:00
4550,14,Leaf,Zona Safari,3,21,True,2026-02-07 12:00:00
4551,8,Blue,Ruta 1,36,511,True,2026-06-04 02:00:00
4552,62,Misty,Ruta 1,22,506,True,2026-04-25 08:00:00
4553,161,Misty,Monte Moon,33,141,False,2026-04-17 23:00:00
4554,47,Leaf,Isla Canela,57,809,True,2026-03-16 13:00:00
4555,157,Blue,Zona Safari,29,696,False,2026-04-29 17:00:00
4556,50,Misty,Zona Safari,97,514,True,2026-02-19 00:00:00
4557,6,Red,Ruta 1,6,144,False,2026-03-10 07:00:00
4558,182,Leaf,Bosque Verde,59,1303,True,2026-04-06 19:00:00
4559,103,Leaf,Cueva Celeste,44,818,False,2026-02-28 22:00:00
4560,186,Ash,Zona Safari,43,967,True,2026-06-29 22:00:00
4561,110,Red,Ruta 1,73,1255,True,2026-03-03 09:00:00
4562,44,Red,Zona Safari,91,1255,False,2026-01-31 07:00:00
4563,118,Misty,Zona Safari,53,339,True,2026-03-23 12:00:00
4564,18,Blue,Monte Moon,83,1792,False,2026-05-24 11:00:00
4565,52,Ash,Zona Safari,43,249,True,2026-01-27 04:00:00
4566,115,Leaf,Zona Safari,65,1118,False,2026-05-21 23:00:00
4567,148,Leaf,Bosque Verde,94,1381,False,2026-01-27 02:00:00
4568,20,Ash,Isla Canela,12,174,False,2026-06-26 03:00:00
4569,104,Red,Monte Moon,65,416,False,2026-02-20 09:00:00
4570,133,Misty,Zona Safari,78,507,False,2026-05-05 21:00:00
4571,168,Ash,Zona Safari,96,1344,False,2026-01-19 07:00:00
4572,14,Leaf,Bosque Verde,91,655,False,2026-05-25 23:00:00
4573,64,Misty,Zona Safari,79,1106,False,2026-06-30 05:00:00
4574,27,Ash,Bosque Verde,63,378,False,2026-05-25 16:00:00
4575,34,Misty,Cueva Celeste,60,1362,False,2026-01-16 10:00:00
4576,15,Brock,Isla Canela,77,1370,False,2026-01-17 07:00:00
4577,75,Blue,Bosque Verde,83,1137,False,2026-02-09 16:00:00
4578,124,Misty,Bosque Verde,62,985,True,2026-06-05 09:00:00
4579,73,Red,Ruta 1,71,1278,False,2026-04-23 10:00:00
4580,152,Brock,Cueva Celeste,8,51,True,2026-05-28 09:00:00
4581,50,Misty,Bosque Verde,25,132,True,2026-04-03 11:00:00
4582,26,Brock,Isla Canela,24,523,True,2026-06-26 21:00:00
4583,53,Ash,Isla Canela,69,1062,False,2026-04-14 03:00:00
4584,50,Brock,Isla Canela,2,10,True,2026-05-05 17:00:00
4585,129,Brock,Isla Canela,21,84,False,2026-06-12 18:00:00
4586,88,Brock,Monte Moon,54,351,True,2026-03-28 02:00:00
4587,44,Brock,Cueva Celeste,50,690,True,2026-03-14 06:00:00
4588,105,Misty,Isla Canela,40,596,False,2026-06-13 15:00:00
4589,150,Leaf,Isla Canela,49,1499,False,2026-01-12 01:00:00
4590,167,Ash,Zona Safari,69,345,True,2026-04-22 05:00:00
4591,144,Leaf,Zona Safari,10,261,True,2026-06-02 18:00:00
4592,108,Red,Monte Moon,11,84,False,2026-02-24 15:00:00
4593,131,Blue,Bosque Verde,75,1402,False,2026-04-06 17:00:00
4594,184,Leaf,Cueva Celeste,43,812,False,2026-06-09 20:00:00
4595,85,Leaf,Monte Moon,93,1534,True,2026-05-16 08:00:00
4596,58,Misty,Bosque Verde,33,231,True,2026-04-22 11:00:00
4597,162,Leaf,Monte Moon,22,319,True,2026-03-23 08:00:00
4598,14,Red,Bosque Verde,57,410,True,2026-06-13 07:00:00
4599,2,Leaf,Bosque Verde,30,426,True,2026-03-16 04:00:00
4600,36,Misty,Cueva Celeste,74,1605,True,2026-03-23 12:00:00
4601,65,Ash,Monte Moon,11,247,False,2026-01-18 15:00:00
4602,30,Brock,Cueva Celeste,68,870,False,2026-04-07 16:00:00
4603,82,Red,Cueva Celeste,82,1336,True,2026-04-03 12:00:00
4604,110,Red,Cueva Celeste,97,1668,True,2026-06-30 00:00:00
4605,48,Ash,Zona Safari,34,207,True,2026-04-29 12:00:00
4606,4,Misty,Zona Safari,10,62,False,2026-06-22 00:00:00
4607,77,Blue,Ruta 1,89,729,True,2026-05-07 16:00:00
4608,114,Brock,Zona Safari,62,539,False,2026-03-20 15:00:00
4609,196,Leaf,Ruta 1,74,1361,False,2026-04-24 21:00:00
4610,77,Blue,Isla Canela,49,401,False,2026-06-11 00:00:00
4611,105,Ash,Ruta 1,2,29,False,2026-03-04 14:00:00
4612,167,Red,Zona Safari,65,325,True,2026-06-25 11:00:00
4613,46,Red,Zona Safari,34,193,True,2026-04-24 22:00:00
4614,122,Misty,Monte Moon,78,1255,True,2026-02-01 16:00:00
4615,111,Brock,Ruta 1,84,579,False,2026-04-24 05:00:00
4616,144,Brock,Isla Canela,24,626,False,2026-01-12 16:00:00
4617,140,Leaf,Isla Canela,46,326,False,2026-06-03 20:00:00
4618,41,Red,Ruta 1,40,196,False,2026-01-16 01:00:00
4619,105,Ash,Bosque Verde,16,238,True,2026-04-04 09:00:00
4620,163,Leaf,Bosque Verde,18,93,True,2026-06-20 08:00:00
4621,191,Red,Isla Canela,68,244,False,2026-02-10 21:00:00
4622,54,Misty,Monte Moon,77,492,False,2026-02-26 03:00:00
4623,45,Brock,Cueva Celeste,29,640,True,2026-01-13 05:00:00
4624,117,Brock,Monte Moon,7,107,False,2026-06-30 05:00:00
4625,101,Red,Isla Canela,79,1358,True,2026-02-15 05:00:00
4626,61,Leaf,Monte Moon,59,796,False,2026-04-24 05:00:00
4627,131,Blue,Cueva Celeste,56,1047,True,2026-01-12 11:00:00
4628,15,Red,Monte Moon,81,1441,False,2026-02-08 05:00:00
4629,3,Blue,Monte Moon,44,1038,True,2026-01-01 17:00:00
4630,87,Brock,Isla Canela,4,66,True,2026-01-28 09:00:00
4631,153,Ash,Ruta 1,88,1249,True,2026-05-23 11:00:00
4632,186,Red,Cueva Celeste,54,1215,True,2026-01-25 11:00:00
4633,83,Red,Zona Safari,53,699,False,2026-03-27 17:00:00
4634,166,Leaf,Bosque Verde,15,205,True,2026-05-13 16:00:00
4635,114,Misty,Monte Moon,34,295,False,2026-01-09 13:00:00
4636,58,Red,Isla Canela,70,490,False,2026-02-02 06:00:00
4637,161,Brock,Ruta 1,18,77,False,2026-01-09 11:00:00
4638,119,Blue,Cueva Celeste,82,1295,False,2026-01-18 08:00:00
4639,191,Brock,Cueva Celeste,51,183,False,2026-04-16 00:00:00
4640,69,Ash,Cueva Celeste,51,306,True,2026-01-26 10:00:00
4641,197,Brock,Cueva Celeste,30,552,True,2026-04-12 22:00:00
4642,87,Ash,Cueva Celeste,50,830,True,2026-03-14 04:00:00
4643,51,Red,Zona Safari,27,402,False,2026-03-15 17:00:00
4644,22,Leaf,Monte Moon,40,620,True,2026-05-02 04:00:00
4645,145,Leaf,Zona Safari,50,1305,False,2026-06-25 05:00:00
4646,35,Brock,Ruta 1,41,463,True,2026-04-21 16:00:00
4647,198,Ash,Isla Canela,38,307,True,2026-04-29 05:00:00
4648,156,Brock,Monte Moon,28,397,False,2026-02-18 06:00:00
4649,136,Leaf,Monte Moon,35,644,True,2026-02-14 20:00:00
4650,175,Brock,Cueva Celeste,22,107,False,2026-06-14 18:00:00
4651,120,Brock,Monte Moon,8,54,False,2026-04-28 09:00:00
4652,23,Leaf,Cueva Celeste,7,40,False,2026-03-04 11:00:00
4653,188,Brock,Isla Canela,21,249,False,2026-06-29 16:00:00
4654,10,Blue,Cueva Celeste,99,386,False,2026-04-02 09:00:00
4655,179,Misty,Isla Canela,25,140,False,2026-03-28 05:00:00
4656,182,Brock,Monte Moon,88,1944,False,2026-02-01 20:00:00
4657,139,Misty,Bosque Verde,36,622,True,2026-03-09 00:00:00
4658,41,Ash,Cueva Celeste,93,455,True,2026-05-10 17:00:00
4659,110,Brock,Monte Moon,4,68,False,2026-05-03 08:00:00
4660,13,Ash,Bosque Verde,55,214,True,2026-04-24 22:00:00
4661,59,Leaf,Ruta 1,68,1319,True,2026-03-26 00:00:00
4662,172,Leaf,Cueva Celeste,56,229,False,2026-05-11 14:00:00
4663,193,Ash,Cueva Celeste,39,304,True,2026-02-03 17:00:00
4664,22,Misty,Isla Canela,12,186,True,2026-02-05 00:00:00
4665,50,Brock,Ruta 1,67,355,False,2026-03-27 18:00:00
4666,116,Red,Cueva Celeste,30,177,False,2026-06-19 10:00:00
4667,106,Ash,Isla Canela,86,1367,True,2026-06-08 23:00:00
4668,134,Blue,Monte Moon,53,975,True,2026-03-07 03:00:00
4669,172,Misty,Cueva Celeste,2,8,False,2026-05-25 12:00:00
4670,1,Blue,Monte Moon,12,76,False,2026-04-27 05:00:00
4671,130,Red,Zona Safari,14,264,True,2026-03-25 19:00:00
4672,92,Blue,Zona Safari,63,390,True,2026-06-01 03:00:00
4673,66,Blue,Isla Canela,91,555,False,2026-03-02 15:00:00
4674,31,Red,Zona Safari,96,2179,False,2026-01-02 20:00:00
4675,98,Red,Ruta 1,54,351,True,2026-04-09 19:00:00
4676,115,Misty,Zona Safari,51,877,True,2026-06-07 02:00:00
4677,37,Misty,Ruta 1,92,552,False,2026-02-21 17:00:00
4678,94,Brock,Isla Canela,5,112,True,2026-05-14 08:00:00
4679,6,Leaf,Cueva Celeste,96,2304,False,2026-02-08 07:00:00
4680,188,Brock,Cueva Celeste,37,440,True,2026-05-11 11:00:00
4681,110,Leaf,Zona Safari,20,344,False,2026-06-18 08:00:00
4682,51,Misty,Cueva Celeste,11,163,True,2026-06-18 03:00:00
4683,88,Ash,Ruta 1,97,630,False,2026-03-18 16:00:00
4684,88,Brock,Bosque Verde,31,201,True,2026-05-30 02:00:00
4685,170,Red,Cueva Celeste,4,26,False,2026-05-22 20:00:00
4686,51,Ash,Bosque Verde,91,1355,True,2026-04-20 13:00:00
4687,47,Red,Monte Moon,60,852,False,2026-01-23 06:00:00
4688,54,Leaf,Monte Moon,97,620,True,2026-03-24 12:00:00
4689,35,Brock,Monte Moon,30,339,False,2026-05-04 15:00:00
4690,52,Brock,Monte Moon,88,510,True,2026-06-12 21:00:00
4691,152,Misty,Isla Canela,19,121,False,2026-06-15 00:00:00
4692,89,Ash,Monte Moon,30,525,True,2026-06-10 08:00:00
4693,127,Misty,Bosque Verde,75,1312,False,2026-02-10 21:00:00
4694,34,Blue,Ruta 1,88,1997,False,2026-03-15 07:00:00
4695,12,Ash,Zona Safari,26,462,False,2026-05-01 22:00:00
4696,184,Blue,Zona Safari,84,1587,False,2026-06-13 05:00:00
4697,36,Brock,Zona Safari,95,2061,False,2026-05-09 05:00:00
4698,200,Blue,Ruta 1,63,548,False,2026-02-28 06:00:00
4699,24,Misty,Isla Canela,66,1036,True,2026-01-22 00:00:00
4700,150,Brock,Cueva Celeste,98,2998,True,2026-06-08 22:00:00
4701,126,Blue,Isla Canela,98,1695,False,2026-02-23 13:00:00
4702,142,Blue,Monte Moon,62,1116,True,2026-03-16 08:00:00
4703,8,Leaf,Zona Safari,100,1420,False,2026-05-29 16:00:00
4704,156,Blue,Ruta 1,94,1334,False,2026-03-05 05:00:00
4705,4,Ash,Cueva Celeste,82,508,False,2026-06-30 08:00:00
4706,177,Blue,Bosque Verde,14,89,False,2026-04-19 06:00:00
4707,191,Leaf,Ruta 1,74,266,True,2026-05-27 13:00:00
4708,119,Leaf,Monte Moon,41,647,True,2026-02-02 16:00:00
4709,11,Brock,Cueva Celeste,23,165,False,2026-03-18 03:00:00
4710,189,Misty,Ruta 1,99,2049,False,2026-04-24 08:00:00
4711,63,Ash,Cueva Celeste,77,477,False,2026-06-29 21:00:00
4712,18,Blue,Isla Canela,64,1382,False,2026-05-29 00:00:00
4713,177,Brock,Cueva Celeste,59,377,True,2026-02-08 19:00:00
4714,195,Leaf,Bosque Verde,28,422,True,2026-01-04 14:00:00
4715,172,Leaf,Isla Canela,73,299,False,2026-01-11 17:00:00
4716,22,Red,Monte Moon,79,1224,True,2026-05-17 20:00:00
4717,113,Leaf,Monte Moon,39,1540,False,2026-02-23 23:00:00
4718,116,Leaf,Cueva Celeste,61,359,True,2026-02-06 23:00:00
4719,31,Misty,Bosque Verde,14,317,True,2026-06-19 12:00:00
4720,188,Leaf,Cueva Celeste,97,1154,True,2026-04-21 11:00:00
4721,117,Red,Cueva Celeste,46,708,False,2026-02-14 23:00:00
4722,25,Misty,Zona Safari,43,481,True,2026-03-05 21:00:00
4723,23,Leaf,Ruta 1,50,290,False,2026-05-10 15:00:00
4724,141,Misty,Bosque Verde,77,1332,False,2026-06-22 02:00:00
4725,145,Red,Bosque Verde,73,1905,False,2026-05-08 06:00:00
4726,115,Blue,Ruta 1,74,1272,False,2026-01-21 12:00:00
4727,7,Misty,Bosque Verde,79,497,False,2026-04-03 02:00:00
4728,8,Ash,Isla Canela,94,1334,True,2026-06-28 21:00:00
4729,152,Misty,Cueva Celeste,84,537,True,2026-01-13 20:00:00
4730,14,Red,Zona Safari,83,597,True,2026-04-11 03:00:00
4731,68,Misty,Isla Canela,80,1816,True,2026-03-24 05:00:00
4732,200,Brock,Ruta 1,38,330,False,2026-01-19 13:00:00
4733,175,Leaf,Cueva Celeste,87,426,False,2026-05-01 17:00:00
4734,138,Red,Zona Safari,36,255,False,2026-01-01 18:00:00
4735,16,Leaf,Cueva Celeste,58,290,True,2026-02-21 11:00:00
4736,19,Leaf,Isla Canela,6,30,True,2026-05-03 08:00:00
4737,92,Ash,Monte Moon,37,229,True,2026-06-05 17:00:00
4738,139,Ash,Monte Moon,66,1141,False,2026-01-14 00:00:00
4739,161,Ash,Bosque Verde,64,275,False,2026-03-28 05:00:00
4740,141,Blue,Monte Moon,79,1366,False,2026-05-18 15:00:00
4741,200,Blue,Isla Canela,81,704,False,2026-05-15 13:00:00
4742,153,Misty,Zona Safari,94,1334,True,2026-04-07 00:00:00
4743,157,Red,Cueva Celeste,37,888,False,2026-05-19 06:00:00
4744,9,Red,Monte Moon,55,1314,False,2026-04-11 14:00:00
4745,12,Red,Cueva Celeste,63,1121,True,2026-03-16 13:00:00
4746,60,Leaf,Monte Moon,76,456,True,2026-02-08 14:00:00
4747,158,Leaf,Isla Canela,29,182,True,2026-06-08 06:00:00
4748,47,Red,Isla Canela,74,1050,False,2026-05-09 08:00:00
4749,82,Brock,Bosque Verde,31,505,True,2026-05-29 00:00:00
4750,141,Leaf,Monte Moon,25,432,True,2026-03-30 07:00:00
4751,158,Misty,Cueva Celeste,8,50,False,2026-04-11 22:00:00
4752,61,Brock,Bosque Verde,58,783,False,2026-02-04 23:00:00
4753,37,Brock,Isla Canela,38,228,True,2026-04-28 20:00:00
4754,156,Leaf,Zona Safari,14,198,False,2026-04-28 14:00:00
4755,46,Misty,Bosque Verde,54,307,True,2026-02-10 09:00:00
4756,3,Ash,Bosque Verde,25,590,True,2026-04-29 10:00:00
4757,133,Blue,Isla Canela,74,481,True,2026-06-30 10:00:00
4758,188,Red,Monte Moon,71,844,False,2026-02-08 14:00:00
4759,31,Ash,Zona Safari,85,1929,True,2026-03-16 22:00:00
4760,112,Red,Bosque Verde,19,323,True,2026-01-20 03:00:00
4761,77,Ash,Isla Canela,78,639,False,2026-04-29 17:00:00
4762,23,Blue,Monte Moon,73,423,True,2026-04-12 10:00:00
4763,50,Misty,Isla Canela,84,445,True,2026-01-14 02:00:00
4764,180,Red,Ruta 1,23,294,False,2026-06-20 11:00:00
4765,173,Red,Bosque Verde,35,154,True,2026-04-15 03:00:00
4766,53,Red,Zona Safari,83,1278,True,2026-03-20 04:00:00
4767,187,Blue,Bosque Verde,11,55,True,2026-04-11 12:00:00
4768,25,Misty,Cueva Celeste,38,425,False,2026-03-22 05:00:00
4769,180,Blue,Isla Canela,84,1075,True,2026-01-07 05:00:00
4770,181,Leaf,Ruta 1,56,1288,False,2026-02-15 15:00:00
4771,188,Misty,Monte Moon,30,357,True,2026-03-13 12:00:00
4772,12,Red,Zona Safari,88,1566,False,2026-01-13 06:00:00
4773,64,Blue,Isla Canela,8,112,False,2026-05-05 00:00:00
4774,94,Brock,Zona Safari,63,1417,True,2026-01-11 00:00:00
4775,36,Ash,Monte Moon,49,1063,False,2026-04-14 20:00:00
4776,87,Brock,Bosque Verde,62,1029,False,2026-05-14 09:00:00
4777,1,Red,Isla Canela,19,121,False,2026-05-06 23:00:00
4778,170,Leaf,Cueva Celeste,96,633,True,2026-02-16 05:00:00
4779,93,Blue,Isla Canela,24,340,True,2026-02-17 06:00:00
4780,123,Red,Ruta 1,87,869,True,2026-02-28 08:00:00
4781,41,Red,Bosque Verde,75,367,False,2026-03-15 12:00:00
4782,78,Misty,Ruta 1,56,979,True,2026-04-11 19:00:00
4783,98,Blue,Monte Moon,95,617,False,2026-04-06 04:00:00
4784,72,Misty,Cueva Celeste,33,221,False,2026-04-21 11:00:00
4785,118,Red,Bosque Verde,88,563,True,2026-03-29 12:00:00
4786,12,Ash,Isla Canela,19,338,False,2026-01-05 10:00:00
4787,64,Blue,Zona Safari,5,70,False,2026-06-03 10:00:00
4788,76,Misty,Isla Canela,22,490,True,2026-04-20 03:00:00
4789,129,Ash,Zona Safari,37,148,True,2026-05-01 16:00:00
4790,189,Ash,Cueva Celeste,69,1428,False,2026-05-13 02:00:00
4791,68,Ash,Ruta 1,33,749,True,2026-03-28 04:00:00
4792,3,Red,Zona Safari,52,1227,False,2026-02-23 20:00:00
4793,114,Blue,Isla Canela,89,774,False,2026-05-08 11:00:00
4794,12,Brock,Bosque Verde,96,1708,False,2026-04-29 13:00:00
4795,115,Red,Isla Canela,31,533,True,2026-06-14 17:00:00
4796,87,Red,Ruta 1,52,863,True,2026-04-15 18:00:00
4797,157,Leaf,Ruta 1,22,528,True,2026-05-11 19:00:00
4798,93,Brock,Cueva Celeste,99,1405,True,2026-01-26 11:00:00
4799,79,Brock,Cueva Celeste,86,541,False,2026-01-15 20:00:00
4800,153,Brock,Isla Canela,16,227,False,2026-03-15 20:00:00
4801,78,Ash,Ruta 1,55,962,True,2026-04-21 17:00:00
4802,36,Ash,Bosque Verde,13,282,True,2026-04-11 03:00:00
4803,59,Leaf,Cueva Celeste,94,1823,False,2026-04-28 22:00:00
4804,174,Brock,Monte Moon,47,197,False,2026-02-27 08:00:00
4805,34,Blue,Isla Canela,45,1021,False,2026-02-16 00:00:00
4806,178,Misty,Bosque Verde,80,1320,False,2026-03-30 07:00:00
4807,34,Blue,Zona Safari,68,1543,False,2026-03-15 17:00:00
4808,177,Brock,Bosque Verde,20,128,True,2026-03-17 11:00:00
4809,158,Leaf,Bosque Verde,41,258,False,2026-03-03 00:00:00
4810,69,Blue,Monte Moon,57,342,False,2026-01-09 04:00:00
4811,135,Leaf,Monte Moon,19,349,True,2026-05-08 13:00:00
4812,29,Ash,Zona Safari,22,121,False,2026-06-22 07:00:00
4813,58,Misty,Isla Canela,32,224,True,2026-05-09 08:00:00
4814,42,Misty,Ruta 1,44,699,True,2026-04-30 14:00:00
4815,115,Misty,Bosque Verde,85,1462,True,2026-06-07 01:00:00
4816,165,Misty,Cueva Celeste,97,514,True,2026-02-23 17:00:00
4817,198,Ash,Ruta 1,15,121,True,2026-04-27 14:00:00
4818,123,Blue,Monte Moon,15,150,False,2026-05-14 09:00:00
4819,71,Ash,Ruta 1,45,994,False,2026-06-09 21:00:00
4820,144,Blue,Isla Canela,80,2088,False,2026-06-26 02:00:00
4821,26,Brock,Isla Canela,68,1482,True,2026-01-18 22:00:00
4822,175,Misty,Cueva Celeste,52,254,False,2026-04-18 23:00:00
4823,190,Brock,Zona Safari,69,496,False,2026-04-27 18:00:00
4824,72,Blue,Isla Canela,100,670,True,2026-01-23 06:00:00
4825,2,Brock,Monte Moon,23,326,True,2026-03-07 06:00:00
4826,3,Misty,Isla Canela,40,944,True,2026-03-18 11:00:00
4827,107,Brock,Bosque Verde,55,874,True,2026-05-09 23:00:00
4828,49,Ash,Isla Canela,7,110,False,2026-03-26 05:00:00
4829,164,Blue,Bosque Verde,27,426,True,2026-06-14 15:00:00
4830,190,Leaf,Bosque Verde,27,194,False,2026-02-23 16:00:00
4831,69,Blue,Monte Moon,2,12,True,2026-03-14 18:00:00
4832,124,Misty,Zona Safari,4,63,False,2026-05-28 11:00:00
4833,11,Red,Bosque Verde,39,280,True,2026-06-16 11:00:00
4834,191,Ash,Monte Moon,43,154,False,2026-05-20 15:00:00
4835,14,Leaf,Bosque Verde,70,504,False,2026-01-13 03:00:00
4836,43,Red,Monte Moon,17,108,False,2026-05-25 23:00:00
4837,105,Leaf,Cueva Celeste,94,1400,False,2026-04-17 10:00:00
4838,19,Misty,Isla Canela,30,153,False,2026-04-09 11:00:00
4839,169,Red,Cueva Celeste,68,1638,True,2026-05-29 12:00:00
4840,149,Red,Cueva Celeste,94,2538,False,2026-06-11 09:00:00
4841,37,Leaf,Monte Moon,54,324,True,2026-03-16 23:00:00
4842,180,Leaf,Bosque Verde,59,755,True,2026-06-14 21:00:00
4843,27,Brock,Zona Safari,37,222,True,2026-05-20 14:00:00
4844,189,Brock,Isla Canela,65,1345,True,2026-02-03 14:00:00
4845,176,Red,Isla Canela,52,738,False,2026-01-25 15:00:00
4846,122,Brock,Bosque Verde,74,1191,False,2026-01-15 06:00:00
4847,102,Ash,Zona Safari,53,344,False,2026-01-06 06:00:00
4848,54,Blue,Ruta 1,22,140,False,2026-03-01 04:00:00
4849,68,Blue,Isla Canela,38,862,False,2026-05-25 12:00:00
4850,55,Red,Zona Safari,31,542,False,2026-06-21 04:00:00
4851,93,Leaf,Monte Moon,27,383,False,2026-04-07 18:00:00
4852,168,Red,Isla Canela,26,364,False,2026-06-12 02:00:00
4853,31,Misty,Zona Safari,78,1770,True,2026-02-10 06:00:00
4854,142,Ash,Monte Moon,22,396,False,2026-01-07 11:00:00
4855,144,Blue,Zona Safari,70,1827,False,2026-02-03 05:00:00
4856,123,Misty,Zona Safari,10,100,True,2026-01-05 17:00:00
4857,130,Red,Monte Moon,67,1266,True,2026-05-18 13:00:00
4858,86,Leaf,Cueva Celeste,78,507,True,2026-02-28 01:00:00
4859,22,Ash,Bosque Verde,5,77,False,2026-04-16 12:00:00
4860,197,Leaf,Ruta 1,7,128,False,2026-03-15 16:00:00
4861,124,Leaf,Zona Safari,59,938,False,2026-06-07 23:00:00
4862,69,Leaf,Monte Moon,22,132,False,2026-01-08 09:00:00
4863,39,Ash,Cueva Celeste,86,817,False,2026-05-20 15:00:00
4864,105,Leaf,Monte Moon,94,1400,True,2026-04-21 18:00:00
4865,4,Misty,Monte Moon,19,117,False,2026-05-23 13:00:00
4866,132,Misty,Zona Safari,25,252,False,2026-01-09 10:00:00
4867,112,Leaf,Ruta 1,54,918,False,2026-02-02 12:00:00
4868,118,Blue,Zona Safari,56,358,True,2026-02-15 23:00:00
4869,48,Brock,Bosque Verde,59,359,False,2026-04-28 03:00:00
4870,22,Ash,Bosque Verde,55,852,True,2026-06-14 19:00:00
4871,35,Ash,Cueva Celeste,94,1062,True,2026-01-11 01:00:00
4872,146,Brock,Bosque Verde,46,1200,True,2026-02-26 13:00:00
4873,104,Red,Ruta 1,90,576,True,2026-01-12 05:00:00
4874,87,Brock,Monte Moon,11,182,False,2026-06-25 11:00:00
4875,74,Blue,Ruta 1,13,78,True,2026-02-25 13:00:00
4876,22,Leaf,Monte Moon,45,697,False,2026-01-09 22:00:00
4877,77,Red,Monte Moon,82,672,True,2026-04-25 17:00:00
4878,65,Misty,Isla Canela,14,315,False,2026-04-11 17:00:00
4879,151,Brock,Cueva Celeste,51,1377,True,2026-04-05 22:00:00
4880,159,Blue,Cueva Celeste,100,1420,False,2026-04-13 06:00:00
4881,21,Blue,Isla Canela,99,514,True,2026-02-08 21:00:00
4882,44,Ash,Monte Moon,30,414,False,2026-03-13 23:00:00
4883,188,Red,Ruta 1,11,130,True,2026-01-24 08:00:00
4884,155,Brock,Zona Safari,48,297,False,2026-03-09 11:00:00
4885,49,Misty,Bosque Verde,75,1185,True,2026-05-26 08:00:00
4886,184,Blue,Zona Safari,75,1417,True,2026-05-31 18:00:00
4887,106,Ash,Zona Safari,68,1081,False,2026-06-19 12:00:00
4888,12,Ash,Cueva Celeste,24,427,True,2026-03-31 22:00:00
4889,111,Brock,Ruta 1,56,386,False,2026-05-31 03:00:00
4890,51,Misty,Ruta 1,7,104,False,2026-02-12 20:00:00
4891,117,Blue,Monte Moon,62,954,False,2026-06-14 19:00:00
4892,108,Brock,Monte Moon,53,408,True,2026-06-15 10:00:00
4893,144,Ash,Monte Moon,9,234,True,2026-03-14 16:00:00
4894,146,Red,Cueva Celeste,63,1644,True,2026-01-30 02:00:00
4895,121,Ash,Ruta 1,7,127,False,2026-03-20 02:00:00
4896,2,Ash,Cueva Celeste,8,113,False,2026-02-20 00:00:00
4897,48,Misty,Monte Moon,30,183,False,2026-06-28 19:00:00
4898,171,Leaf,Isla Canela,72,1159,False,2026-04-17 22:00:00
4899,176,Misty,Cueva Celeste,83,1178,True,2026-05-07 23:00:00
4900,132,Blue,Ruta 1,31,313,True,2026-02-17 14:00:00
4901,12,Ash,Monte Moon,35,623,True,2026-03-12 20:00:00
4902,99,Ash,Bosque Verde,82,1361,True,2026-05-07 20:00:00
4903,132,Blue,Isla Canela,2,20,False,2026-06-17 16:00:00
4904,46,Brock,Cueva Celeste,75,427,True,2026-02-27 01:00:00
4905,155,Ash,Ruta 1,31,192,False,2026-04-08 19:00:00
4906,142,Ash,Monte Moon,98,1764,True,2026-06-26 10:00:00
4907,130,Red,Zona Safari,19,359,True,2026-06-16 02:00:00
4908,173,Red,Zona Safari,51,224,True,2026-04-25 11:00:00
4909,118,Misty,Bosque Verde,56,358,True,2026-05-25 08:00:00
4910,134,Blue,Monte Moon,50,920,True,2026-01-31 13:00:00
4911,66,Misty,Bosque Verde,39,237,True,2026-01-16 20:00:00
4912,109,Blue,Bosque Verde,69,469,False,2026-06-27 14:00:00
4913,115,Misty,Zona Safari,39,670,True,2026-06-26 18:00:00
4914,134,Red,Cueva Celeste,42,772,False,2026-05-01 10:00:00
4915,92,Blue,Bosque Verde,80,496,True,2026-02-02 04:00:00
4916,59,Ash,Cueva Celeste,25,485,True,2026-02-25 06:00:00
4917,5,Red,Bosque Verde,68,965,True,2026-06-20 19:00:00
4918,130,Misty,Ruta 1,26,491,True,2026-02-05 10:00:00
4919,89,Brock,Monte Moon,31,542,True,2026-02-21 16:00:00
4920,149,Misty,Zona Safari,31,837,True,2026-05-16 15:00:00
4921,67,Red,Isla Canela,19,269,True,2026-06-13 06:00:00
4922,140,Ash,Isla Canela,73,518,True,2026-05-22 09:00:00
4923,183,Ash,Cueva Celeste,45,396,True,2026-03-19 23:00:00
4924,136,Ash,Isla Canela,28,515,True,2026-04-10 19:00:00
4925,115,Blue,Monte Moon,33,567,True,2026-01-18 20:00:00
4926,7,Blue,Cueva Celeste,100,630,False,2026-02-19 13:00:00
4927,67,Misty,Monte Moon,37,525,True,2026-04-16 03:00:00
4928,78,Misty,Zona Safari,73,1277,True,2026-04-21 19:00:00
4929,184,Red,Ruta 1,75,1417,True,2026-06-21 05:00:00
4930,138,Misty,Cueva Celeste,65,461,True,2026-05-03 13:00:00
4931,143,Ash,Monte Moon,67,1266,False,2026-03-13 09:00:00
4932,93,Leaf,Cueva Celeste,51,724,True,2026-06-15 13:00:00
4933,82,Misty,Zona Safari,14,228,False,2026-02-11 08:00:00
4934,187,Leaf,Zona Safari,21,105,True,2026-04-27 11:00:00
4935,191,Ash,Bosque Verde,10,36,True,2026-02-01 22:00:00
4936,17,Ash,Bosque Verde,66,805,True,2026-01-18 15:00:00
4937,17,Ash,Cueva Celeste,42,512,True,2026-04-18 21:00:00
4938,59,Brock,Isla Canela,63,1222,False,2026-04-26 14:00:00
4939,145,Ash,Ruta 1,48,1252,True,2026-03-15 20:00:00
4940,21,Red,Zona Safari,23,119,False,2026-06-14 03:00:00
4941,184,Red,Isla Canela,80,1512,True,2026-01-06 11:00:00
4942,200,Red,Isla Canela,93,809,False,2026-02-26 10:00:00
4943,128,Red,Cueva Celeste,5,86,True,2026-03-10 00:00:00
4944,40,Red,Monte Moon,41,803,False,2026-01-17 20:00:00
4945,49,Ash,Cueva Celeste,79,1248,True,2026-04-22 10:00:00
4946,115,Misty,Cueva Celeste,92,1582,False,2026-01-07 22:00:00
4947,39,Blue,Ruta 1,12,114,True,2026-01-09 19:00:00
4948,186,Misty,Ruta 1,59,1327,False,2026-01-06 21:00:00
4949,172,Blue,Bosque Verde,64,262,True,2026-01-06 11:00:00
4950,158,Misty,Zona Safari,53,333,True,2026-06-17 16:00:00
4951,147,Ash,Monte Moon,64,384,True,2026-04-07 03:00:00
4952,105,Red,Isla Canela,32,476,False,2026-04-16 23:00:00
4953,191,Leaf,Zona Safari,69,248,True,2026-02-11 02:00:00
4954,105,Brock,Isla Canela,10,149,True,2026-05-06 05:00:00
4955,126,Brock,Isla Canela,5,86,False,2026-03-08 21:00:00
4956,139,Blue,Cueva Celeste,73,1262,True,2026-01-28 13:00:00
4957,55,Ash,Bosque Verde,95,1662,False,2026-01-03 23:00:00
4958,107,Red,Cueva Celeste,67,1065,True,2026-02-16 15:00:00
4959,150,Blue,Zona Safari,36,1101,True,2026-02-10 23:00:00
4960,133,Misty,Cueva Celeste,75,487,False,2026-01-13 03:00:00
4961,61,Misty,Monte Moon,36,486,False,2026-03-30 02:00:00
4962,92,Ash,Monte Moon,25,155,True,2026-05-17 21:00:00
4963,60,Leaf,Ruta 1,5,30,False,2026-03-01 04:00:00
4964,55,Ash,Zona Safari,15,262,True,2026-01-24 17:00:00
4965,183,Red,Zona Safari,13,114,False,2026-06-09 00:00:00
4966,28,Misty,Ruta 1,90,1422,True,2026-05-23 12:00:00
4967,140,Ash,Ruta 1,62,440,False,2026-03-08 03:00:00
4968,99,Ash,Isla Canela,90,1494,False,2026-01-09 21:00:00
4969,22,Ash,Ruta 1,21,325,False,2026-06-17 17:00:00
4970,111,Brock,Isla Canela,36,248,False,2026-05-08 14:00:00
4971,12,Misty,Cueva Celeste,34,605,True,2026-02-14 16:00:00
4972,2,Misty,Ruta 1,50,710,True,2026-02-22 18:00:00
4973,42,Brock,Ruta 1,30,477,True,2026-04-17 15:00:00
4974,105,Red,Ruta 1,7,104,False,2026-02-01 21:00:00
4975,187,Blue,Ruta 1,39,195,True,2026-02-05 15:00:00
4976,181,Leaf,Cueva Celeste,42,966,True,2026-02-09 12:00:00
4977,33,Leaf,Bosque Verde,17,217,False,2026-03-10 08:00:00
4978,104,Ash,Monte Moon,43,275,True,2026-01-24 16:00:00
4979,170,Ash,Zona Safari,70,462,False,2026-06-22 12:00:00
4980,93,Red,Isla Canela,41,582,False,2026-05-30 15:00:00
4981,30,Red,Zona Safari,13,166,False,2026-03-03 13:00:00
4982,176,Misty,Bosque Verde,43,610,True,2026-01-03 09:00:00
4983,164,Ash,Monte Moon,58,916,False,2026-06-13 02:00:00
4984,175,Ash,Zona Safari,7,34,False,2026-02-02 19:00:00
4985,196,Misty,Monte Moon,31,570,False,2026-05-20 19:00:00
4986,152,Misty,Bosque Verde,24,153,False,2026-04-22 22:00:00
4987,138,Brock,Isla Canela,91,646,True,2026-02-21 07:00:00
4988,164,Red,Bosque Verde,98,1548,False,2026-02-25 06:00:00
4989,107,Ash,Cueva Celeste,32,508,True,2026-05-16 18:00:00
4990,53,Red,Monte Moon,68,1047,False,2026-05-11 16:00:00
4991,4,Leaf,Isla Canela,39,241,False,2026-06-23 04:00:00
4992,175,Red,Isla Canela,6,29,False,2026-02-04 04:00:00
4993,107,Misty,Bosque Verde,60,954,False,2026-02-03 04:00:00
4994,60,Misty,Isla Canela,10,60,False,2026-04-15 22:00:00
4995,69,Leaf,Cueva Celeste,24,144,False,2026-02-11 03:00:00
4996,42,Brock,Ruta 1,94,1494,True,2026-05-27 02:00:00
4997,32,Ash,Ruta 1,60,330,True,2026-06-01 13:00:00
4998,26,Ash,Zona Safari,61,1329,True,2026-06-17 00:00:00
4999,147,Ash,Ruta 1,46,276,True,2026-06-10 19:00:00
5000,16,Misty,Bosque Verde,67,335,False,2026-04-16 21:00:00
5001,153,Leaf,Cueva Celeste,25,355,True,2026-02-07 04:00:00
5002,2,Red,Isla Canela,65,923,True,2026-06-20 23:00:00
5003,138,Ash,Monte Moon,71,504,False,2026-03-21 19:00:00
5004,151,Ash,Monte Moon,80,2160,True,2026-04-08 23:00:00
5005,109,Ash,Bosque Verde,8,54,True,2026-02-05 23:00:00
5006,67,Brock,Bosque Verde,24,340,True,2026-04-24 17:00:00
5007,77,Blue,Cueva Celeste,54,442,False,2026-02-06 22:00:00
5008,131,Misty,Monte Moon,7,130,True,2026-03-10 02:00:00
5009,37,Misty,Monte Moon,74,444,True,2026-01-12 01:00:00
5010,21,Ash,Cueva Celeste,80,416,True,2026-05-14 10:00:00
5011,107,Ash,Isla Canela,91,1446,False,2026-03-17 01:00:00
5012,83,Misty,Ruta 1,43,567,True,2026-01-29 01:00:00
5013,175,Misty,Bosque Verde,71,347,True,2026-02-26 01:00:00
5014,142,Red,Isla Canela,47,846,True,2026-01-01 05:00:00
5015,78,Red,Bosque Verde,68,1190,False,2026-05-26 04:00:00
5016,49,Red,Monte Moon,28,442,False,2026-06-10 03:00:00
5017,76,Brock,Bosque Verde,3,66,True,2026-01-26 04:00:00
5018,127,Red,Bosque Verde,83,1452,True,2026-02-01 01:00:00
5019,134,Leaf,Isla Canela,7,128,False,2026-06-27 17:00:00
5020,23,Leaf,Bosque Verde,86,498,True,2026-06-14 05:00:00
5021,172,Ash,Cueva Celeste,33,135,True,2026-02-22 04:00:00
5022,15,Ash,Ruta 1,75,1335,False,2026-01-10 09:00:00
5023,34,Ash,Ruta 1,21,476,False,2026-05-16 00:00:00
5024,169,Leaf,Zona Safari,50,1205,True,2026-01-17 23:00:00
5025,53,Blue,Zona Safari,18,277,False,2026-02-08 21:00:00
5026,105,Ash,Monte Moon,59,879,False,2026-05-16 00:00:00
5027,3,Leaf,Isla Canela,21,495,False,2026-04-24 17:00:00
5028,72,Blue,Zona Safari,68,455,False,2026-05-16 04:00:00
5029,52,Ash,Zona Safari,62,359,False,2026-06-23 03:00:00
5030,110,Red,Bosque Verde,68,1169,False,2026-05-12 05:00:00
5031,164,Ash,Zona Safari,37,584,True,2026-06-28 06:00:00
5032,96,Ash,Zona Safari,45,297,False,2026-02-25 16:00:00
5033,33,Blue,Bosque Verde,99,1267,True,2026-03-09 22:00:00
5034,113,Red,Bosque Verde,71,2804,True,2026-01-25 07:00:00
5035,49,Brock,Ruta 1,5,79,False,2026-04-18 12:00:00
5036,122,Red,Cueva Celeste,37,595,True,2026-02-26 16:00:00
5037,3,Misty,Zona Safari,95,2242,False,2026-03-19 17:00:00
5038,96,Misty,Monte Moon,8,52,False,2026-01-12 06:00:00
5039,172,Red,Monte Moon,98,401,False,2026-02-01 14:00:00
5040,27,Blue,Monte Moon,90,540,True,2026-01-07 02:00:00
5041,180,Red,Ruta 1,58,742,False,2026-03-13 16:00:00
5042,65,Brock,Cueva Celeste,93,2092,False,2026-01-25 15:00:00
5043,54,Blue,Isla Canela,86,550,True,2026-02-18 08:00:00
5044,61,Brock,Zona Safari,50,675,True,2026-03-22 13:00:00
5045,194,Brock,Ruta 1,53,222,False,2026-03-14 11:00:00
5046,27,Ash,Zona Safari,78,468,False,2026-01-08 17:00:00
5047,67,Ash,Isla Canela,35,497,False,2026-01-11 16:00:00
5048,92,Ash,Monte Moon,14,86,True,2026-05-24 21:00:00
5049,181,Leaf,Zona Safari,77,1771,True,2026-04-01 17:00:00
5050,72,Red,Ruta 1,36,241,False,2026-05-02 16:00:00
5051,76,Misty,Bosque Verde,81,1806,True,2026-06-09 03:00:00
5052,37,Red,Zona Safari,54,324,True,2026-04-22 19:00:00
5053,172,Misty,Cueva Celeste,92,377,True,2026-03-29 23:00:00
5054,95,Ash,Isla Canela,72,554,False,2026-05-10 18:00:00
5055,157,Brock,Zona Safari,66,1584,False,2026-02-02 00:00:00
5056,177,Ash,Cueva Celeste,88,563,False,2026-04-03 12:00:00
5057,140,Brock,Zona Safari,99,702,False,2026-06-23 12:00:00
5058,190,Brock,Bosque Verde,33,237,False,2026-05-28 02:00:00
5059,112,Red,Ruta 1,52,884,False,2026-01-23 08:00:00
5060,112,Red,Bosque Verde,46,781,True,2026-04-22 06:00:00
5061,10,Red,Ruta 1,69,269,True,2026-05-02 13:00:00
5062,64,Misty,Isla Canela,44,616,False,2026-03-12 10:00:00
5063,82,Ash,Zona Safari,23,374,True,2026-03-23 19:00:00
5064,35,Ash,Monte Moon,40,452,False,2026-05-02 14:00:00
5065,17,Blue,Ruta 1,5,61,True,2026-04-29 02:00:00
5066,168,Misty,Zona Safari,14,196,False,2026-01-24 13:00:00
5067,171,Leaf,Isla Canela,71,1143,False,2026-02-13 19:00:00
5068,81,Red,Ruta 1,91,591,True,2026-05-31 10:00:00
5069,184,Blue,Isla Canela,40,756,True,2026-04-16 23:00:00
5070,41,Blue,Isla Canela,33,161,True,2026-04-29 14:00:00
5071,145,Red,Isla Canela,1,26,False,2026-06-08 06:00:00
5072,36,Ash,Cueva Celeste,75,1627,False,2026-03-13 20:00:00
5073,20,Blue,Zona Safari,59,855,True,2026-04-12 20:00:00
5074,15,Misty,Monte Moon,24,427,False,2026-03-27 02:00:00
5075,59,Brock,Ruta 1,3,58,True,2026-04-16 08:00:00
5076,60,Blue,Ruta 1,9,54,True,2026-01-07 06:00:00
5077,15,Blue,Bosque Verde,13,231,False,2026-06-20 16:00:00
5078,180,Ash,Ruta 1,89,1139,False,2026-02-04 05:00:00
5079,189,Leaf,Ruta 1,77,1593,False,2026-06-09 01:00:00
5080,54,Leaf,Zona Safari,40,256,False,2026-04-13 13:00:00
5081,8,Red,Zona Safari,51,724,True,2026-03-05 09:00:00
5082,179,Blue,Isla Canela,24,134,True,2026-05-16 23:00:00
5083,147,Brock,Isla Canela,17,102,False,2026-04-10 10:00:00
5084,118,Brock,Isla Canela,31,198,False,2026-04-12 10:00:00
5085,82,Ash,Bosque Verde,76,1238,False,2026-01-27 03:00:00
5086,171,Ash,Ruta 1,53,853,False,2026-03-24 12:00:00
5087,161,Brock,Zona Safari,48,206,True,2026-06-25 12:00:00
5088,35,Blue,Monte Moon,1,11,False,2026-06-20 06:00:00
5089,109,Red,Bosque Verde,26,176,False,2026-03-23 05:00:00
5090,8,Misty,Ruta 1,8,113,False,2026-01-23 06:00:00
5091,109,Misty,Bosque Verde,69,469,True,2026-01-26 12:00:00
5092,12,Misty,Bosque Verde,4,71,False,2026-03-06 23:00:00
5093,46,Leaf,Zona Safari,27,153,True,2026-01-06 04:00:00
5094,56,Leaf,Bosque Verde,17,103,True,2026-06-02 09:00:00
5095,63,Red,Zona Safari,46,285,True,2026-03-11 09:00:00
5096,133,Brock,Isla Canela,39,253,True,2026-03-15 18:00:00
5097,96,Misty,Cueva Celeste,85,561,False,2026-01-30 09:00:00
5098,187,Leaf,Monte Moon,71,355,True,2026-05-03 14:00:00
5099,139,Misty,Isla Canela,93,1608,False,2026-05-21 22:00:00
5100,131,Ash,Monte Moon,71,1327,True,2026-02-24 15:00:00
5101,23,Misty,Ruta 1,46,266,False,2026-01-10 12:00:00
5102,158,Ash,Isla Canela,26,163,False,2026-02-16 11:00:00
5103,111,Leaf,Zona Safari,7,48,True,2026-01-09 23:00:00
5104,43,Brock,Zona Safari,22,140,False,2026-05-23 00:00:00
5105,179,Misty,Ruta 1,63,352,False,2026-01-17 08:00:00
5106,80,Misty,Monte Moon,63,1083,False,2026-06-17 21:00:00
5107,159,Red,Isla Canela,96,1363,True,2026-01-28 13:00:00
5108,58,Red,Cueva Celeste,24,168,False,2026-02-14 12:00:00
5109,150,Misty,Bosque Verde,77,2356,False,2026-02-03 05:00:00
5110,12,Brock,Ruta 1,95,1691,True,2026-03-30 07:00:00
5111,68,Ash,Bosque Verde,61,1384,False,2026-06-11 02:00:00
5112,36,Brock,Isla Canela,25,542,True,2026-04-14 22:00:00
5113,24,Blue,Zona Safari,6,94,False,2026-06-22 20:00:00
5114,148,Ash,Isla Canela,38,558,True,2026-05-29 18:00:00
5115,139,Ash,Zona Safari,80,1384,False,2026-05-29 02:00:00
5116,47,Blue,Monte Moon,80,1136,False,2026-01-25 17:00:00
5117,189,Ash,Ruta 1,54,1117,False,2026-02-23 13:00:00
5118,72,Brock,Isla Canela,58,388,False,2026-06-11 08:00:00
5119,129,Leaf,Ruta 1,44,176,True,2026-02-11 14:00:00
5120,142,Leaf,Isla Canela,38,684,True,2026-05-07 01:00:00
5121,101,Brock,Bosque Verde,14,240,False,2026-02-14 08:00:00
5122,130,Brock,Cueva Celeste,2,37,True,2026-05-07 12:00:00
5123,44,Brock,Isla Canela,93,1283,True,2026-01-31 13:00:00
5124,127,Blue,Monte Moon,14,244,False,2026-02-14 12:00:00
5125,117,Red,Cueva Celeste,22,338,False,2026-02-04 19:00:00
5126,52,Red,Bosque Verde,23,133,True,2026-01-17 20:00:00
5127,52,Ash,Cueva Celeste,73,423,False,2026-03-02 07:00:00
5128,44,Misty,Cueva Celeste,74,1021,True,2026-03-07 11:00:00
5129,44,Ash,Bosque Verde,48,662,False,2026-06-13 12:00:00
5130,27,Leaf,Cueva Celeste,27,162,False,2026-03-23 08:00:00
5131,5,Ash,Zona Safari,67,951,True,2026-06-21 21:00:00
5132,41,Blue,Isla Canela,57,279,True,2026-04-03 09:00:00
5133,55,Blue,Monte Moon,95,1662,False,2026-06-26 21:00:00
5134,182,Misty,Cueva Celeste,91,2011,True,2026-02-12 22:00:00
5135,161,Brock,Monte Moon,66,283,False,2026-02-14 09:00:00
5136,90,Misty,Isla Canela,93,567,False,2026-02-11 06:00:00
5137,87,Ash,Monte Moon,100,1660,True,2026-02-18 10:00:00
5138,47,Leaf,Isla Canela,83,1178,False,2026-03-27 11:00:00
5139,191,Red,Ruta 1,48,172,False,2026-05-25 19:00:00
5140,137,Leaf,Monte Moon,66,521,False,2026-06-18 03:00:00
5141,165,Leaf,Monte Moon,84,445,False,2026-02-19 02:00:00
5142,170,Brock,Zona Safari,95,627,True,2026-06-12 13:00:00
5143,118,Leaf,Ruta 1,100,640,False,2026-05-01 13:00:00
5144,33,Leaf,Monte Moon,69,883,True,2026-01-05 05:00:00
5145,42,Red,Isla Canela,64,1017,False,2026-06-28 00:00:00
5146,87,Leaf,Bosque Verde,51,846,False,2026-04-22 06:00:00
5147,37,Brock,Isla Canela,23,138,False,2026-05-25 06:00:00
5148,118,Brock,Isla Canela,41,262,False,2026-02-16 16:00:00
5149,100,Red,Cueva Celeste,22,145,False,2026-03-22 08:00:00
5150,26,Misty,Cueva Celeste,23,501,True,2026-03-11 18:00:00
5151,81,Blue,Cueva Celeste,17,110,True,2026-02-12 04:00:00
5152,91,Ash,Bosque Verde,65,1196,False,2026-05-27 13:00:00
5153,31,Leaf,Bosque Verde,18,408,False,2026-03-14 14:00:00
5154,195,Misty,Isla Canela,20,302,True,2026-05-19 10:00:00
5155,179,Brock,Bosque Verde,8,44,False,2026-05-02 20:00:00
5156,91,Ash,Ruta 1,16,294,True,2026-02-10 09:00:00
5157,93,Misty,Cueva Celeste,65,923,True,2026-05-19 01:00:00
5158,62,Ash,Cueva Celeste,7,161,True,2026-01-23 17:00:00
5159,30,Brock,Isla Canela,70,896,True,2026-02-18 11:00:00
5160,194,Red,Isla Canela,41,172,False,2026-02-02 01:00:00
5161,51,Misty,Isla Canela,67,998,False,2026-06-18 12:00:00
5162,38,Ash,Isla Canela,63,1115,False,2026-04-19 03:00:00
5163,36,Blue,Cueva Celeste,30,651,False,2026-02-01 16:00:00
5164,181,Leaf,Zona Safari,96,2208,False,2026-02-18 01:00:00
5165,99,Red,Isla Canela,91,1510,True,2026-03-04 13:00:00
5166,68,Ash,Ruta 1,48,1089,False,2026-02-09 20:00:00
5167,4,Red,Monte Moon,61,378,True,2026-01-11 22:00:00
5168,48,Ash,Cueva Celeste,50,305,True,2026-01-27 09:00:00
5169,140,Brock,Ruta 1,77,546,True,2026-02-03 03:00:00
5170,104,Brock,Zona Safari,88,563,True,2026-04-04 04:00:00
5171,88,Brock,Isla Canela,66,429,True,2026-03-19 13:00:00
5172,180,Brock,Ruta 1,11,140,False,2026-06-09 04:00:00
5173,69,Misty,Zona Safari,62,372,True,2026-02-28 02:00:00
5174,49,Misty,Monte Moon,28,442,True,2026-04-04 00:00:00
5175,199,Brock,Monte Moon,90,1548,True,2026-06-03 00:00:00
5176,67,Misty,Cueva Celeste,22,312,True,2026-05-17 15:00:00
5177,163,Misty,Monte Moon,30,156,True,2026-03-25 00:00:00
5178,199,Misty,Bosque Verde,4,68,True,2026-01-17 13:00:00
5179,59,Brock,Cueva Celeste,25,485,True,2026-05-18 10:00:00
5180,52,Brock,Ruta 1,97,562,False,2026-04-21 17:00:00
5181,177,Ash,Monte Moon,17,108,False,2026-03-20 14:00:00
5182,80,Blue,Cueva Celeste,8,137,True,2026-01-01 22:00:00
5183,122,Blue,Monte Moon,20,322,True,2026-06-16 11:00:00
5184,127,Blue,Cueva Celeste,68,1190,False,2026-04-09 03:00:00
5185,143,Blue,Monte Moon,43,812,True,2026-06-23 12:00:00
5186,37,Ash,Zona Safari,57,342,True,2026-04-24 18:00:00
5187,17,Leaf,Isla Canela,90,1098,True,2026-03-24 17:00:00
5188,24,Leaf,Monte Moon,26,408,True,2026-06-01 16:00:00
5189,153,Misty,Bosque Verde,95,1349,False,2026-01-17 14:00:00
5190,45,Ash,Bosque Verde,71,1569,False,2026-04-29 01:00:00
5191,111,Ash,Monte Moon,67,462,True,2026-05-17 19:00:00
5192,26,Brock,Bosque Verde,5,109,True,2026-05-24 16:00:00
5193,167,Brock,Ruta 1,90,450,False,2026-06-07 14:00:00
5194,34,Ash,Zona Safari,25,567,False,2026-01-01 18:00:00
5195,175,Ash,Cueva Celeste,89,436,False,2026-01-27 09:00:00
5196,30,Blue,Zona Safari,58,742,True,2026-05-07 12:00:00
5197,167,Red,Monte Moon,10,50,True,2026-05-25 17:00:00
5198,5,Red,Monte Moon,47,667,True,2026-06-16 03:00:00
5199,149,Red,Zona Safari,11,297,False,2026-02-06 08:00:00
5200,76,Misty,Zona Safari,16,356,True,2026-06-05 06:00:00
5201,76,Red,Monte Moon,96,2140,False,2026-04-30 13:00:00
5202,161,Leaf,Bosque Verde,94,404,False,2026-04-03 19:00:00
5203,121,Brock,Monte Moon,86,1565,False,2026-05-09 06:00:00
5204,184,Red,Zona Safari,27,510,True,2026-04-30 18:00:00
5205,136,Brock,Cueva Celeste,19,349,True,2026-02-20 15:00:00
5206,66,Leaf,Monte Moon,3,18,True,2026-06-27 12:00:00
5207,48,Misty,Cueva Celeste,63,384,False,2026-03-23 19:00:00
5208,134,Red,Monte Moon,64,1177,True,2026-06-30 00:00:00
5209,184,Red,Cueva Celeste,40,756,False,2026-06-19 06:00:00
5210,138,Leaf,Cueva Celeste,100,710,False,2026-04-05 22:00:00
5211,155,Leaf,Isla Canela,76,471,False,2026-01-21 07:00:00
5212,9,Red,Monte Moon,5,119,True,2026-05-05 13:00:00
5213,191,Blue,Cueva Celeste,69,248,True,2026-02-11 05:00:00
5214,85,Blue,Cueva Celeste,42,693,True,2026-01-11 22:00:00
5215,170,Leaf,Monte Moon,28,184,True,2026-06-27 03:00:00
5216,64,Blue,Zona Safari,100,1400,False,2026-06-05 08:00:00
5217,58,Blue,Cueva Celeste,77,539,False,2026-04-28 17:00:00
5218,145,Ash,Monte Moon,16,417,False,2026-06-06 20:00:00
5219,119,Misty,Bosque Verde,80,1264,False,2026-05-08 00:00:00
5220,195,Red,Monte Moon,53,800,False,2026-06-14 23:00:00
5221,116,Misty,Isla Canela,64,377,False,2026-05-28 11:00:00
5222,128,Red,Monte Moon,51,877,True,2026-02-20 02:00:00
5223,114,Misty,Bosque Verde,97,843,False,2026-01-05 12:00:00
5224,133,Red,Monte Moon,68,442,False,2026-01-24 15:00:00
5225,5,Leaf,Bosque Verde,2,28,False,2026-04-17 00:00:00
5226,118,Red,Ruta 1,93,595,True,2026-02-26 13:00:00
5227,31,Red,Bosque Verde,96,2179,True,2026-03-12 23:00:00
5228,128,Misty,Cueva Celeste,39,670,False,2026-01-15 20:00:00
5229,193,Brock,Bosque Verde,79,616,False,2026-06-24 12:00:00
5230,126,Ash,Zona Safari,67,1159,True,2026-04-11 19:00:00
5231,23,Ash,Monte Moon,69,400,True,2026-01-10 04:00:00
5232,16,Leaf,Zona Safari,79,395,False,2026-06-04 01:00:00
5233,45,Leaf,Isla Canela,99,2187,True,2026-05-15 20:00:00
5234,191,Brock,Bosque Verde,91,327,True,2026-01-13 23:00:00
5235,1,Red,Bosque Verde,23,147,True,2026-06-27 05:00:00
5236,129,Blue,Isla Canela,60,240,True,2026-05-07 03:00:00
5237,76,Ash,Cueva Celeste,59,1315,False,2026-02-17 03:00:00
5238,41,Red,Ruta 1,8,39,False,2026-03-31 11:00:00
5239,16,Blue,Ruta 1,27,135,False,2026-02-08 05:00:00
5240,44,Red,Monte Moon,96,1324,False,2026-02-11 10:00:00
5241,61,Brock,Zona Safari,20,270,True,2026-05-10 17:00:00
5242,181,Red,Cueva Celeste,34,782,False,2026-01-30 10:00:00
5243,167,Leaf,Cueva Celeste,6,30,False,2026-03-07 18:00:00
5244,126,Red,Ruta 1,20,346,False,2026-06-05 16:00:00
5245,34,Blue,Bosque Verde,83,1884,True,2026-02-05 14:00:00
5246,177,Leaf,Zona Safari,87,556,True,2026-05-01 13:00:00
5247,177,Ash,Isla Canela,50,320,False,2026-06-27 23:00:00
5248,1,Red,Zona Safari,38,243,False,2026-04-23 04:00:00
5249,59,Misty,Isla Canela,16,310,False,2026-01-15 19:00:00
5250,28,Misty,Bosque Verde,26,410,False,2026-03-21 15:00:00
5251,198,Leaf,Monte Moon,70,567,False,2026-04-22 09:00:00
5252,94,Misty,Monte Moon,90,2025,True,2026-06-17 11:00:00
5253,78,Blue,Zona Safari,95,1662,True,2026-06-03 22:00:00
5254,76,Misty,Cueva Celeste,51,1137,False,2026-03-26 07:00:00
5255,1,Red,Isla Canela,56,358,True,2026-04-24 16:00:00
5256,186,Misty,Cueva Celeste,99,2227,True,2026-04-13 04:00:00
5257,122,Red,Monte Moon,78,1255,True,2026-02-13 05:00:00
5258,129,Misty,Zona Safari,85,340,True,2026-04-04 04:00:00
5259,149,Red,Zona Safari,68,1836,True,2026-01-11 09:00:00
5260,136,Blue,Ruta 1,18,331,True,2026-06-02 02:00:00
5261,88,Red,Cueva Celeste,45,292,True,2026-05-22 11:00:00
5262,79,Red,Isla Canela,35,220,True,2026-01-06 13:00:00
5263,12,Ash,Cueva Celeste,36,640,False,2026-04-10 23:00:00
5264,33,Leaf,Zona Safari,51,652,True,2026-01-08 18:00:00
5265,62,Leaf,Bosque Verde,73,1679,False,2026-02-13 11:00:00
5266,157,Leaf,Bosque Verde,90,2160,True,2026-02-05 08:00:00
5267,35,Brock,Ruta 1,32,361,True,2026-01-25 07:00:00
5268,69,Misty,Ruta 1,61,366,True,2026-02-13 09:00:00
5269,15,Brock,Cueva Celeste,31,551,False,2026-02-03 15:00:00
5270,99,Leaf,Ruta 1,4,66,False,2026-01-25 02:00:00
5271,192,Brock,Bosque Verde,72,1072,True,2026-05-17 01:00:00
5272,11,Leaf,Ruta 1,70,504,True,2026-01-29 05:00:00
5273,190,Blue,Cueva Celeste,30,216,False,2026-02-03 07:00:00
5274,86,Brock,Cueva Celeste,46,299,True,2026-06-14 23:00:00
5275,148,Leaf,Bosque Verde,20,294,False,2026-05-16 16:00:00
5276,11,Red,Isla Canela,54,388,False,2026-03-26 17:00:00
5277,79,Leaf,Monte Moon,28,176,True,2026-03-30 20:00:00
5278,44,Leaf,Cueva Celeste,45,621,True,2026-03-22 12:00:00
5279,194,Leaf,Zona Safari,30,126,False,2026-06-12 03:00:00
5280,4,Leaf,Monte Moon,97,601,True,2026-06-24 04:00:00
5281,38,Blue,Bosque Verde,44,778,True,2026-01-05 11:00:00
5282,120,Misty,Bosque Verde,80,544,True,2026-01-15 17:00:00
5283,89,Red,Zona Safari,10,175,True,2026-01-20 19:00:00
5284,5,Leaf,Ruta 1,90,1278,False,2026-01-16 23:00:00
5285,174,Ash,Ruta 1,45,189,False,2026-04-06 14:00:00
5286,170,Leaf,Zona Safari,78,514,True,2026-04-12 14:00:00
5287,200,Ash,Ruta 1,85,739,False,2026-03-06 22:00:00
5288,194,Blue,Bosque Verde,35,147,True,2026-04-29 15:00:00
5289,106,Blue,Bosque Verde,68,1081,True,2026-05-26 22:00:00
5290,74,Ash,Ruta 1,60,360,False,2026-06-27 14:00:00
5291,169,Red,Zona Safari,91,2193,False,2026-01-24 19:00:00
5292,11,Red,Monte Moon,32,230,True,2026-05-14 04:00:00
5293,195,Brock,Ruta 1,33,498,True,2026-06-19 00:00:00
5294,29,Brock,Bosque Verde,33,181,True,2026-06-27 19:00:00
5295,111,Red,Isla Canela,10,69,True,2026-04-25 14:00:00
5296,151,Misty,Monte Moon,5,135,True,2026-05-08 13:00:00
5297,105,Brock,Cueva Celeste,85,1266,False,2026-02-08 13:00:00
5298,3,Ash,Ruta 1,9,212,False,2026-06-05 08:00:00
5299,175,Misty,Isla Canela,72,352,False,2026-04-03 15:00:00
5300,185,Blue,Cueva Celeste,15,216,True,2026-06-24 06:00:00
5301,91,Ash,Isla Canela,99,1821,False,2026-01-30 23:00:00
5302,157,Brock,Cueva Celeste,7,168,False,2026-05-21 19:00:00
5303,83,Ash,Isla Canela,74,976,False,2026-06-06 14:00:00
5304,136,Ash,Ruta 1,4,73,False,2026-06-28 14:00:00
5305,119,Red,Zona Safari,10,158,True,2026-02-15 19:00:00
5306,80,Ash,Zona Safari,85,1462,True,2026-04-15 06:00:00
5307,142,Misty,Isla Canela,75,1350,False,2026-02-24 00:00:00
5308,90,Red,Zona Safari,46,280,True,2026-05-08 00:00:00
5309,113,Leaf,Bosque Verde,53,2093,True,2026-05-18 01:00:00
5310,12,Leaf,Isla Canela,78,1388,False,2026-05-23 00:00:00
5311,106,Brock,Zona Safari,26,413,True,2026-06-11 23:00:00
5312,1,Brock,Isla Canela,91,582,True,2026-06-05 07:00:00
5313,144,Leaf,Isla Canela,24,626,False,2026-05-12 05:00:00
5314,177,Ash,Bosque Verde,1,6,False,2026-06-29 12:00:00
5315,200,Red,Isla Canela,14,121,False,2026-05-30 14:00:00
5316,33,Brock,Zona Safari,52,665,True,2026-03-18 04:00:00
5317,37,Brock,Cueva Celeste,15,90,False,2026-06-15 22:00:00
5318,29,Misty,Zona Safari,18,99,True,2026-02-17 23:00:00
5319,57,Ash,Ruta 1,26,413,False,2026-05-12 15:00:00
5320,80,Brock,Isla Canela,21,361,False,2026-03-20 14:00:00
5321,159,Blue,Zona Safari,25,355,True,2026-02-13 07:00:00
5322,101,Leaf,Cueva Celeste,42,722,True,2026-03-16 11:00:00
5323,77,Brock,Zona Safari,41,336,True,2026-03-07 10:00:00
5324,196,Red,Monte Moon,95,1748,True,2026-06-20 23:00:00
5325,150,Red,Cueva Celeste,20,612,False,2026-01-25 21:00:00
5326,66,Ash,Ruta 1,89,542,False,2026-01-28 22:00:00
5327,118,Red,Isla Canela,46,294,False,2026-03-20 21:00:00
5328,97,Blue,Zona Safari,35,591,False,2026-03-31 00:00:00
5329,164,Blue,Ruta 1,15,237,False,2026-02-10 02:00:00
5330,134,Brock,Isla Canela,74,1361,False,2026-06-18 18:00:00
5331,131,Leaf,Zona Safari,26,486,False,2026-02-01 14:00:00
5332,110,Ash,Isla Canela,69,1186,False,2026-04-09 05:00:00
5333,7,Misty,Ruta 1,70,441,False,2026-04-17 13:00:00
5334,6,Red,Ruta 1,75,1800,False,2026-06-24 15:00:00
5335,32,Ash,Ruta 1,11,60,False,2026-05-12 12:00:00
5336,97,Brock,Zona Safari,92,1554,True,2026-02-11 07:00:00
5337,66,Blue,Isla Canela,25,152,False,2026-02-17 14:00:00
5338,89,Red,Monte Moon,33,577,False,2026-01-30 00:00:00
5339,155,Misty,Zona Safari,8,49,False,2026-01-26 02:00:00
5340,42,Red,Isla Canela,71,1128,False,2026-03-21 15:00:00
5341,95,Ash,Zona Safari,49,377,False,2026-06-24 16:00:00
5342,11,Red,Zona Safari,44,316,True,2026-04-15 08:00:00
5343,190,Ash,Cueva Celeste,29,208,True,2026-03-02 19:00:00
5344,83,Brock,Zona Safari,73,963,False,2026-03-12 14:00:00
5345,101,Red,Cueva Celeste,98,1685,False,2026-06-27 01:00:00
5346,27,Brock,Monte Moon,45,270,False,2026-02-11 01:00:00
5347,168,Leaf,Monte Moon,60,840,True,2026-02-25 20:00:00
5348,86,Ash,Bosque Verde,30,195,False,2026-01-09 17:00:00
5349,12,Leaf,Zona Safari,98,1744,True,2026-05-21 19:00:00
5350,134,Blue,Zona Safari,77,1416,True,2026-06-09 23:00:00
5351,151,Brock,Bosque Verde,74,1998,False,2026-03-25 21:00:00
5352,130,Blue,Monte Moon,26,491,True,2026-03-09 16:00:00
5353,168,Brock,Zona Safari,55,770,False,2026-03-11 13:00:00
5354,184,Red,Monte Moon,14,264,True,2026-05-12 21:00:00
5355,82,Ash,Zona Safari,4,65,False,2026-04-09 14:00:00
5356,137,Misty,Zona Safari,49,387,True,2026-05-22 17:00:00
5357,73,Red,Isla Canela,81,1458,True,2026-04-03 19:00:00
5358,36,Ash,Monte Moon,67,1453,False,2026-04-13 05:00:00
5359,107,Brock,Cueva Celeste,12,190,True,2026-06-17 12:00:00
5360,53,Leaf,Zona Safari,13,200,False,2026-02-19 07:00:00
5361,111,Blue,Ruta 1,25,172,True,2026-02-17 13:00:00
5362,149,Misty,Isla Canela,99,2673,True,2026-04-01 12:00:00
5363,36,Leaf,Bosque Verde,62,1345,False,2026-05-23 05:00:00
5364,192,Ash,Cueva Celeste,82,1221,True,2026-02-08 10:00:00
5365,32,Leaf,Bosque Verde,9,49,True,2026-02-11 19:00:00
5366,46,Leaf,Zona Safari,61,347,True,2026-04-28 19:00:00
5367,71,Leaf,Ruta 1,12,265,False,2026-01-25 03:00:00
5368,102,Brock,Monte Moon,69,448,True,2026-01-22 05:00:00
5369,156,Misty,Bosque Verde,95,1349,True,2026-04-17 23:00:00
5370,116,Brock,Cueva Celeste,27,159,True,2026-01-11 22:00:00
5371,179,Misty,Ruta 1,88,492,False,2026-01-14 01:00:00
5372,40,Red,Isla Canela,96,1881,False,2026-06-28 10:00:00
5373,163,Blue,Zona Safari,67,348,False,2026-05-13 22:00:00
5374,20,Red,Monte Moon,49,710,True,2026-03-10 17:00:00
5375,67,Ash,Isla Canela,48,681,True,2026-04-30 21:00:00
5376,142,Red,Ruta 1,76,1368,False,2026-05-31 19:00:00
5377,136,Ash,Monte Moon,56,1030,False,2026-02-07 23:00:00
5378,151,Misty,Isla Canela,25,675,True,2026-06-30 08:00:00
5379,135,Red,Zona Safari,10,184,False,2026-01-23 14:00:00
5380,15,Brock,Zona Safari,14,249,False,2026-04-15 20:00:00
5381,102,Brock,Zona Safari,55,357,True,2026-05-22 12:00:00
5382,184,Misty,Bosque Verde,65,1228,True,2026-03-10 23:00:00
5383,170,Misty,Cueva Celeste,31,204,False,2026-04-15 01:00:00
5384,114,Leaf,Bosque Verde,50,435,False,2026-06-22 02:00:00
5385,23,Red,Monte Moon,54,313,False,2026-03-16 16:00:00
5386,31,Brock,Monte Moon,83,1884,False,2026-01-21 16:00:00
5387,87,Misty,Ruta 1,50,830,True,2026-04-15 07:00:00
5388,52,Misty,Cueva Celeste,14,81,False,2026-04-29 06:00:00
5389,11,Blue,Bosque Verde,60,432,True,2026-06-05 02:00:00
5390,48,Red,Bosque Verde,13,79,True,2026-06-05 15:00:00
5391,177,Misty,Cueva Celeste,36,230,True,2026-01-30 23:00:00
5392,83,Ash,Ruta 1,1,13,False,2026-02-02 03:00:00
5393,16,Misty,Bosque Verde,72,360,False,2026-02-15 22:00:00
5394,17,Brock,Monte Moon,45,549,False,2026-02-02 19:00:00
5395,122,Blue,Bosque Verde,67,1078,True,2026-03-02 18:00:00
5396,74,Blue,Cueva Celeste,7,42,True,2026-01-21 06:00:00
5397,48,Ash,Isla Canela,62,378,True,2026-01-31 13:00:00
5398,191,Red,Monte Moon,7,25,True,2026-01-06 07:00:00
5399,109,Misty,Monte Moon,43,292,True,2026-04-15 21:00:00
5400,140,Red,Ruta 1,71,504,False,2026-01-16 17:00:00
5401,92,Ash,Ruta 1,55,341,True,2026-04-21 22:00:00
5402,135,Ash,Zona Safari,30,552,False,2026-01-18 22:00:00
5403,123,Red,Zona Safari,84,840,True,2026-03-30 06:00:00
5404,52,Leaf,Bosque Verde,46,266,False,2026-05-11 12:00:00
5405,99,Red,Bosque Verde,43,713,False,2026-03-09 19:00:00
5406,97,Red,Ruta 1,98,1656,False,2026-02-15 19:00:00
5407,86,Blue,Zona Safari,62,403,False,2026-04-17 12:00:00
5408,122,Ash,Monte Moon,2,32,True,2026-06-23 20:00:00
5409,150,Brock,Bosque Verde,6,183,True,2026-05-28 14:00:00
5410,157,Misty,Ruta 1,15,360,False,2026-06-23 09:00:00
5411,79,Ash,Monte Moon,75,472,True,2026-04-20 02:00:00
5412,138,Ash,Cueva Celeste,2,14,False,2026-04-01 20:00:00
5413,47,Brock,Bosque Verde,67,951,True,2026-03-16 14:00:00
5414,195,Misty,Bosque Verde,36,543,False,2026-01-27 01:00:00
5415,152,Red,Bosque Verde,33,211,False,2026-01-01 05:00:00
5416,114,Leaf,Zona Safari,72,626,False,2026-05-03 09:00:00
5417,10,Brock,Zona Safari,29,113,False,2026-03-30 11:00:00
5418,91,Blue,Monte Moon,20,368,True,2026-04-18 05:00:00
5419,51,Leaf,Cueva Celeste,74,1102,False,2026-02-15 13:00:00
5420,143,Blue,Ruta 1,73,1379,True,2026-06-19 02:00:00
5421,75,Leaf,Isla Canela,38,520,True,2026-02-02 02:00:00
5422,67,Misty,Ruta 1,56,795,False,2026-06-19 15:00:00
5423,99,Leaf,Cueva Celeste,10,166,True,2026-02-08 15:00:00
5424,6,Red,Monte Moon,89,2136,True,2026-02-18 15:00:00
5425,117,Ash,Zona Safari,4,61,False,2026-06-08 13:00:00
5426,139,Red,Monte Moon,64,1107,True,2026-01-15 23:00:00
5427,27,Red,Zona Safari,90,540,False,2026-03-07 05:00:00
5428,117,Leaf,Bosque Verde,47,723,False,2026-03-25 20:00:00
5429,69,Blue,Bosque Verde,56,336,True,2026-02-21 15:00:00
5430,18,Blue,Ruta 1,55,1188,False,2026-01-21 14:00:00
5431,144,Blue,Isla Canela,34,887,False,2026-06-13 20:00:00
5432,197,Ash,Bosque Verde,28,515,True,2026-05-25 02:00:00
5433,46,Blue,Bosque Verde,63,359,False,2026-03-29 16:00:00
5434,36,Leaf,Isla Canela,48,1041,False,2026-04-05 09:00:00
5435,87,Blue,Monte Moon,63,1045,True,2026-04-22 05:00:00
5436,53,Brock,Cueva Celeste,16,246,False,2026-04-07 11:00:00
5437,155,Red,Isla Canela,31,192,False,2026-05-09 20:00:00
5438,37,Ash,Zona Safari,76,456,False,2026-01-06 19:00:00
5439,48,Red,Zona Safari,76,463,True,2026-06-12 01:00:00
5440,74,Misty,Cueva Celeste,84,504,False,2026-02-10 09:00:00
5441,5,Ash,Ruta 1,47,667,True,2026-03-25 16:00:00
5442,175,Misty,Zona Safari,78,382,True,2026-04-04 09:00:00
5443,170,Blue,Bosque Verde,43,283,True,2026-01-09 11:00:00
5444,62,Ash,Bosque Verde,97,2231,False,2026-01-27 15:00:00
5445,93,Brock,Cueva Celeste,21,298,False,2026-04-27 21:00:00
5446,34,Misty,Ruta 1,47,1066,False,2026-01-02 09:00:00
5447,154,Red,Isla Canela,64,1510,True,2026-02-21 21:00:00
5448,51,Red,Cueva Celeste,42,625,True,2026-05-03 05:00:00
5449,79,Blue,Isla Canela,99,623,True,2026-05-27 14:00:00
5450,46,Brock,Monte Moon,2,11,False,2026-01-06 09:00:00
5451,14,Leaf,Bosque Verde,58,417,False,2026-06-12 05:00:00
5452,72,Brock,Monte Moon,35,234,True,2026-05-05 09:00:00
5453,88,Ash,Isla Canela,71,461,False,2026-05-03 05:00:00
5454,194,Brock,Cueva Celeste,25,105,True,2026-02-25 19:00:00
5455,37,Red,Ruta 1,38,228,False,2026-04-17 23:00:00
5456,58,Blue,Zona Safari,70,490,False,2026-03-03 14:00:00
5457,53,Red,Monte Moon,16,246,True,2026-05-05 21:00:00
5458,158,Brock,Zona Safari,30,189,False,2026-06-01 05:00:00
5459,81,Misty,Monte Moon,9,58,False,2026-01-29 01:00:00
5460,11,Leaf,Ruta 1,73,525,True,2026-04-28 08:00:00
5461,184,Leaf,Cueva Celeste,84,1587,False,2026-02-28 22:00:00
5462,63,Red,Cueva Celeste,6,37,False,2026-02-09 23:00:00
5463,14,Leaf,Isla Canela,3,21,True,2026-06-15 08:00:00
5464,140,Blue,Ruta 1,26,184,False,2026-06-28 00:00:00
5465,74,Brock,Ruta 1,49,294,False,2026-03-15 05:00:00
5466,80,Blue,Cueva Celeste,56,963,False,2026-06-17 11:00:00
5467,174,Red,Ruta 1,38,159,False,2026-06-30 05:00:00
5468,156,Red,Isla Canela,72,1022,True,2026-02-24 18:00:00
5469,155,Misty,Cueva Celeste,89,551,False,2026-01-09 16:00:00
5470,185,Blue,Bosque Verde,2,28,True,2026-05-28 19:00:00
5471,196,Red,Zona Safari,44,809,False,2026-04-24 15:00:00
5472,129,Misty,Monte Moon,57,228,True,2026-01-27 10:00:00
5473,36,Ash,Isla Canela,8,173,False,2026-05-13 16:00:00
5474,15,Leaf,Ruta 1,86,1530,False,2026-01-06 03:00:00
5475,186,Red,Zona Safari,35,787,False,2026-01-10 13:00:00
5476,155,Leaf,Cueva Celeste,70,434,True,2026-04-09 12:00:00
5477,36,Red,Monte Moon,16,347,False,2026-06-16 02:00:00
5478,120,Red,Cueva Celeste,100,680,True,2026-04-17 10:00:00
5479,191,Blue,Zona Safari,23,82,True,2026-05-23 20:00:00
5480,189,Misty,Monte Moon,93,1925,True,2026-02-14 01:00:00
5481,77,Red,Zona Safari,20,164,False,2026-04-28 18:00:00
5482,25,Leaf,Bosque Verde,23,257,True,2026-03-01 12:00:00
5483,13,Brock,Zona Safari,18,70,False,2026-05-27 11:00:00
5484,148,Ash,Bosque Verde,53,779,False,2026-02-14 02:00:00
5485,146,Blue,Cueva Celeste,60,1566,True,2026-03-01 22:00:00
5486,32,Brock,Bosque Verde,28,154,True,2026-06-23 01:00:00
5487,104,Brock,Isla Canela,16,102,False,2026-02-28 22:00:00
5488,196,Red,Ruta 1,77,1416,True,2026-05-23 08:00:00
5489,15,Brock,Isla Canela,92,1637,False,2026-01-11 22:00:00
5490,95,Blue,Ruta 1,9,69,True,2026-06-27 02:00:00
5491,86,Red,Zona Safari,12,78,False,2026-01-04 10:00:00
5492,35,Brock,Cueva Celeste,39,440,True,2026-03-28 11:00:00
5493,108,Red,Isla Canela,55,423,False,2026-04-22 17:00:00
5494,56,Misty,Cueva Celeste,67,408,True,2026-01-22 00:00:00
5495,92,Leaf,Zona Safari,17,105,True,2026-01-05 07:00:00
5496,190,Leaf,Ruta 1,35,252,False,2026-02-28 00:00:00
5497,67,Leaf,Zona Safari,41,582,True,2026-02-02 13:00:00
5498,194,Red,Monte Moon,32,134,True,2026-05-21 09:00:00
5499,145,Ash,Cueva Celeste,58,1513,True,2026-02-26 00:00:00
5500,40,Leaf,Isla Canela,97,1901,False,2026-03-23 06:00:00
5501,9,Red,Bosque Verde,88,2103,True,2026-05-08 01:00:00
5502,40,Misty,Monte Moon,81,1587,False,2026-04-06 00:00:00
5503,140,Misty,Monte Moon,92,653,False,2026-03-23 21:00:00
5504,121,Blue,Bosque Verde,56,1019,True,2026-04-14 13:00:00
5505,37,Brock,Isla Canela,59,354,True,2026-03-25 12:00:00
5506,119,Brock,Bosque Verde,23,363,False,2026-03-06 01:00:00
5507,31,Ash,Isla Canela,78,1770,True,2026-01-18 08:00:00
5508,196,Brock,Monte Moon,68,1251,False,2026-01-31 18:00:00
5509,120,Misty,Monte Moon,98,666,False,2026-01-27 21:00:00
5510,124,Misty,Zona Safari,87,1383,False,2026-01-20 09:00:00
5511,123,Misty,Bosque Verde,31,310,False,2026-02-03 04:00:00
5512,99,Red,Monte Moon,89,1477,True,2026-03-04 17:00:00
5513,68,Red,Cueva Celeste,59,1339,False,2026-04-07 14:00:00
5514,64,Misty,Cueva Celeste,42,588,False,2026-05-06 17:00:00
5515,138,Leaf,Isla Canela,2,14,False,2026-05-16 15:00:00
5516,124,Red,Monte Moon,62,985,True,2026-03-09 05:00:00
5517,48,Brock,Cueva Celeste,79,481,True,2026-03-04 06:00:00
5518,128,Red,Monte Moon,22,378,True,2026-05-31 17:00:00
5519,195,Blue,Bosque Verde,76,1147,False,2026-01-07 15:00:00
5520,190,Red,Bosque Verde,25,180,True,2026-04-29 22:00:00
5521,142,Ash,Isla Canela,32,576,True,2026-04-15 11:00:00
5522,55,Ash,Cueva Celeste,81,1417,False,2026-01-17 04:00:00
5523,185,Misty,Zona Safari,64,921,False,2026-01-26 15:00:00
5524,38,Leaf,Bosque Verde,78,1380,True,2026-03-10 02:00:00
5525,38,Ash,Zona Safari,12,212,True,2026-01-10 14:00:00
5526,60,Red,Isla Canela,4,24,False,2026-06-08 13:00:00
5527,63,Misty,Cueva Celeste,21,130,True,2026-04-04 12:00:00
5528,26,Ash,Monte Moon,26,566,True,2026-03-10 16:00:00
5529,115,Ash,Ruta 1,88,1513,True,2026-01-31 17:00:00
5530,91,Misty,Bosque Verde,44,809,True,2026-04-12 03:00:00
5531,126,Misty,Cueva Celeste,85,1470,False,2026-05-07 03:00:00
5532,176,Leaf,Zona Safari,25,355,False,2026-06-15 22:00:00
5533,160,Leaf,Zona Safari,31,740,False,2026-01-04 01:00:00
5534,39,Leaf,Isla Canela,55,522,True,2026-04-10 19:00:00
5535,97,Red,Zona Safari,2,33,False,2026-04-21 18:00:00
5536,128,Ash,Monte Moon,91,1565,True,2026-03-09 23:00:00
5537,103,Leaf,Zona Safari,31,576,True,2026-01-29 21:00:00
5538,159,Red,Monte Moon,4,56,True,2026-01-21 13:00:00
5539,65,Leaf,Zona Safari,100,2250,False,2026-02-10 05:00:00
5540,128,Leaf,Zona Safari,93,1599,False,2026-03-24 15:00:00
5541,123,Blue,Ruta 1,32,320,False,2026-06-11 23:00:00
5542,60,Ash,Isla Canela,63,378,False,2026-01-23 07:00:00
5543,154,Blue,Cueva Celeste,93,2194,True,2026-03-05 12:00:00
5544,189,Ash,Ruta 1,25,517,False,2026-02-17 02:00:00
5545,67,Leaf,Ruta 1,98,1391,True,2026-04-14 03:00:00
5546,66,Blue,Zona Safari,68,414,False,2026-01-15 05:00:00
5547,193,Misty,Bosque Verde,49,382,False,2026-04-08 00:00:00
5548,118,Red,Bosque Verde,88,563,False,2026-01-01 14:00:00
5549,144,Misty,Bosque Verde,37,965,True,2026-03-28 15:00:00
5550,184,Ash,Bosque Verde,36,680,True,2026-05-23 14:00:00
5551,92,Red,Bosque Verde,78,483,True,2026-04-29 00:00:00
5552,14,Blue,Monte Moon,26,187,True,2026-05-02 23:00:00
5553,43,Misty,Ruta 1,86,550,True,2026-04-03 09:00:00
5554,164,Leaf,Zona Safari,37,584,False,2026-02-01 07:00:00
5555,93,Brock,Zona Safari,36,511,True,2026-01-28 02:00:00
5556,91,Ash,Zona Safari,10,184,False,2026-04-28 01:00:00
5557,127,Blue,Monte Moon,24,420,True,2026-05-17 01:00:00
5558,60,Leaf,Cueva Celeste,36,216,False,2026-05-19 21:00:00
5559,84,Misty,Isla Canela,67,415,True,2026-06-09 09:00:00
5560,188,Misty,Cueva Celeste,25,297,True,2026-04-02 03:00:00
5561,178,Brock,Cueva Celeste,52,858,True,2026-04-23 15:00:00
5562,13,Misty,Ruta 1,80,312,True,2026-05-16 14:00:00
5563,60,Brock,Monte Moon,57,342,True,2026-06-05 09:00:00
5564,197,Blue,Monte Moon,46,846,False,2026-06-13 06:00:00
5565,193,Misty,Ruta 1,3,23,False,2026-06-26 11:00:00
5566,147,Ash,Bosque Verde,51,306,False,2026-04-20 19:00:00
5567,37,Misty,Ruta 1,80,480,True,2026-03-10 19:00:00
5568,18,Blue,Bosque Verde,12,259,True,2026-04-06 19:00:00
5569,200,Brock,Monte Moon,42,365,True,2026-04-04 07:00:00
5570,144,Blue,Ruta 1,32,835,True,2026-02-19 17:00:00
5571,84,Misty,Bosque Verde,18,111,True,2026-04-26 01:00:00
5572,52,Misty,Ruta 1,4,23,True,2026-06-07 05:00:00
5573,171,Leaf,Bosque Verde,52,837,True,2026-02-23 17:00:00
5574,158,Ash,Monte Moon,29,182,True,2026-03-11 16:00:00
5575,72,Ash,Monte Moon,44,294,False,2026-04-17 06:00:00
5576,139,Ash,Cueva Celeste,34,588,True,2026-04-12 06:00:00
5577,70,Leaf,Ruta 1,31,424,True,2026-01-20 17:00:00
5578,111,Brock,Bosque Verde,78,538,True,2026-05-22 00:00:00
5579,52,Misty,Bosque Verde,2,11,False,2026-06-13 13:00:00
5580,86,Misty,Monte Moon,43,279,True,2026-02-11 03:00:00
5581,148,Misty,Cueva Celeste,54,793,True,2026-01-29 06:00:00
5582,149,Brock,Isla Canela,10,270,True,2026-04-14 19:00:00
5583,118,Misty,Bosque Verde,43,275,True,2026-05-12 18:00:00
5584,171,Blue,Ruta 1,75,1207,False,2026-05-24 01:00:00
5585,41,Brock,Isla Canela,93,455,False,2026-01-01 20:00:00
5586,5,Leaf,Cueva Celeste,9,127,True,2026-03-27 17:00:00
5587,73,Brock,Bosque Verde,49,882,False,2026-03-26 12:00:00
5588,171,Leaf,Monte Moon,35,563,True,2026-04-15 09:00:00
5589,61,Leaf,Isla Canela,83,1120,False,2026-03-17 06:00:00
5590,56,Brock,Bosque Verde,67,408,False,2026-03-04 01:00:00
5591,199,Blue,Bosque Verde,37,636,False,2026-02-15 13:00:00
5592,70,Ash,Ruta 1,47,643,True,2026-03-13 06:00:00
5593,197,Brock,Ruta 1,13,239,True,2026-05-15 22:00:00
5594,110,Red,Isla Canela,7,120,False,2026-03-12 05:00:00
5595,46,Blue,Zona Safari,80,456,True,2026-05-31 10:00:00
5596,63,Leaf,Ruta 1,50,310,False,2026-03-10 19:00:00
5597,55,Red,Ruta 1,77,1347,True,2026-02-09 08:00:00
5598,1,Leaf,Cueva Celeste,85,544,False,2026-03-13 01:00:00
5599,47,Misty,Cueva Celeste,6,85,True,2026-06-17 01:00:00
5600,74,Misty,Ruta 1,4,24,True,2026-02-06 14:00:00
5601,80,Brock,Cueva Celeste,80,1376,False,2026-06-17 18:00:00
5602,28,Misty,Ruta 1,59,932,False,2026-03-09 09:00:00
5603,68,Blue,Isla Canela,82,1861,True,2026-01-05 19:00:00
5604,22,Brock,Cueva Celeste,6,93,True,2026-02-26 07:00:00
5605,177,Leaf,Bosque Verde,84,537,False,2026-02-25 00:00:00
5606,15,Leaf,Ruta 1,44,783,True,2026-06-25 21:00:00
5607,164,Misty,Cueva Celeste,11,173,True,2026-03-25 21:00:00
5608,171,Red,Zona Safari,28,450,True,2026-05-30 18:00:00
5609,86,Leaf,Bosque Verde,35,227,False,2026-02-27 05:00:00
5610,99,Misty,Zona Safari,91,1510,True,2026-03-26 16:00:00
5611,45,Brock,Isla Canela,55,1215,True,2026-06-17 12:00:00
5612,35,Brock,Isla Canela,97,1096,False,2026-05-15 06:00:00
5613,99,Red,Monte Moon,89,1477,True,2026-04-17 07:00:00
5614,83,Ash,Zona Safari,89,1174,True,2026-01-13 15:00:00
5615,193,Leaf,Zona Safari,54,421,True,2026-01-28 11:00:00
5616,182,Leaf,Ruta 1,70,1547,False,2026-02-13 18:00:00
5617,86,Ash,Ruta 1,71,461,False,2026-02-21 04:00:00
5618,182,Brock,Monte Moon,17,375,False,2026-05-22 16:00:00
5619,31,Brock,Ruta 1,7,158,False,2026-05-01 15:00:00
5620,134,Brock,Bosque Verde,88,1619,True,2026-05-25 13:00:00
5621,107,Brock,Isla Canela,38,604,False,2026-03-28 03:00:00
5622,7,Brock,Monte Moon,13,81,False,2026-01-16 10:00:00
5623,122,Brock,Cueva Celeste,32,515,False,2026-04-21 23:00:00
5624,130,Leaf,Cueva Celeste,55,1039,True,2026-02-07 15:00:00
5625,81,Brock,Isla Canela,32,208,True,2026-06-07 07:00:00
5626,127,Brock,Zona Safari,33,577,True,2026-01-14 11:00:00
5627,176,Misty,Monte Moon,95,1349,True,2026-03-16 09:00:00
5628,141,Misty,Ruta 1,89,1539,True,2026-02-19 07:00:00
5629,14,Blue,Monte Moon,62,446,True,2026-03-31 12:00:00
5630,148,Misty,Ruta 1,9,132,True,2026-03-15 06:00:00
5631,151,Red,Bosque Verde,40,1080,True,2026-05-10 13:00:00
5632,114,Blue,Monte Moon,72,626,False,2026-05-19 14:00:00
5633,197,Misty,Cueva Celeste,8,147,True,2026-02-24 19:00:00
5634,173,Blue,Isla Canela,77,338,False,2026-02-14 16:00:00
5635,84,Red,Isla Canela,84,520,False,2026-04-24 17:00:00
5636,29,Misty,Bosque Verde,59,324,False,2026-04-26 07:00:00
5637,16,Blue,Zona Safari,7,35,True,2026-04-25 20:00:00
5638,40,Leaf,Isla Canela,39,764,True,2026-05-20 19:00:00
5639,158,Misty,Ruta 1,32,201,False,2026-06-22 07:00:00
5640,192,Misty,Ruta 1,64,953,True,2026-03-11 16:00:00
5641,27,Misty,Cueva Celeste,16,96,False,2026-06-12 01:00:00
5642,132,Red,Monte Moon,50,505,True,2026-04-25 16:00:00
5643,124,Brock,Ruta 1,9,143,True,2026-04-16 19:00:00
5644,1,Ash,Isla Canela,99,633,True,2026-04-11 12:00:00
5645,154,Brock,Zona Safari,12,283,True,2026-01-28 22:00:00
5646,47,Misty,Cueva Celeste,28,397,True,2026-02-21 15:00:00
5647,196,Leaf,Cueva Celeste,21,386,True,2026-05-30 01:00:00
5648,141,Misty,Isla Canela,39,674,True,2026-03-15 14:00:00
5649,140,Red,Cueva Celeste,47,333,False,2026-05-14 20:00:00
5650,192,Blue,Isla Canela,25,372,False,2026-05-27 16:00:00
5651,140,Blue,Ruta 1,31,220,True,2026-03-23 03:00:00
5652,147,Blue,Bosque Verde,47,282,False,2026-02-13 17:00:00
5653,93,Blue,Isla Canela,85,1207,True,2026-01-06 06:00:00
5654,170,Ash,Bosque Verde,43,283,False,2026-01-14 02:00:00
5655,144,Ash,Cueva Celeste,64,1670,True,2026-02-18 09:00:00
5656,25,Blue,Isla Canela,11,123,True,2026-01-05 17:00:00
5657,131,Leaf,Ruta 1,32,598,False,2026-03-27 07:00:00
5658,73,Ash,Monte Moon,25,450,True,2026-02-18 13:00:00
5659,77,Blue,Isla Canela,30,246,True,2026-06-29 11:00:00
5660,137,Red,Ruta 1,3,23,True,2026-01-03 10:00:00
5661,98,Blue,Bosque Verde,82,533,True,2026-02-17 15:00:00
5662,148,Ash,Cueva Celeste,5,73,False,2026-01-04 16:00:00
5663,9,Misty,Zona Safari,92,2198,True,2026-03-29 06:00:00
5664,155,Brock,Ruta 1,51,316,True,2026-04-12 15:00:00
5665,78,Blue,Ruta 1,54,945,True,2026-02-16 07:00:00
5666,131,Ash,Isla Canela,44,822,False,2026-05-12 08:00:00
5667,80,Brock,Isla Canela,25,430,True,2026-02-11 19:00:00
5668,177,Leaf,Ruta 1,45,288,False,2026-06-23 22:00:00
5669,64,Blue,Monte Moon,41,574,False,2026-03-02 03:00:00
5670,174,Ash,Bosque Verde,10,42,False,2026-03-17 08:00:00
5671,160,Red,Monte Moon,54,1290,True,2026-05-16 14:00:00
5672,198,Leaf,Isla Canela,11,89,True,2026-02-06 22:00:00
5673,60,Ash,Zona Safari,50,300,False,2026-03-03 21:00:00
5674,99,Red,Isla Canela,63,1045,True,2026-06-14 12:00:00
5675,8,Misty,Monte Moon,90,1278,False,2026-02-23 15:00:00
5676,188,Red,Cueva Celeste,89,1059,False,2026-02-24 09:00:00
5677,145,Ash,Monte Moon,84,2192,True,2026-05-04 14:00:00
5678,72,Ash,Monte Moon,20,134,True,2026-04-10 11:00:00
5679,93,Ash,Isla Canela,34,482,True,2026-03-02 04:00:00
5680,130,Ash,Cueva Celeste,24,453,False,2026-05-10 12:00:00
5681,1,Blue,Cueva Celeste,45,288,True,2026-05-22 12:00:00
5682,107,Red,Bosque Verde,31,492,False,2026-02-03 17:00:00
5683,193,Ash,Cueva Celeste,92,717,True,2026-06-21 19:00:00
5684,187,Blue,Cueva Celeste,5,25,False,2026-02-19 19:00:00
5685,105,Misty,Ruta 1,88,1311,True,2026-06-29 06:00:00
5686,142,Red,Cueva Celeste,6,108,False,2026-05-30 20:00:00
5687,115,Blue,Isla Canela,22,378,True,2026-05-07 01:00:00
5688,98,Ash,Ruta 1,66,429,False,2026-01-29 14:00:00
5689,69,Red,Bosque Verde,10,60,True,2026-06-05 05:00:00
5690,89,Blue,Ruta 1,77,1347,True,2026-02-11 15:00:00
5691,141,Brock,Bosque Verde,79,1366,True,2026-02-03 21:00:00
5692,168,Blue,Zona Safari,5,70,False,2026-01-04 12:00:00
5693,34,Misty,Monte Moon,50,1135,False,2026-05-18 17:00:00
5694,124,Leaf,Monte Moon,17,270,True,2026-06-11 06:00:00
5695,110,Brock,Zona Safari,63,1083,False,2026-02-16 17:00:00
5696,101,Leaf,Isla Canela,62,1066,False,2026-06-28 00:00:00
5697,76,Red,Ruta 1,78,1739,True,2026-02-06 09:00:00
5698,139,Leaf,Monte Moon,86,1487,False,2026-03-14 22:00:00
5699,127,Ash,Zona Safari,37,647,True,2026-06-11 09:00:00
5700,141,Red,Ruta 1,30,519,False,2026-05-27 19:00:00
5701,125,Misty,Ruta 1,97,1668,False,2026-05-24 20:00:00
5702,100,Misty,Bosque Verde,48,316,True,2026-04-10 05:00:00
5703,108,Brock,Monte Moon,14,107,False,2026-06-29 09:00:00
5704,38,Ash,Isla Canela,25,442,False,2026-04-28 23:00:00
5705,88,Misty,Ruta 1,88,572,True,2026-05-24 00:00:00
5706,82,Ash,Ruta 1,74,1206,True,2026-03-30 08:00:00
5707,9,Red,Isla Canela,35,836,False,2026-03-03 07:00:00
5708,119,Ash,Cueva Celeste,57,900,False,2026-01-28 04:00:00
5709,196,Leaf,Bosque Verde,20,368,False,2026-06-04 14:00:00
5710,14,Brock,Ruta 1,73,525,False,2026-06-23 14:00:00
5711,98,Ash,Isla Canela,11,71,False,2026-04-24 16:00:00
5712,15,Ash,Cueva Celeste,30,534,True,2026-02-04 04:00:00
5713,42,Ash,Zona Safari,24,381,True,2026-02-13 12:00:00
5714,78,Misty,Zona Safari,87,1522,False,2026-04-05 20:00:00
5715,39,Brock,Isla Canela,97,921,True,2026-02-01 05:00:00
5716,42,Ash,Zona Safari,86,1367,True,2026-02-10 07:00:00
5717,21,Ash,Zona Safari,73,379,False,2026-02-02 14:00:00
5718,34,Leaf,Zona Safari,73,1657,True,2026-02-20 02:00:00
5719,187,Brock,Bosque Verde,83,415,False,2026-03-11 10:00:00
5720,178,Red,Cueva Celeste,97,1600,False,2026-06-24 19:00:00
5721,167,Brock,Isla Canela,39,195,True,2026-03-26 03:00:00
5722,68,Red,Isla Canela,41,930,False,2026-01-22 02:00:00
5723,58,Red,Cueva Celeste,92,644,False,2026-02-23 09:00:00
5724,197,Red,Cueva Celeste,54,993,False,2026-05-19 02:00:00
5725,192,Ash,Ruta 1,18,268,True,2026-01-15 07:00:00
5726,175,Ash,Monte Moon,55,269,True,2026-01-24 10:00:00
5727,179,Blue,Monte Moon,81,453,True,2026-05-31 01:00:00
5728,91,Blue,Cueva Celeste,84,1545,False,2026-01-09 01:00:00
5729,122,Ash,Zona Safari,12,193,True,2026-02-14 11:00:00
5730,118,Misty,Monte Moon,27,172,True,2026-02-05 01:00:00
5731,38,Blue,Zona Safari,4,70,False,2026-06-11 18:00:00
5732,118,Ash,Cueva Celeste,74,473,False,2026-03-19 22:00:00
5733,37,Blue,Isla Canela,15,90,True,2026-01-20 07:00:00
5734,175,Brock,Isla Canela,87,426,False,2026-01-26 19:00:00
5735,195,Blue,Zona Safari,45,679,False,2026-01-30 12:00:00
5736,139,Red,Ruta 1,31,536,True,2026-05-10 18:00:00
5737,194,Brock,Cueva Celeste,87,365,False,2026-05-16 20:00:00
5738,7,Brock,Ruta 1,44,277,True,2026-01-07 09:00:00
5739,103,Blue,Isla Canela,78,1450,True,2026-05-10 00:00:00
5740,87,Leaf,Zona Safari,94,1560,False,2026-04-04 14:00:00
5741,124,Ash,Bosque Verde,11,174,False,2026-02-07 22:00:00
5742,154,Blue,Ruta 1,23,542,True,2026-01-06 06:00:00
5743,106,Leaf,Cueva Celeste,37,588,True,2026-06-15 22:00:00
5744,43,Brock,Zona Safari,42,268,True,2026-02-22 11:00:00
5745,152,Misty,Ruta 1,17,108,True,2026-06-18 00:00:00
5746,32,Ash,Zona Safari,6,33,False,2026-05-06 08:00:00
5747,77,Blue,Isla Canela,14,114,True,2026-05-28 04:00:00
5748,182,Brock,Isla Canela,78,1723,False,2026-04-23 14:00:00
5749,82,Leaf,Zona Safari,28,456,False,2026-03-25 19:00:00
5750,176,Red,Cueva Celeste,51,724,False,2026-01-01 05:00:00
5751,44,Blue,Isla Canela,22,303,True,2026-05-21 08:00:00
5752,86,Red,Zona Safari,95,617,False,2026-01-15 19:00:00
5753,105,Brock,Bosque Verde,3,44,True,2026-01-21 22:00:00
5754,143,Brock,Monte Moon,94,1776,False,2026-01-01 01:00:00
5755,193,Blue,Cueva Celeste,68,530,True,2026-05-18 23:00:00
5756,76,Brock,Monte Moon,49,1092,False,2026-05-14 12:00:00
5757,125,Misty,Cueva Celeste,83,1427,False,2026-02-27 02:00:00
5758,2,Leaf,Ruta 1,1,14,True,2026-02-13 08:00:00
5759,77,Misty,Monte Moon,37,303,False,2026-04-28 00:00:00
5760,82,Red,Monte Moon,53,863,True,2026-05-05 03:00:00
5761,42,Blue,Monte Moon,55,874,True,2026-04-21 10:00:00
5762,17,Red,Isla Canela,73,890,False,2026-01-21 19:00:00
5763,96,Ash,Monte Moon,60,396,True,2026-04-12 22:00:00
5764,176,Leaf,Bosque Verde,89,1263,True,2026-04-24 09:00:00
5765,174,Leaf,Ruta 1,74,310,True,2026-03-21 16:00:00
5766,167,Ash,Bosque Verde,31,155,False,2026-01-11 01:00:00
5767,162,Ash,Cueva Celeste,6,87,False,2026-03-18 03:00:00
5768,2,Brock,Ruta 1,75,1065,False,2026-01-23 23:00:00
5769,118,Ash,Ruta 1,88,563,True,2026-01-25 05:00:00
5770,152,Ash,Cueva Celeste,92,588,True,2026-03-05 15:00:00
5771,76,Leaf,Bosque Verde,28,624,False,2026-06-09 14:00:00
5772,135,Brock,Ruta 1,74,1361,True,2026-03-08 04:00:00
5773,104,Misty,Isla Canela,81,518,True,2026-03-02 21:00:00
5774,100,Ash,Cueva Celeste,98,646,True,2026-06-28 19:00:00
5775,174,Red,Bosque Verde,89,373,True,2026-03-27 08:00:00
5776,174,Brock,Cueva Celeste,16,67,False,2026-05-18 00:00:00
5777,6,Ash,Monte Moon,63,1512,True,2026-02-27 11:00:00
5778,12,Leaf,Bosque Verde,48,854,True,2026-02-15 08:00:00
5779,82,Red,Zona Safari,63,1026,False,2026-05-12 06:00:00
5780,125,Brock,Zona Safari,48,825,True,2026-01-12 20:00:00
5781,72,Leaf,Monte Moon,48,321,False,2026-05-10 04:00:00
5782,167,Blue,Monte Moon,42,210,True,2026-03-04 03:00:00
5783,17,Misty,Ruta 1,8,97,True,2026-05-18 08:00:00
5784,199,Misty,Isla Canela,47,808,False,2026-01-23 00:00:00
5785,150,Leaf,Isla Canela,86,2631,True,2026-04-07 20:00:00
5786,122,Leaf,Cueva Celeste,33,531,True,2026-01-18 05:00:00
5787,156,Brock,Cueva Celeste,31,440,True,2026-01-08 12:00:00
5788,71,Misty,Bosque Verde,32,707,True,2026-01-10 20:00:00
5789,18,Leaf,Bosque Verde,91,1965,True,2026-04-05 07:00:00
5790,12,Leaf,Ruta 1,70,1246,True,2026-05-23 13:00:00
5791,175,Ash,Monte Moon,92,450,False,2026-05-06 09:00:00
5792,32,Leaf,Bosque Verde,51,280,False,2026-02-20 18:00:00
5793,118,Misty,Monte Moon,78,499,False,2026-02-20 09:00:00
5794,10,Leaf,Isla Canela,98,382,True,2026-03-18 20:00:00
5795,33,Brock,Ruta 1,60,768,False,2026-03-24 20:00:00
5796,167,Brock,Isla Canela,26,130,True,2026-01-13 05:00:00
5797,74,Misty,Bosque Verde,98,588,False,2026-04-21 18:00:00
5798,47,Ash,Bosque Verde,80,1136,False,2026-04-15 08:00:00
5799,173,Blue,Monte Moon,68,299,False,2026-05-30 01:00:00
5800,181,Brock,Zona Safari,98,2254,False,2026-04-12 23:00:00
5801,46,Red,Cueva Celeste,68,387,True,2026-06-28 06:00:00
5802,71,Leaf,Ruta 1,61,1348,False,2026-02-08 08:00:00
5803,178,Misty,Cueva Celeste,5,82,False,2026-06-02 18:00:00
5804,92,Red,Zona Safari,12,74,False,2026-04-24 21:00:00
5805,40,Blue,Bosque Verde,76,1489,True,2026-04-06 02:00:00
5806,124,Ash,Cueva Celeste,66,1049,False,2026-04-19 18:00:00
5807,38,Brock,Bosque Verde,47,831,False,2026-04-21 00:00:00
5808,131,Ash,Cueva Celeste,90,1683,False,2026-03-22 15:00:00
5809,163,Brock,Monte Moon,73,379,True,2026-02-21 06:00:00
5810,104,Brock,Ruta 1,46,294,True,2026-06-17 01:00:00
5811,157,Misty,Bosque Verde,55,1320,False,2026-01-02 07:00:00
5812,115,Ash,Zona Safari,94,1616,True,2026-01-30 09:00:00
5813,196,Leaf,Bosque Verde,65,1196,False,2026-05-10 16:00:00
5814,120,Brock,Bosque Verde,47,319,False,2026-02-15 13:00:00
5815,136,Ash,Ruta 1,19,349,False,2026-05-03 07:00:00
5816,63,Blue,Bosque Verde,24,148,False,2026-05-04 03:00:00
5817,49,Blue,Bosque Verde,16,252,False,2026-01-10 02:00:00
5818,40,Blue,Isla Canela,50,980,True,2026-06-10 00:00:00
5819,29,Blue,Ruta 1,85,467,True,2026-06-15 03:00:00
5820,44,Red,Isla Canela,53,731,True,2026-02-05 03:00:00
5821,41,Misty,Monte Moon,39,191,False,2026-01-12 07:00:00
5822,200,Ash,Monte Moon,9,78,True,2026-02-24 01:00:00
5823,78,Brock,Bosque Verde,22,385,False,2026-01-18 01:00:00
5824,131,Red,Bosque Verde,44,822,False,2026-03-06 00:00:00
5825,30,Brock,Ruta 1,43,550,True,2026-06-15 17:00:00
5826,130,Blue,Ruta 1,57,1077,True,2026-05-13 20:00:00
5827,187,Red,Ruta 1,68,340,True,2026-03-25 08:00:00
5828,95,Red,Isla Canela,43,331,True,2026-05-28 03:00:00
5829,47,Red,Zona Safari,70,994,True,2026-05-07 10:00:00
5830,1,Blue,Zona Safari,56,358,True,2026-01-22 10:00:00
5831,59,Ash,Monte Moon,48,931,False,2026-06-14 05:00:00
5832,129,Red,Isla Canela,8,32,True,2026-05-31 13:00:00
5833,189,Leaf,Bosque Verde,90,1863,False,2026-06-23 05:00:00
5834,45,Red,Bosque Verde,92,2033,True,2026-04-26 22:00:00
5835,8,Ash,Monte Moon,31,440,False,2026-02-09 17:00:00
5836,109,Misty,Zona Safari,17,115,True,2026-01-01 21:00:00
5837,13,Ash,Cueva Celeste,16,62,False,2026-03-30 05:00:00
5838,48,Ash,Isla Canela,79,481,False,2026-02-26 15:00:00
5839,76,Blue,Monte Moon,5,111,False,2026-06-10 04:00:00
5840,4,Red,Ruta 1,59,365,False,2026-05-28 13:00:00
5841,15,Ash,Zona Safari,17,302,False,2026-01-15 20:00:00
5842,123,Leaf,Monte Moon,49,490,True,2026-01-24 18:00:00
5843,152,Red,Isla Canela,39,249,False,2026-06-05 17:00:00
5844,184,Leaf,Isla Canela,4,75,True,2026-02-09 07:00:00
5845,118,Ash,Ruta 1,14,89,False,2026-04-19 10:00:00
5846,77,Red,Cueva Celeste,7,57,True,2026-03-17 02:00:00
5847,61,Ash,Bosque Verde,19,256,False,2026-02-07 20:00:00
5848,128,Brock,Isla Canela,30,516,True,2026-03-29 03:00:00
5849,102,Leaf,Monte Moon,37,240,False,2026-01-15 14:00:00
5850,41,Leaf,Ruta 1,10,49,False,2026-03-31 16:00:00
5851,65,Blue,Monte Moon,8,180,False,2026-05-31 01:00:00
5852,30,Ash,Cueva Celeste,42,537,True,2026-04-07 18:00:00
5853,126,Blue,Zona Safari,85,1470,True,2026-04-06 13:00:00
5854,27,Red,Ruta 1,34,204,True,2026-03-13 06:00:00
5855,36,Blue,Cueva Celeste,67,1453,False,2026-05-09 00:00:00
5856,21,Leaf,Zona Safari,4,20,False,2026-02-02 06:00:00
5857,163,Red,Bosque Verde,16,83,False,2026-05-16 04:00:00
5858,178,Brock,Bosque Verde,75,1237,False,2026-02-05 22:00:00
5859,101,Red,Isla Canela,55,946,True,2026-03-18 00:00:00
5860,146,Ash,Isla Canela,52,1357,True,2026-06-12 06:00:00
5861,62,Blue,Ruta 1,44,1012,True,2026-05-10 06:00:00
5862,96,Leaf,Bosque Verde,93,613,False,2026-04-24 06:00:00
5863,49,Red,Ruta 1,74,1169,False,2026-03-23 16:00:00
5864,37,Leaf,Bosque Verde,40,240,False,2026-02-19 03:00:00
5865,149,Red,Zona Safari,92,2484,False,2026-04-07 02:00:00
5866,22,Ash,Bosque Verde,30,465,False,2026-05-16 21:00:00
5867,107,Brock,Ruta 1,21,333,False,2026-01-07 12:00:00
5868,44,Misty,Monte Moon,11,151,True,2026-02-20 10:00:00
5869,159,Leaf,Bosque Verde,55,781,True,2026-05-17 13:00:00
5870,162,Misty,Monte Moon,62,899,True,2026-06-24 08:00:00
5871,135,Ash,Bosque Verde,23,423,False,2026-05-25 00:00:00
5872,14,Ash,Monte Moon,14,100,True,2026-04-01 08:00:00
5873,135,Ash,Isla Canela,64,1177,False,2026-03-07 00:00:00
5874,101,Brock,Ruta 1,43,739,False,2026-02-25 23:00:00
5875,101,Brock,Cueva Celeste,97,1668,False,2026-06-15 14:00:00
5876,53,Leaf,Zona Safari,91,1401,False,2026-04-14 18:00:00
5877,50,Blue,Ruta 1,67,355,True,2026-01-17 08:00:00
5878,175,Blue,Ruta 1,82,401,True,2026-01-29 16:00:00
5879,142,Ash,Bosque Verde,21,378,True,2026-04-30 08:00:00
5880,164,Blue,Monte Moon,41,647,False,2026-05-21 14:00:00
5881,200,Brock,Monte Moon,12,104,True,2026-02-27 14:00:00
5882,115,Red,Isla Canela,95,1634,False,2026-01-28 23:00:00
5883,10,Ash,Ruta 1,79,308,False,2026-02-08 13:00:00
5884,132,Ash,Monte Moon,35,353,True,2026-06-09 16:00:00
5885,99,Leaf,Ruta 1,5,83,False,2026-04-18 02:00:00
5886,154,Misty,Bosque Verde,73,1722,False,2026-04-26 06:00:00
5887,116,Red,Isla Canela,11,64,False,2026-03-14 13:00:00
5888,36,Misty,Monte Moon,83,1801,False,2026-03-16 14:00:00
5889,129,Red,Bosque Verde,91,364,True,2026-03-17 08:00:00
5890,73,Ash,Ruta 1,60,1080,False,2026-01-09 01:00:00
5891,141,Leaf,Ruta 1,9,155,False,2026-05-07 21:00:00
5892,85,Ash,Bosque Verde,74,1221,True,2026-06-12 00:00:00
5893,142,Ash,Bosque Verde,17,306,True,2026-03-20 19:00:00
5894,143,Brock,Monte Moon,14,264,True,2026-02-10 09:00:00
5895,39,Leaf,Isla Canela,18,171,True,2026-01-15 22:00:00
5896,28,Leaf,Cueva Celeste,30,474,False,2026-01-31 22:00:00
5897,135,Blue,Isla Canela,39,717,True,2026-01-28 10:00:00
5898,195,Brock,Cueva Celeste,39,588,False,2026-05-26 02:00:00
5899,165,Misty,Bosque Verde,29,153,False,2026-04-16 08:00:00
5900,71,Red,Ruta 1,80,1768,False,2026-02-28 14:00:00
5901,138,Ash,Ruta 1,18,127,True,2026-06-03 22:00:00
5902,59,Ash,Bosque Verde,93,1804,False,2026-01-06 14:00:00
5903,25,Red,Monte Moon,25,280,True,2026-05-13 01:00:00
5904,106,Brock,Ruta 1,77,1224,True,2026-02-12 05:00:00
5905,140,Brock,Ruta 1,81,575,True,2026-01-10 10:00:00
5906,157,Ash,Isla Canela,30,720,True,2026-01-09 21:00:00
5907,46,Brock,Cueva Celeste,28,159,True,2026-03-06 16:00:00
5908,78,Blue,Cueva Celeste,8,140,False,2026-01-22 13:00:00
5909,177,Blue,Bosque Verde,16,102,False,2026-01-18 15:00:00
5910,90,Brock,Monte Moon,90,549,False,2026-02-24 08:00:00
5911,161,Ash,Zona Safari,25,107,True,2026-02-28 04:00:00
5912,42,Misty,Cueva Celeste,39,620,False,2026-01-21 02:00:00
5913,26,Misty,Zona Safari,50,1090,True,2026-01-15 11:00:00
5914,151,Red,Monte Moon,95,2565,True,2026-03-19 06:00:00
5915,73,Leaf,Monte Moon,65,1170,False,2026-01-05 10:00:00
5916,168,Red,Ruta 1,69,966,True,2026-05-27 17:00:00
5917,90,Brock,Bosque Verde,49,298,True,2026-05-25 05:00:00
5918,175,Misty,Zona Safari,78,382,True,2026-03-23 18:00:00
5919,91,Blue,Ruta 1,40,736,False,2026-03-23 10:00:00
5920,145,Blue,Monte Moon,86,2244,True,2026-02-12 20:00:00
5921,8,Leaf,Monte Moon,94,1334,False,2026-03-09 04:00:00
5922,147,Leaf,Bosque Verde,31,186,False,2026-05-08 01:00:00
5923,149,Ash,Ruta 1,29,783,False,2026-03-25 19:00:00
5924,59,Misty,Zona Safari,59,1144,True,2026-02-19 21:00:00
5925,37,Misty,Ruta 1,14,84,False,2026-02-10 23:00:00
5926,46,Red,Ruta 1,51,290,True,2026-06-15 05:00:00
5927,62,Leaf,Ruta 1,59,1357,True,2026-04-26 06:00:00
5928,106,Ash,Cueva Celeste,9,143,False,2026-04-06 20:00:00
5929,186,Red,Ruta 1,14,315,True,2026-01-17 15:00:00
5930,129,Brock,Zona Safari,89,356,False,2026-01-17 12:00:00
5931,113,Misty,Isla Canela,10,395,True,2026-01-17 15:00:00
5932,200,Leaf,Ruta 1,48,417,True,2026-01-17 21:00:00
5933,136,Misty,Zona Safari,26,478,False,2026-05-18 16:00:00
5934,196,Red,Isla Canela,17,312,True,2026-01-26 23:00:00
5935,63,Ash,Zona Safari,86,533,True,2026-06-26 23:00:00
5936,77,Brock,Ruta 1,87,713,False,2026-06-26 09:00:00
5937,118,Blue,Cueva Celeste,50,320,False,2026-03-26 12:00:00
5938,10,Ash,Cueva Celeste,23,89,False,2026-03-06 05:00:00
5939,56,Brock,Monte Moon,8,48,True,2026-01-12 06:00:00
5940,119,Misty,Monte Moon,46,726,True,2026-04-14 15:00:00
5941,160,Brock,Zona Safari,27,645,False,2026-03-25 16:00:00
5942,80,Red,Monte Moon,80,1376,False,2026-03-06 03:00:00
5943,152,Brock,Cueva Celeste,29,185,True,2026-03-14 04:00:00
5944,50,Red,Cueva Celeste,69,365,True,2026-05-30 14:00:00
5945,104,Blue,Cueva Celeste,12,76,True,2026-04-20 18:00:00
5946,96,Ash,Isla Canela,85,561,True,2026-03-31 02:00:00
5947,54,Misty,Bosque Verde,77,492,True,2026-02-08 19:00:00
5948,144,Leaf,Cueva Celeste,71,1853,True,2026-06-10 07:00:00
5949,153,Misty,Ruta 1,96,1363,True,2026-03-21 01:00:00
5950,142,Ash,Ruta 1,50,900,True,2026-04-06 09:00:00
5951,103,Brock,Cueva Celeste,70,1302,True,2026-05-28 14:00:00
5952,187,Leaf,Monte Moon,19,95,False,2026-06-12 03:00:00
5953,144,Red,Ruta 1,54,1409,True,2026-02-18 23:00:00
5954,33,Misty,Cueva Celeste,52,665,True,2026-04-16 16:00:00
5955,184,Red,Ruta 1,17,321,False,2026-01-26 23:00:00
5956,128,Red,Zona Safari,39,670,False,2026-03-17 19:00:00
5957,44,Leaf,Ruta 1,86,1186,False,2026-03-26 23:00:00
5958,184,Misty,Bosque Verde,59,1115,False,2026-04-04 18:00:00
5959,96,Blue,Isla Canela,64,422,False,2026-02-01 19:00:00
5960,94,Ash,Cueva Celeste,87,1957,False,2026-02-03 07:00:00
5961,119,Brock,Ruta 1,42,663,True,2026-02-23 02:00:00
5962,34,Red,Bosque Verde,80,1816,False,2026-02-08 13:00:00
5963,120,Red,Cueva Celeste,25,170,True,2026-06-07 15:00:00
5964,44,Blue,Zona Safari,66,910,False,2026-05-24 10:00:00
5965,98,Blue,Isla Canela,94,611,True,2026-04-20 10:00:00
5966,125,Leaf,Zona Safari,85,1462,False,2026-06-08 22:00:00
5967,194,Red,Bosque Verde,67,281,False,2026-06-23 01:00:00
5968,170,Leaf,Zona Safari,81,534,False,2026-02-03 00:00:00
5969,90,Red,Zona Safari,72,439,False,2026-01-19 05:00:00
5970,136,Brock,Ruta 1,64,1177,True,2026-02-28 23:00:00
5971,124,Red,Cueva Celeste,75,1192,True,2026-03-10 16:00:00
5972,53,Blue,Isla Canela,94,1447,False,2026-05-15 11:00:00
5973,104,Leaf,Zona Safari,7,44,True,2026-02-07 07:00:00
5974,166,Ash,Zona Safari,10,137,False,2026-03-26 20:00:00
5975,71,Red,Zona Safari,16,353,True,2026-03-15 14:00:00
5976,7,Red,Bosque Verde,18,113,True,2026-06-01 12:00:00
5977,39,Misty,Cueva Celeste,63,598,True,2026-01-29 04:00:00
5978,129,Blue,Cueva Celeste,96,384,True,2026-03-18 01:00:00
5979,171,Red,Ruta 1,77,1239,True,2026-06-25 20:00:00
5980,51,Ash,Ruta 1,82,1221,False,2026-01-15 19:00:00
5981,1,Leaf,Ruta 1,54,345,True,2026-02-05 04:00:00
5982,30,Brock,Isla Canela,89,1139,False,2026-02-17 03:00:00
5983,87,Red,Bosque Verde,67,1112,False,2026-05-07 04:00:00
5984,105,Red,Monte Moon,4,59,True,2026-06-02 15:00:00
5985,24,Blue,Bosque Verde,92,1444,True,2026-05-25 20:00:00
5986,131,Blue,Bosque Verde,10,187,False,2026-04-16 11:00:00
5987,163,Leaf,Bosque Verde,66,343,False,2026-05-23 06:00:00
5988,100,Red,Bosque Verde,93,613,False,2026-01-02 04:00:00
5989,171,Leaf,Ruta 1,48,772,True,2026-01-30 13:00:00
5990,92,Misty,Cueva Celeste,2,12,False,2026-02-03 00:00:00
5991,116,Red,Cueva Celeste,3,17,True,2026-01-09 08:00:00
5992,133,Misty,Ruta 1,39,253,False,2026-02-20 14:00:00
5993,119,Ash,Ruta 1,100,1580,False,2026-01-16 06:00:00
5994,60,Blue,Cueva Celeste,41,245,False,2026-06-19 14:00:00
5995,92,Brock,Bosque Verde,97,601,True,2026-05-11 17:00:00
5996,86,Brock,Ruta 1,57,370,False,2026-06-06 23:00:00
5997,97,Ash,Isla Canela,16,270,False,2026-05-21 17:00:00
5998,196,Leaf,Bosque Verde,13,239,False,2026-01-20 10:00:00
5999,180,Ash,Ruta 1,20,256,True,2026-06-23 22:00:00
6000,46,Brock,Monte Moon,89,507,False,2026-06-13 08:00:00
6001,169,Blue,Ruta 1,89,2144,True,2026-04-08 12:00:00
6002,169,Ash,Isla Canela,21,506,False,2026-06-13 19:00:00
6003,169,Brock,Zona Safari,32,771,True,2026-04-21 14:00:00
6004,194,Brock,Isla Canela,96,403,False,2026-03-01 11:00:00
6005,64,Leaf,Monte Moon,70,980,True,2026-02-17 11:00:00
6006,183,Red,Ruta 1,75,660,False,2026-01-22 16:00:00
6007,146,Ash,Ruta 1,9,234,False,2026-04-17 07:00:00
6008,37,Misty,Bosque Verde,21,126,False,2026-03-31 12:00:00
6009,167,Red,Isla Canela,44,220,True,2026-04-15 05:00:00
6010,4,Red,Bosque Verde,39,241,True,2026-06-14 11:00:00
6011,155,Blue,Cueva Celeste,87,539,True,2026-06-08 02:00:00
6012,157,Brock,Isla Canela,43,1032,False,2026-04-02 02:00:00
6013,101,Red,Monte Moon,3,51,True,2026-03-30 20:00:00
6014,2,Blue,Zona Safari,91,1292,False,2026-01-29 18:00:00
6015,134,Ash,Ruta 1,16,294,False,2026-02-24 20:00:00
6016,62,Ash,Monte Moon,98,2254,False,2026-01-24 01:00:00
6017,68,Misty,Bosque Verde,32,726,False,2026-06-25 00:00:00
6018,12,Ash,Cueva Celeste,74,1317,False,2026-02-23 09:00:00
6019,4,Blue,Zona Safari,32,198,False,2026-05-06 17:00:00
6020,71,Brock,Zona Safari,43,950,False,2026-03-23 20:00:00
6021,157,Brock,Monte Moon,84,2016,True,2026-06-14 12:00:00
6022,177,Brock,Zona Safari,55,352,False,2026-02-17 15:00:00
6023,93,Blue,Cueva Celeste,25,355,False,2026-01-14 20:00:00
6024,146,Brock,Monte Moon,20,522,False,2026-04-25 16:00:00
6025,18,Brock,Ruta 1,46,993,False,2026-03-27 04:00:00
6026,72,Red,Zona Safari,97,649,True,2026-03-07 00:00:00
6027,95,Misty,Monte Moon,72,554,False,2026-03-30 23:00:00
6028,102,Misty,Monte Moon,98,637,True,2026-02-26 01:00:00
6029,110,Leaf,Monte Moon,24,412,False,2026-01-11 12:00:00
6030,108,Ash,Monte Moon,18,138,True,2026-05-16 21:00:00
6031,60,Leaf,Monte Moon,20,120,False,2026-03-14 19:00:00
6032,115,Leaf,Bosque Verde,88,1513,True,2026-01-29 18:00:00
6033,25,Misty,Monte Moon,25,280,False,2026-04-11 21:00:00
6034,15,Ash,Monte Moon,64,1139,False,2026-01-17 19:00:00
6035,18,Brock,Monte Moon,15,324,True,2026-01-30 05:00:00
6036,35,Misty,Cueva Celeste,94,1062,False,2026-06-17 17:00:00
6037,159,Brock,Zona Safari,78,1107,True,2026-06-10 00:00:00
6038,182,Blue,Bosque Verde,64,1414,True,2026-06-08 19:00:00
6039,98,Misty,Ruta 1,63,409,True,2026-06-13 04:00:00
6040,199,Red,Bosque Verde,54,928,False,2026-03-25 05:00:00
6041,46,Blue,Cueva Celeste,49,279,False,2026-03-01 00:00:00
6042,95,Brock,Ruta 1,70,539,False,2026-05-30 12:00:00
6043,87,Leaf,Ruta 1,38,630,False,2026-05-31 16:00:00
6044,76,Misty,Ruta 1,79,1761,False,2026-02-02 20:00:00
6045,148,Brock,Monte Moon,56,823,True,2026-04-19 14:00:00
6046,160,Blue,Ruta 1,8,191,True,2026-01-25 02:00:00
6047,92,Misty,Bosque Verde,81,502,True,2026-06-20 09:00:00
6048,116,Brock,Cueva Celeste,55,324,False,2026-01-29 20:00:00
6049,158,Misty,Isla Canela,35,220,False,2026-06-15 07:00:00
6050,137,Misty,Cueva Celeste,75,592,True,2026-02-14 20:00:00
6051,49,Ash,Zona Safari,65,1027,False,2026-05-15 19:00:00
6052,158,Red,Zona Safari,73,459,True,2026-04-15 15:00:00
6053,195,Ash,Zona Safari,34,513,False,2026-04-25 04:00:00
6054,81,Blue,Ruta 1,83,539,True,2026-05-24 09:00:00
6055,55,Blue,Cueva Celeste,65,1137,True,2026-05-06 16:00:00
6056,87,Brock,Bosque Verde,90,1494,True,2026-06-20 15:00:00
6057,141,Misty,Ruta 1,98,1695,True,2026-04-08 09:00:00
6058,11,Misty,Monte Moon,99,712,True,2026-06-05 15:00:00
6059,68,Red,Ruta 1,12,272,False,2026-05-10 19:00:00
6060,26,Misty,Isla Canela,22,479,True,2026-02-23 08:00:00
6061,176,Red,Bosque Verde,57,809,False,2026-04-16 09:00:00
6062,111,Red,Zona Safari,67,462,False,2026-05-10 14:00:00
6063,155,Misty,Zona Safari,94,582,True,2026-06-15 01:00:00
6064,21,Brock,Isla Canela,90,468,True,2026-05-15 10:00:00
6065,102,Blue,Bosque Verde,68,442,False,2026-01-18 07:00:00
6066,92,Leaf,Zona Safari,41,254,True,2026-04-25 16:00:00
6067,17,Brock,Zona Safari,19,231,False,2026-01-20 19:00:00
6068,81,Blue,Ruta 1,50,325,False,2026-04-29 00:00:00
6069,157,Misty,Isla Canela,66,1584,False,2026-01-30 15:00:00
6070,153,Blue,Monte Moon,79,1121,False,2026-06-24 21:00:00
6071,146,Ash,Zona Safari,42,1096,True,2026-04-25 17:00:00
6072,47,Red,Monte Moon,42,596,True,2026-06-02 19:00:00
6073,75,Blue,Isla Canela,6,82,True,2026-02-23 21:00:00
6074,165,Misty,Monte Moon,79,418,True,2026-02-12 07:00:00
6075,124,Ash,Ruta 1,15,238,True,2026-04-20 09:00:00
6076,112,Ash,Bosque Verde,50,850,False,2026-03-23 15:00:00
6077,155,Misty,Monte Moon,24,148,True,2026-06-30 08:00:00
6078,32,Blue,Isla Canela,38,209,False,2026-01-30 22:00:00
6079,16,Ash,Isla Canela,82,409,False,2026-01-03 12:00:00
6080,191,Misty,Cueva Celeste,78,280,True,2026-06-11 03:00:00
6081,97,Brock,Monte Moon,45,760,True,2026-01-02 12:00:00
6082,45,Leaf,Isla Canela,32,707,True,2026-02-28 22:00:00
6083,21,Red,Isla Canela,24,124,True,2026-03-04 03:00:00
6084,38,Leaf,Zona Safari,74,1309,False,2026-05-08 05:00:00
6085,61,Blue,Monte Moon,15,202,False,2026-03-08 05:00:00
6086,10,Blue,Isla Canela,93,362,False,2026-02-17 01:00:00
6087,140,Brock,Bosque Verde,90,639,False,2026-03-24 17:00:00
6088,70,Ash,Zona Safari,97,1328,False,2026-03-11 13:00:00
6089,129,Red,Monte Moon,64,256,True,2026-01-30 04:00:00
6090,112,Brock,Cueva Celeste,28,475,False,2026-05-27 01:00:00
6091,67,Misty,Ruta 1,83,1178,False,2026-05-18 21:00:00
6092,81,Ash,Zona Safari,31,201,False,2026-02-16 13:00:00
6093,151,Blue,Monte Moon,40,1080,True,2026-06-03 08:00:00
6094,11,Ash,Cueva Celeste,12,86,True,2026-06-19 03:00:00
6095,187,Misty,Zona Safari,24,120,False,2026-05-15 10:00:00
6096,170,Ash,Bosque Verde,18,118,True,2026-02-21 10:00:00
6097,68,Leaf,Monte Moon,51,1157,False,2026-05-14 20:00:00
6098,164,Brock,Isla Canela,4,63,False,2026-05-29 02:00:00
6099,27,Misty,Zona Safari,43,258,True,2026-02-16 11:00:00
6100,155,Misty,Isla Canela,23,142,False,2026-01-30 19:00:00
6101,197,Misty,Ruta 1,74,1361,True,2026-05-13 16:00:00
6102,125,Brock,Cueva Celeste,28,481,True,2026-05-03 05:00:00
6103,1,Blue,Bosque Verde,54,345,False,2026-06-20 01:00:00
6104,101,Leaf,Monte Moon,74,1272,False,2026-06-25 00:00:00
6105,159,Blue,Zona Safari,74,1050,False,2026-04-28 06:00:00
6106,173,Blue,Zona Safari,89,391,False,2026-01-29 21:00:00
6107,88,Ash,Bosque Verde,33,214,True,2026-03-22 03:00:00
6108,64,Brock,Bosque Verde,53,742,False,2026-02-14 14:00:00
6109,111,Blue,Isla Canela,79,545,True,2026-04-21 17:00:00
6110,180,Blue,Bosque Verde,85,1088,True,2026-04-02 18:00:00
6111,5,Leaf,Cueva Celeste,49,695,False,2026-02-27 20:00:00
6112,144,Misty,Monte Moon,18,469,True,2026-04-10 06:00:00
6113,195,Blue,Ruta 1,98,1479,False,2026-06-21 17:00:00
6114,126,Ash,Bosque Verde,5,86,True,2026-04-10 13:00:00
6115,66,Brock,Monte Moon,16,97,False,2026-06-03 02:00:00
6116,8,Blue,Monte Moon,71,1008,True,2026-05-05 02:00:00
6117,198,Misty,Zona Safari,9,72,False,2026-01-13 16:00:00
6118,76,Blue,Isla Canela,73,1627,True,2026-04-30 09:00:00
6119,136,Blue,Ruta 1,64,1177,True,2026-04-09 12:00:00
6120,155,Brock,Zona Safari,71,440,True,2026-06-27 08:00:00
6121,140,Red,Bosque Verde,94,667,False,2026-04-22 08:00:00
6122,112,Leaf,Ruta 1,69,1173,True,2026-03-26 16:00:00
6123,47,Ash,Monte Moon,57,809,False,2026-02-11 00:00:00
6124,46,Ash,Zona Safari,97,552,False,2026-06-03 07:00:00
6125,62,Brock,Bosque Verde,4,92,False,2026-04-06 14:00:00
6126,20,Leaf,Isla Canela,17,246,True,2026-04-16 05:00:00
6127,127,Ash,Ruta 1,34,595,False,2026-01-25 19:00:00
6128,140,Ash,Cueva Celeste,22,156,True,2026-02-03 12:00:00
6129,31,Blue,Isla Canela,38,862,True,2026-03-22 15:00:00
6130,160,Misty,Zona Safari,80,1912,True,2026-01-08 03:00:00
6131,38,Misty,Isla Canela,74,1309,True,2026-05-10 11:00:00
6132,2,Leaf,Monte Moon,10,142,True,2026-02-26 00:00:00
6133,137,Leaf,Isla Canela,82,647,False,2026-05-12 09:00:00
6134,31,Ash,Bosque Verde,48,1089,False,2026-05-31 12:00:00
6135,174,Red,Zona Safari,80,336,False,2026-02-15 07:00:00
6136,148,Leaf,Isla Canela,63,926,False,2026-01-18 17:00:00
6137,22,Leaf,Monte Moon,59,914,False,2026-02-09 15:00:00
6138,18,Blue,Zona Safari,86,1857,False,2026-03-04 04:00:00
6139,2,Leaf,Zona Safari,90,1278,False,2026-05-06 11:00:00
6140,179,Leaf,Zona Safari,50,280,False,2026-01-09 20:00:00
6141,126,Ash,Isla Canela,82,1418,False,2026-04-15 22:00:00
6142,91,Misty,Zona Safari,23,423,False,2026-04-05 09:00:00
6143,110,Red,Zona Safari,93,1599,False,2026-03-25 00:00:00
6144,89,Red,Ruta 1,18,315,False,2026-03-26 05:00:00
6145,2,Leaf,Isla Canela,53,752,False,2026-01-23 02:00:00
6146,53,Misty,Ruta 1,7,107,True,2026-01-24 19:00:00
6147,178,Blue,Monte Moon,39,643,True,2026-03-16 04:00:00
6148,43,Ash,Isla Canela,15,96,False,2026-03-27 08:00:00
6149,189,Ash,Bosque Verde,81,1676,False,2026-02-06 21:00:00
6150,65,Blue,Ruta 1,22,495,True,2026-02-25 04:00:00
6151,68,Leaf,Cueva Celeste,85,1929,True,2026-02-18 09:00:00
6152,124,Ash,Bosque Verde,31,492,True,2026-04-13 01:00:00
6153,50,Blue,Cueva Celeste,81,429,False,2026-04-04 14:00:00
6154,2,Red,Zona Safari,95,1349,False,2026-06-25 19:00:00
6155,181,Leaf,Cueva Celeste,31,713,True,2026-04-07 15:00:00
6156,64,Misty,Cueva Celeste,44,616,True,2026-05-23 21:00:00
6157,48,Misty,Zona Safari,25,152,False,2026-02-14 13:00:00
6158,185,Leaf,Bosque Verde,74,1065,False,2026-06-19 08:00:00
6159,200,Leaf,Monte Moon,75,652,True,2026-02-24 06:00:00
6160,192,Leaf,Zona Safari,22,327,True,2026-06-06 04:00:00
6161,14,Misty,Cueva Celeste,97,698,False,2026-03-15 17:00:00
6162,168,Misty,Isla Canela,43,602,True,2026-05-24 13:00:00
6163,75,Blue,Monte Moon,62,849,False,2026-03-09 11:00:00
6164,13,Blue,Cueva Celeste,53,206,False,2026-02-14 01:00:00
6165,7,Brock,Isla Canela,95,598,True,2026-03-26 10:00:00
6166,108,Brock,Bosque Verde,42,323,True,2026-02-19 05:00:00
6167,114,Blue,Isla Canela,16,139,True,2026-02-15 13:00:00
6168,173,Misty,Ruta 1,99,435,True,2026-02-09 16:00:00
6169,96,Ash,Monte Moon,4,26,False,2026-04-27 02:00:00
6170,70,Ash,Bosque Verde,81,1109,True,2026-02-08 12:00:00
6171,101,Red,Cueva Celeste,76,1307,True,2026-04-08 14:00:00
6172,107,Red,Isla Canela,82,1303,False,2026-05-21 14:00:00
6173,82,Red,Ruta 1,19,309,False,2026-02-01 21:00:00
6174,2,Leaf,Ruta 1,48,681,False,2026-05-15 19:00:00
6175,69,Brock,Cueva Celeste,81,486,True,2026-05-17 12:00:00
6176,40,Brock,Zona Safari,64,1254,False,2026-01-08 11:00:00
6177,38,Blue,Zona Safari,12,212,False,2026-04-10 18:00:00
6178,189,Red,Monte Moon,89,1842,False,2026-04-30 11:00:00
6179,75,Leaf,Monte Moon,83,1137,False,2026-01-28 10:00:00
6180,48,Red,Isla Canela,30,183,True,2026-05-24 10:00:00
6181,101,Blue,Ruta 1,19,326,True,2026-02-08 12:00:00
6182,169,Ash,Zona Safari,74,1783,False,2026-01-04 02:00:00
6183,89,Misty,Zona Safari,9,157,False,2026-04-02 07:00:00
6184,27,Brock,Cueva Celeste,100,600,True,2026-03-20 07:00:00
6185,67,Ash,Isla Canela,1,14,False,2026-02-11 15:00:00
6186,5,Blue,Ruta 1,50,710,True,2026-01-30 21:00:00
6187,73,Misty,Isla Canela,23,413,False,2026-03-05 12:00:00
6188,150,Red,Isla Canela,82,2509,False,2026-03-27 01:00:00
6189,11,Blue,Bosque Verde,31,223,False,2026-05-17 20:00:00
6190,128,Ash,Isla Canela,34,584,False,2026-06-18 21:00:00
6191,124,Red,Bosque Verde,66,1049,True,2026-01-28 14:00:00
6192,8,Misty,Bosque Verde,15,213,True,2026-04-13 07:00:00
6193,2,Misty,Monte Moon,29,411,False,2026-01-19 12:00:00
6194,114,Brock,Ruta 1,32,278,False,2026-06-03 17:00:00
6195,111,Leaf,Monte Moon,67,462,False,2026-03-19 11:00:00
6196,20,Red,Isla Canela,24,348,False,2026-04-09 17:00:00
6197,178,Misty,Bosque Verde,86,1419,True,2026-06-14 00:00:00
6198,200,Ash,Zona Safari,12,104,True,2026-01-13 12:00:00
6199,64,Ash,Cueva Celeste,22,308,True,2026-02-15 15:00:00
6200,102,Red,Monte Moon,64,416,True,2026-02-16 01:00:00
6201,171,Ash,Cueva Celeste,97,1561,True,2026-05-23 00:00:00
6202,156,Leaf,Bosque Verde,88,1249,False,2026-05-24 20:00:00
6203,119,Misty,Isla Canela,69,1090,False,2026-06-03 09:00:00
6204,31,Brock,Cueva Celeste,20,454,True,2026-01-09 12:00:00
6205,12,Ash,Ruta 1,49,872,True,2026-03-05 04:00:00
6206,146,Ash,Bosque Verde,55,1435,False,2026-05-06 02:00:00
6207,21,Blue,Bosque Verde,55,286,True,2026-05-01 05:00:00
6208,148,Misty,Bosque Verde,63,926,True,2026-05-17 08:00:00
6209,108,Leaf,Isla Canela,97,746,True,2026-01-27 05:00:00
6210,153,Leaf,Isla Canela,49,695,True,2026-01-08 17:00:00
6211,86,Misty,Zona Safari,24,156,False,2026-01-21 20:00:00
6212,199,Ash,Monte Moon,90,1548,True,2026-02-23 00:00:00
6213,67,Red,Isla Canela,78,1107,False,2026-05-09 04:00:00
6214,68,Leaf,Ruta 1,21,476,True,2026-01-17 00:00:00
6215,177,Brock,Bosque Verde,68,435,False,2026-04-27 19:00:00
6216,135,Ash,Monte Moon,15,276,False,2026-03-12 08:00:00
6217,92,Leaf,Zona Safari,95,589,False,2026-05-21 20:00:00
6218,129,Leaf,Zona Safari,50,200,False,2026-03-14 22:00:00
6219,104,Leaf,Bosque Verde,57,364,True,2026-06-01 05:00:00
6220,150,Leaf,Isla Canela,12,367,True,2026-05-10 18:00:00
6221,192,Red,Monte Moon,12,178,False,2026-06-13 16:00:00
6222,122,Ash,Ruta 1,58,933,True,2026-03-16 23:00:00
6223,114,Misty,Isla Canela,75,652,True,2026-06-07 20:00:00
6224,130,Brock,Cueva Celeste,13,245,True,2026-06-06 11:00:00
6225,138,Ash,Cueva Celeste,20,142,True,2026-04-29 02:00:00
6226,185,Misty,Cueva Celeste,70,1008,False,2026-06-15 15:00:00
6227,141,Leaf,Zona Safari,65,1124,False,2026-03-07 15:00:00
6228,122,Red,Cueva Celeste,13,209,True,2026-03-08 05:00:00
6229,48,Blue,Monte Moon,10,61,True,2026-04-28 04:00:00
6230,23,Red,Isla Canela,18,104,True,2026-05-05 13:00:00
6231,60,Red,Zona Safari,3,18,True,2026-01-22 12:00:00
6232,12,Blue,Bosque Verde,28,498,False,2026-03-07 11:00:00
6233,65,Leaf,Zona Safari,74,1665,False,2026-03-27 16:00:00
6234,78,Brock,Cueva Celeste,51,892,True,2026-05-21 20:00:00
6235,169,Brock,Monte Moon,50,1205,False,2026-06-05 15:00:00
6236,196,Ash,Cueva Celeste,6,110,False,2026-04-02 07:00:00
6237,191,Leaf,Cueva Celeste,80,288,False,2026-06-03 18:00:00
6238,180,Red,Ruta 1,86,1100,True,2026-04-29 20:00:00
6239,54,Ash,Monte Moon,89,569,False,2026-04-30 10:00:00
6240,197,Misty,Isla Canela,95,1748,True,2026-01-28 22:00:00
6241,187,Brock,Cueva Celeste,18,90,True,2026-05-08 13:00:00
6242,116,Red,Cueva Celeste,25,147,False,2026-01-28 16:00:00
6243,146,Red,Ruta 1,55,1435,False,2026-06-10 13:00:00
6244,122,Misty,Ruta 1,71,1143,True,2026-06-13 07:00:00
6245,168,Red,Monte Moon,56,784,False,2026-04-22 15:00:00
6246,151,Brock,Cueva Celeste,87,2349,True,2026-06-26 05:00:00
6247,188,Leaf,Cueva Celeste,2,23,True,2026-05-25 18:00:00
6248,124,Misty,Monte Moon,43,683,True,2026-01-22 00:00:00
6249,55,Misty,Isla Canela,71,1242,False,2026-06-30 12:00:00
6250,107,Blue,Zona Safari,72,1144,False,2026-03-10 09:00:00
6251,94,Misty,Ruta 1,52,1170,False,2026-05-29 02:00:00
6252,163,Misty,Ruta 1,49,254,True,2026-04-22 13:00:00
6253,56,Red,Ruta 1,57,347,False,2026-04-08 15:00:00
6254,191,Red,Cueva Celeste,70,252,True,2026-05-11 17:00:00
6255,135,Ash,Ruta 1,38,699,False,2026-06-04 11:00:00
6256,58,Brock,Zona Safari,86,602,True,2026-01-09 11:00:00
6257,23,Red,Monte Moon,14,81,True,2026-06-15 03:00:00
6258,184,Leaf,Bosque Verde,95,1795,False,2026-03-28 20:00:00
6259,47,Leaf,Ruta 1,78,1107,True,2026-02-22 10:00:00
6260,15,Blue,Monte Moon,43,765,True,2026-02-01 10:00:00
6261,25,Ash,Isla Canela,35,392,False,2026-04-09 01:00:00
6262,170,Blue,Bosque Verde,29,191,True,2026-01-13 23:00:00
6263,27,Leaf,Monte Moon,57,342,False,2026-03-10 00:00:00
6264,166,Ash,Bosque Verde,99,1356,True,2026-02-02 10:00:00
6265,140,Brock,Zona Safari,78,553,False,2026-02-19 04:00:00
6266,128,Blue,Zona Safari,41,705,True,2026-03-12 02:00:00
6267,34,Leaf,Cueva Celeste,37,839,False,2026-05-30 22:00:00
6268,71,Ash,Bosque Verde,76,1679,True,2026-03-25 10:00:00
6269,76,Ash,Zona Safari,50,1115,False,2026-02-24 19:00:00
6270,117,Blue,Ruta 1,92,1416,False,2026-03-10 01:00:00
6271,192,Ash,Bosque Verde,47,700,True,2026-01-01 13:00:00
6272,115,Red,Zona Safari,34,584,False,2026-04-30 21:00:00
6273,169,Misty,Zona Safari,83,2000,False,2026-05-25 09:00:00
6274,91,Ash,Zona Safari,86,1582,True,2026-03-28 15:00:00
6275,200,Red,Monte Moon,96,835,True,2026-04-18 04:00:00
6276,147,Ash,Zona Safari,37,222,False,2026-02-15 01:00:00
6277,102,Leaf,Zona Safari,65,422,True,2026-06-01 22:00:00
6278,190,Red,Cueva Celeste,98,705,True,2026-02-26 13:00:00
6279,176,Red,Bosque Verde,38,539,True,2026-06-14 09:00:00
6280,129,Misty,Monte Moon,31,124,False,2026-04-08 02:00:00
6281,171,Brock,Isla Canela,86,1384,True,2026-02-27 09:00:00
6282,147,Ash,Isla Canela,59,354,False,2026-03-30 06:00:00
6283,53,Misty,Cueva Celeste,11,169,False,2026-01-09 18:00:00
6284,154,Blue,Zona Safari,21,495,False,2026-02-16 22:00:00
6285,64,Blue,Monte Moon,19,266,True,2026-05-11 07:00:00
6286,38,Misty,Bosque Verde,30,531,False,2026-02-01 02:00:00
6287,184,Misty,Cueva Celeste,45,850,False,2026-04-15 18:00:00
6288,56,Ash,Zona Safari,83,506,True,2026-01-10 21:00:00
6289,47,Ash,Bosque Verde,79,1121,False,2026-01-11 13:00:00
6290,76,Red,Ruta 1,68,1516,True,2026-02-28 05:00:00
6291,46,Leaf,Cueva Celeste,89,507,False,2026-06-25 23:00:00
6292,70,Ash,Isla Canela,49,671,True,2026-02-08 22:00:00
6293,100,Leaf,Bosque Verde,58,382,True,2026-04-02 13:00:00
6294,134,Leaf,Monte Moon,90,1656,True,2026-06-07 16:00:00
6295,70,Brock,Isla Canela,36,493,False,2026-06-13 21:00:00
6296,194,Blue,Ruta 1,93,390,True,2026-01-26 06:00:00
6297,115,Ash,Ruta 1,57,980,True,2026-05-13 11:00:00
6298,144,Ash,Isla Canela,94,2453,False,2026-06-01 16:00:00
6299,99,Brock,Bosque Verde,67,1112,False,2026-05-07 18:00:00
6300,135,Ash,Monte Moon,36,662,False,2026-01-15 16:00:00
6301,7,Brock,Isla Canela,95,598,True,2026-04-14 04:00:00
6302,176,Red,Isla Canela,36,511,True,2026-05-04 20:00:00
6303,103,Ash,Cueva Celeste,53,985,True,2026-05-10 04:00:00
6304,148,Blue,Monte Moon,21,308,False,2026-01-13 19:00:00
6305,42,Misty,Monte Moon,24,381,False,2026-04-14 11:00:00
6306,62,Blue,Bosque Verde,28,644,True,2026-04-02 06:00:00
6307,32,Misty,Cueva Celeste,72,396,False,2026-03-05 17:00:00
6308,193,Ash,Monte Moon,75,585,True,2026-06-27 03:00:00
6309,112,Red,Monte Moon,35,595,False,2026-06-20 13:00:00
6310,84,Blue,Cueva Celeste,67,415,True,2026-04-20 00:00:00
6311,122,Ash,Zona Safari,85,1368,False,2026-05-24 20:00:00
6312,34,Misty,Cueva Celeste,63,1430,False,2026-04-23 00:00:00
6313,59,Blue,Monte Moon,22,426,False,2026-04-28 00:00:00
6314,124,Leaf,Ruta 1,9,143,True,2026-01-11 09:00:00
6315,146,Misty,Monte Moon,64,1670,False,2026-03-12 23:00:00
6316,55,Ash,Isla Canela,83,1452,True,2026-02-05 21:00:00
6317,18,Red,Cueva Celeste,60,1296,True,2026-02-19 03:00:00
6318,122,Red,Cueva Celeste,62,998,True,2026-04-28 08:00:00
6319,113,Blue,Cueva Celeste,21,829,True,2026-04-03 13:00:00
6320,50,Leaf,Isla Canela,15,79,True,2026-01-27 00:00:00
6321,34,Red,Cueva Celeste,25,567,True,2026-02-21 05:00:00
6322,185,Leaf,Monte Moon,45,648,False,2026-03-24 03:00:00
6323,32,Red,Monte Moon,89,489,True,2026-05-21 00:00:00
6324,182,Ash,Isla Canela,24,530,False,2026-01-04 15:00:00
6325,158,Brock,Monte Moon,11,69,True,2026-02-27 16:00:00
6326,27,Blue,Bosque Verde,50,300,True,2026-01-31 23:00:00
6327,65,Ash,Cueva Celeste,22,495,False,2026-03-21 13:00:00
6328,115,Ash,Ruta 1,55,946,True,2026-02-22 05:00:00
6329,148,Misty,Monte Moon,23,338,True,2026-05-13 07:00:00
6330,144,Red,Isla Canela,7,182,True,2026-06-28 07:00:00
6331,38,Red,Zona Safari,34,601,True,2026-05-01 13:00:00
6332,17,Blue,Ruta 1,36,439,False,2026-01-20 07:00:00
6333,7,Blue,Ruta 1,54,340,True,2026-06-13 10:00:00
6334,131,Leaf,Ruta 1,31,579,False,2026-03-09 13:00:00
6335,194,Leaf,Bosque Verde,54,226,True,2026-06-30 22:00:00
6336,47,Red,Cueva Celeste,4,56,False,2026-02-03 05:00:00
6337,50,Leaf,Ruta 1,76,402,False,2026-02-19 10:00:00
6338,61,Brock,Zona Safari,15,202,False,2026-04-24 16:00:00
6339,198,Ash,Monte Moon,81,656,True,2026-02-09 20:00:00
6340,186,Leaf,Zona Safari,58,1305,True,2026-02-11 08:00:00
6341,52,Leaf,Bosque Verde,22,127,False,2026-05-05 07:00:00
6342,147,Blue,Monte Moon,3,18,False,2026-01-31 22:00:00
6343,52,Ash,Zona Safari,67,388,True,2026-05-17 04:00:00
6344,149,Brock,Isla Canela,96,2592,False,2026-06-17 01:00:00
6345,160,Leaf,Cueva Celeste,39,932,False,2026-02-16 22:00:00
6346,105,Blue,Bosque Verde,66,983,False,2026-05-20 07:00:00
6347,120,Red,Cueva Celeste,2,13,True,2026-05-06 18:00:00
6348,6,Misty,Isla Canela,35,840,False,2026-01-17 21:00:00
6349,61,Blue,Monte Moon,77,1039,False,2026-06-03 17:00:00
6350,74,Brock,Cueva Celeste,91,546,True,2026-02-16 06:00:00
6351,47,Leaf,Monte Moon,86,1221,False,2026-02-23 18:00:00
6352,44,Red,Monte Moon,13,179,True,2026-01-02 03:00:00
6353,40,Blue,Bosque Verde,5,98,True,2026-05-26 11:00:00
6354,191,Leaf,Cueva Celeste,66,237,False,2026-04-26 20:00:00
6355,57,Ash,Cueva Celeste,18,286,False,2026-05-07 17:00:00
6356,162,Misty,Cueva Celeste,39,565,False,2026-04-11 03:00:00
6357,79,Misty,Monte Moon,51,321,False,2026-04-30 17:00:00
6358,167,Leaf,Monte Moon,7,35,True,2026-01-07 22:00:00
6359,102,Red,Isla Canela,6,39,True,2026-05-17 23:00:00
6360,16,Blue,Monte Moon,67,335,False,2026-06-07 02:00:00
6361,151,Ash,Zona Safari,13,351,False,2026-06-28 18:00:00
6362,53,Ash,Ruta 1,90,1386,True,2026-02-21 09:00:00
6363,125,Red,Monte Moon,60,1032,True,2026-06-27 04:00:00
6364,41,Misty,Monte Moon,93,455,True,2026-05-05 05:00:00
6365,109,Brock,Monte Moon,58,394,True,2026-04-20 05:00:00
6366,86,Red,Zona Safari,11,71,True,2026-01-30 23:00:00
6367,102,Brock,Zona Safari,13,84,False,2026-05-10 18:00:00
6368,106,Misty,Bosque Verde,86,1367,False,2026-06-06 13:00:00
6369,80,Ash,Zona Safari,61,1049,True,2026-04-16 17:00:00
6370,88,Misty,Ruta 1,65,422,True,2026-02-07 15:00:00
6371,97,Red,Cueva Celeste,69,1166,True,2026-01-15 10:00:00
6372,3,Ash,Zona Safari,61,1439,False,2026-05-22 15:00:00
6373,105,Leaf,Zona Safari,62,923,True,2026-03-19 17:00:00
6374,85,Brock,Bosque Verde,49,808,True,2026-03-19 02:00:00
6375,17,Red,Monte Moon,50,610,True,2026-01-11 17:00:00
6376,88,Leaf,Bosque Verde,15,97,True,2026-01-05 02:00:00
6377,123,Brock,Monte Moon,18,180,False,2026-04-27 16:00:00
6378,83,Misty,Cueva Celeste,3,39,True,2026-02-26 04:00:00
6379,29,Ash,Cueva Celeste,92,505,True,2026-01-18 00:00:00
6380,53,Leaf,Isla Canela,43,662,False,2026-04-15 15:00:00
6381,50,Leaf,Ruta 1,85,450,False,2026-01-18 21:00:00
6382,172,Red,Zona Safari,28,114,True,2026-06-05 05:00:00
6383,105,Red,Isla Canela,18,268,False,2026-02-10 14:00:00
6384,34,Brock,Ruta 1,45,1021,False,2026-02-14 04:00:00
6385,188,Red,Monte Moon,33,392,True,2026-06-25 15:00:00
6386,71,Leaf,Bosque Verde,60,1326,False,2026-04-26 19:00:00
6387,31,Misty,Zona Safari,24,544,False,2026-05-16 08:00:00
6388,103,Misty,Ruta 1,26,483,True,2026-05-19 11:00:00
6389,66,Ash,Monte Moon,83,506,False,2026-04-11 15:00:00
6390,90,Blue,Ruta 1,46,280,True,2026-02-20 02:00:00
6391,182,Brock,Ruta 1,18,397,True,2026-04-20 23:00:00
6392,12,Misty,Isla Canela,69,1228,False,2026-02-09 01:00:00
6393,92,Ash,Cueva Celeste,24,148,False,2026-06-03 11:00:00
6394,102,Ash,Bosque Verde,63,409,True,2026-06-27 18:00:00
6395,181,Red,Monte Moon,96,2208,False,2026-04-25 22:00:00
6396,93,Leaf,Zona Safari,12,170,False,2026-04-02 09:00:00
6397,46,Ash,Cueva Celeste,15,85,False,2026-03-25 12:00:00
6398,155,Brock,Zona Safari,22,136,True,2026-04-23 00:00:00
6399,25,Brock,Isla Canela,32,358,True,2026-06-09 14:00:00
6400,29,Brock,Bosque Verde,9,49,True,2026-01-31 20:00:00
6401,114,Blue,Monte Moon,60,522,True,2026-06-15 15:00:00
6402,112,Misty,Zona Safari,32,544,False,2026-04-22 06:00:00
6403,172,Brock,Monte Moon,5,20,False,2026-04-13 23:00:00
6404,36,Leaf,Ruta 1,75,1627,True,2026-01-25 23:00:00
6405,100,Brock,Monte Moon,77,508,False,2026-04-26 17:00:00
6406,10,Brock,Zona Safari,7,27,True,2026-04-07 18:00:00
6407,53,Brock,Monte Moon,18,277,False,2026-04-13 11:00:00
6408,18,Red,Cueva Celeste,53,1144,True,2026-01-12 19:00:00
6409,185,Brock,Ruta 1,97,1396,True,2026-03-18 09:00:00
6410,131,Blue,Cueva Celeste,12,224,True,2026-02-08 18:00:00
6411,123,Brock,Cueva Celeste,87,869,False,2026-01-13 01:00:00
6412,10,Blue,Zona Safari,81,315,False,2026-02-14 19:00:00
6413,130,Brock,Monte Moon,4,75,True,2026-04-24 12:00:00
6414,29,Misty,Cueva Celeste,77,423,True,2026-05-08 03:00:00
6415,196,Brock,Cueva Celeste,44,809,False,2026-04-10 09:00:00
6416,133,Leaf,Zona Safari,40,260,True,2026-02-22 13:00:00
6417,183,Brock,Zona Safari,100,880,True,2026-05-04 02:00:00
6418,116,Misty,Cueva Celeste,97,572,True,2026-03-19 01:00:00
6419,15,Leaf,Cueva Celeste,49,872,True,2026-01-22 06:00:00
6420,57,Leaf,Bosque Verde,26,413,False,2026-03-15 11:00:00
6421,89,Blue,Monte Moon,39,682,True,2026-04-13 02:00:00
6422,184,Leaf,Isla Canela,17,321,True,2026-01-14 16:00:00
6423,66,Ash,Isla Canela,69,420,True,2026-03-28 07:00:00
6424,164,Leaf,Isla Canela,89,1406,True,2026-03-16 02:00:00
6425,54,Leaf,Monte Moon,69,441,True,2026-05-29 14:00:00
6426,119,Leaf,Isla Canela,98,1548,False,2026-01-20 16:00:00
6427,68,Ash,Isla Canela,95,2156,True,2026-04-24 19:00:00
6428,131,Blue,Zona Safari,72,1346,True,2026-03-31 09:00:00
6429,61,Leaf,Isla Canela,33,445,False,2026-01-09 17:00:00
6430,3,Red,Zona Safari,75,1770,False,2026-06-02 10:00:00
6431,77,Ash,Bosque Verde,51,418,True,2026-06-05 03:00:00
6432,124,Red,Cueva Celeste,79,1256,False,2026-06-29 16:00:00
6433,5,Brock,Isla Canela,92,1306,True,2026-01-09 10:00:00
6434,20,Brock,Cueva Celeste,89,1290,True,2026-03-12 21:00:00
6435,174,Ash,Bosque Verde,85,357,True,2026-04-18 15:00:00
6436,73,Brock,Isla Canela,26,468,True,2026-06-11 04:00:00
6437,23,Brock,Isla Canela,29,168,False,2026-05-31 23:00:00
6438,51,Ash,Isla Canela,89,1326,True,2026-04-18 05:00:00
6439,54,Misty,Isla Canela,26,166,False,2026-05-04 17:00:00
6440,144,Ash,Monte Moon,70,1827,True,2026-04-13 07:00:00
6441,117,Blue,Bosque Verde,73,1124,True,2026-03-14 02:00:00
6442,112,Blue,Ruta 1,91,1547,True,2026-03-09 08:00:00
6443,130,Ash,Bosque Verde,33,623,False,2026-03-11 05:00:00
6444,77,Brock,Cueva Celeste,27,221,True,2026-01-19 06:00:00
6445,169,Leaf,Ruta 1,35,843,False,2026-02-27 12:00:00
6446,103,Misty,Isla Canela,54,1004,True,2026-03-14 05:00:00
6447,11,Leaf,Ruta 1,83,597,False,2026-05-30 15:00:00
6448,130,Blue,Bosque Verde,19,359,True,2026-01-11 06:00:00
6449,197,Red,Bosque Verde,19,349,False,2026-06-28 09:00:00
6450,123,Ash,Isla Canela,49,490,False,2026-06-24 19:00:00
6451,133,Leaf,Cueva Celeste,78,507,False,2026-01-11 21:00:00
6452,17,Misty,Zona Safari,61,744,False,2026-06-24 20:00:00
6453,155,Red,Bosque Verde,1,6,True,2026-03-19 09:00:00
6454,7,Blue,Zona Safari,23,144,False,2026-01-02 07:00:00
6455,135,Ash,Ruta 1,93,1711,False,2026-03-27 19:00:00
6456,186,Blue,Monte Moon,70,1575,True,2026-05-02 00:00:00
6457,48,Leaf,Zona Safari,92,561,False,2026-01-16 04:00:00
6458,92,Leaf,Monte Moon,64,396,True,2026-02-11 06:00:00
6459,109,Red,Zona Safari,18,122,True,2026-06-17 19:00:00
6460,159,Red,Cueva Celeste,62,880,True,2026-03-07 02:00:00
6461,6,Blue,Zona Safari,59,1416,True,2026-05-31 18:00:00
6462,2,Red,Isla Canela,75,1065,False,2026-01-09 21:00:00
6463,175,Leaf,Isla Canela,87,426,False,2026-03-26 21:00:00
6464,40,Leaf,Zona Safari,91,1783,True,2026-05-26 18:00:00
6465,9,Leaf,Ruta 1,77,1840,False,2026-01-20 12:00:00
6466,98,Blue,Monte Moon,51,331,True,2026-01-05 09:00:00
6467,180,Misty,Ruta 1,64,819,False,2026-03-04 03:00:00
6468,183,Red,Zona Safari,10,88,True,2026-03-21 13:00:00
6469,114,Brock,Ruta 1,72,626,False,2026-04-22 20:00:00
6470,136,Brock,Isla Canela,23,423,False,2026-03-07 19:00:00
6471,186,Ash,Ruta 1,30,675,False,2026-02-10 00:00:00
6472,175,Red,Zona Safari,59,289,False,2026-06-23 11:00:00
6473,76,Ash,Cueva Celeste,94,2096,False,2026-02-26 08:00:00
6474,157,Ash,Zona Safari,47,1128,False,2026-03-10 11:00:00
6475,106,Ash,Ruta 1,10,159,True,2026-06-17 09:00:00
6476,16,Blue,Isla Canela,28,140,False,2026-05-30 05:00:00
6477,154,Red,Isla Canela,13,306,False,2026-03-11 13:00:00
6478,172,Misty,Zona Safari,25,102,False,2026-03-28 11:00:00
6479,13,Leaf,Isla Canela,38,148,False,2026-01-18 19:00:00
6480,94,Misty,Monte Moon,43,967,False,2026-04-02 13:00:00
6481,164,Blue,Bosque Verde,65,1027,True,2026-01-20 00:00:00
6482,141,Leaf,Bosque Verde,10,173,False,2026-06-30 16:00:00
6483,36,Brock,Cueva Celeste,97,2104,False,2026-06-08 02:00:00
6484,176,Leaf,Ruta 1,58,823,True,2026-04-20 13:00:00
6485,154,Leaf,Ruta 1,74,1746,True,2026-03-01 22:00:00
6486,65,Brock,Ruta 1,60,1350,False,2026-02-18 22:00:00
6487,66,Blue,Cueva Celeste,59,359,False,2026-06-25 05:00:00
6488,137,Brock,Monte Moon,5,39,False,2026-02-28 11:00:00
6489,200,Blue,Bosque Verde,87,756,True,2026-05-03 19:00:00
6490,171,Leaf,Cueva Celeste,70,1127,True,2026-02-25 10:00:00
6491,170,Leaf,Cueva Celeste,74,488,False,2026-06-09 18:00:00
6492,163,Ash,Cueva Celeste,59,306,True,2026-05-06 07:00:00
6493,50,Brock,Isla Canela,74,392,False,2026-06-22 23:00:00
6494,70,Misty,Monte Moon,36,493,True,2026-06-15 23:00:00
6495,167,Red,Zona Safari,49,245,True,2026-02-24 04:00:00
6496,62,Brock,Isla Canela,7,161,False,2026-03-28 06:00:00
6497,157,Brock,Zona Safari,25,600,True,2026-05-19 02:00:00
6498,27,Red,Cueva Celeste,71,426,True,2026-05-12 00:00:00
6499,41,Blue,Cueva Celeste,85,416,False,2026-05-14 03:00:00
6500,50,Misty,Bosque Verde,97,514,False,2026-03-19 20:00:00
6501,31,Red,Monte Moon,67,1520,False,2026-03-05 05:00:00
6502,124,Ash,Monte Moon,30,477,False,2026-03-02 17:00:00
6503,139,Blue,Ruta 1,51,882,False,2026-06-10 06:00:00
6504,144,Leaf,Isla Canela,42,1096,True,2026-04-25 23:00:00
6505,158,Blue,Ruta 1,3,18,True,2026-04-05 23:00:00
6506,64,Brock,Cueva Celeste,28,392,True,2026-02-10 20:00:00
6507,199,Red,Zona Safari,82,1410,True,2026-04-30 16:00:00
6508,13,Red,Cueva Celeste,17,66,True,2026-06-13 06:00:00
6509,19,Leaf,Cueva Celeste,34,173,False,2026-04-24 09:00:00
6510,59,Brock,Monte Moon,69,1338,True,2026-01-14 20:00:00
6511,87,Blue,Isla Canela,5,83,True,2026-03-17 08:00:00
6512,167,Red,Isla Canela,77,385,False,2026-03-04 03:00:00
6513,11,Red,Ruta 1,7,50,False,2026-04-14 00:00:00
6514,32,Leaf,Bosque Verde,37,203,False,2026-03-06 23:00:00
6515,181,Misty,Bosque Verde,76,1748,True,2026-02-15 07:00:00
6516,30,Ash,Ruta 1,72,921,True,2026-06-13 00:00:00
6517,162,Red,Monte Moon,88,1276,True,2026-03-03 00:00:00
6518,154,Ash,Cueva Celeste,30,708,True,2026-03-01 12:00:00
6519,191,Leaf,Isla Canela,24,86,True,2026-05-28 09:00:00
6520,186,Blue,Ruta 1,24,540,False,2026-03-17 14:00:00
6521,108,Ash,Monte Moon,95,731,False,2026-02-18 15:00:00
6522,47,Misty,Cueva Celeste,1,14,True,2026-06-20 12:00:00
6523,60,Red,Monte Moon,18,108,True,2026-02-07 15:00:00
6524,189,Leaf,Isla Canela,35,724,True,2026-03-13 08:00:00
6525,5,Blue,Cueva Celeste,52,738,True,2026-01-17 17:00:00
6526,143,Misty,Zona Safari,11,207,False,2026-02-21 07:00:00
6527,193,Blue,Zona Safari,32,249,False,2026-04-07 12:00:00
6528,24,Red,Zona Safari,39,612,True,2026-05-13 17:00:00
6529,7,Ash,Ruta 1,62,390,True,2026-01-20 08:00:00
6530,189,Misty,Cueva Celeste,94,1945,False,2026-01-15 15:00:00
6531,163,Misty,Cueva Celeste,56,291,True,2026-01-04 22:00:00
6532,149,Red,Monte Moon,79,2133,False,2026-01-16 18:00:00
6533,96,Misty,Cueva Celeste,83,547,True,2026-01-02 12:00:00
6534,199,Misty,Zona Safari,61,1049,False,2026-03-07 00:00:00
6535,133,Red,Zona Safari,78,507,False,2026-03-14 01:00:00
6536,102,Misty,Bosque Verde,75,487,False,2026-06-29 10:00:00
6537,51,Brock,Cueva Celeste,49,730,False,2026-04-09 20:00:00
6538,125,Brock,Ruta 1,8,137,True,2026-04-19 17:00:00
6539,177,Brock,Zona Safari,81,518,True,2026-03-16 01:00:00
6540,18,Blue,Isla Canela,12,259,True,2026-02-13 08:00:00
6541,58,Ash,Ruta 1,76,532,False,2026-02-02 23:00:00
6542,36,Brock,Isla Canela,90,1953,False,2026-06-22 20:00:00
6543,79,Red,Zona Safari,74,466,False,2026-04-08 21:00:00
6544,123,Brock,Bosque Verde,78,780,True,2026-04-13 11:00:00
6545,75,Brock,Cueva Celeste,69,945,False,2026-05-16 19:00:00
6546,44,Red,Bosque Verde,7,96,True,2026-05-27 10:00:00
6547,179,Misty,Isla Canela,88,492,False,2026-06-11 13:00:00
6548,49,Ash,Monte Moon,98,1548,True,2026-03-30 04:00:00
6549,194,Brock,Ruta 1,72,302,False,2026-02-09 22:00:00
6550,61,Brock,Zona Safari,65,877,False,2026-02-01 12:00:00
6551,33,Leaf,Bosque Verde,74,947,True,2026-01-03 13:00:00
6552,60,Ash,Cueva Celeste,76,456,False,2026-04-09 06:00:00
6553,133,Red,Zona Safari,37,240,False,2026-05-14 17:00:00
6554,108,Leaf,Ruta 1,73,562,False,2026-06-28 15:00:00
6555,119,Leaf,Monte Moon,60,948,True,2026-03-27 13:00:00
6556,155,Red,Ruta 1,11,68,True,2026-03-31 16:00:00
6557,190,Blue,Isla Canela,5,36,False,2026-06-26 14:00:00
6558,139,Misty,Zona Safari,31,536,False,2026-05-05 13:00:00
6559,187,Brock,Zona Safari,88,440,True,2026-03-13 12:00:00
6560,77,Misty,Bosque Verde,25,205,True,2026-03-13 22:00:00
6561,65,Misty,Cueva Celeste,52,1170,True,2026-02-07 23:00:00
6562,72,Misty,Monte Moon,51,341,True,2026-03-09 16:00:00
6563,160,Ash,Bosque Verde,47,1123,True,2026-05-24 12:00:00
6564,90,Red,Zona Safari,68,414,True,2026-06-24 00:00:00
6565,119,Leaf,Bosque Verde,97,1532,False,2026-05-21 10:00:00
6566,98,Brock,Bosque Verde,4,26,True,2026-04-20 15:00:00
6567,83,Misty,Monte Moon,63,831,True,2026-01-10 18:00:00
6568,21,Red,Monte Moon,31,161,True,2026-04-05 17:00:00
6569,160,Leaf,Zona Safari,29,693,True,2026-06-20 14:00:00
6570,76,Leaf,Monte Moon,16,356,False,2026-04-22 18:00:00
6571,57,Leaf,Isla Canela,77,1224,True,2026-05-04 10:00:00
6572,6,Leaf,Cueva Celeste,7,168,True,2026-05-14 23:00:00
6573,58,Brock,Monte Moon,3,21,True,2026-04-18 10:00:00
6574,195,Leaf,Cueva Celeste,87,1313,False,2026-02-13 18:00:00
6575,35,Blue,Cueva Celeste,70,791,True,2026-01-27 11:00:00
6576,5,Red,Zona Safari,98,1391,True,2026-03-27 11:00:00
6577,138,Red,Isla Canela,80,568,False,2026-05-27 13:00:00
6578,160,Red,Cueva Celeste,83,1983,False,2026-04-28 08:00:00
6579,18,Misty,Ruta 1,42,907,True,2026-01-21 01:00:00
6580,29,Leaf,Cueva Celeste,47,258,True,2026-05-09 03:00:00
6581,9,Red,Bosque Verde,29,693,False,2026-06-13 13:00:00
6582,176,Ash,Bosque Verde,79,1121,False,2026-05-16 01:00:00
6583,107,Misty,Zona Safari,93,1478,True,2026-05-26 07:00:00
6584,1,Misty,Zona Safari,4,25,False,2026-06-30 12:00:00
6585,49,Blue,Monte Moon,14,221,True,2026-06-01 21:00:00
6586,85,Ash,Monte Moon,21,346,False,2026-04-12 18:00:00
6587,93,Brock,Bosque Verde,16,227,True,2026-04-21 07:00:00
6588,109,Leaf,Bosque Verde,95,646,False,2026-05-02 14:00:00
6589,80,Brock,Ruta 1,20,344,True,2026-04-16 02:00:00
6590,155,Red,Zona Safari,37,229,False,2026-05-08 18:00:00
6591,83,Ash,Ruta 1,46,607,False,2026-04-15 04:00:00
6592,160,Misty,Cueva Celeste,95,2270,True,2026-06-09 00:00:00
6593,154,Ash,Monte Moon,92,2171,True,2026-05-17 17:00:00
6594,71,Blue,Isla Canela,6,132,True,2026-05-20 14:00:00
6595,20,Blue,Bosque Verde,91,1319,True,2026-06-24 04:00:00
6596,192,Blue,Zona Safari,28,417,False,2026-06-04 12:00:00
6597,26,Ash,Isla Canela,80,1744,False,2026-05-13 09:00:00
6598,174,Ash,Ruta 1,43,180,True,2026-03-12 14:00:00
6599,172,Leaf,Isla Canela,24,98,True,2026-02-21 08:00:00
6600,96,Brock,Monte Moon,53,349,False,2026-02-23 00:00:00
6601,194,Blue,Bosque Verde,50,210,True,2026-04-19 19:00:00
6602,148,Blue,Cueva Celeste,53,779,True,2026-03-20 01:00:00
6603,154,Red,Cueva Celeste,10,236,True,2026-06-18 17:00:00
6604,87,Blue,Ruta 1,78,1294,True,2026-02-03 06:00:00
6605,3,Blue,Zona Safari,69,1628,False,2026-05-28 14:00:00
6606,194,Blue,Ruta 1,17,71,False,2026-03-07 07:00:00
6607,66,Ash,Bosque Verde,55,335,True,2026-05-12 09:00:00
6608,134,Red,Cueva Celeste,62,1140,False,2026-05-03 09:00:00
6609,98,Misty,Isla Canela,58,377,True,2026-03-07 11:00:00
6610,111,Ash,Cueva Celeste,64,441,False,2026-05-10 01:00:00
6611,101,Red,Isla Canela,82,1410,False,2026-03-17 08:00:00
6612,123,Brock,Monte Moon,79,790,True,2026-02-19 19:00:00
6613,111,Ash,Monte Moon,90,621,False,2026-06-02 20:00:00
6614,185,Leaf,Isla Canela,44,633,True,2026-02-20 05:00:00
6615,23,Brock,Cueva Celeste,44,255,True,2026-02-19 04:00:00
6616,22,Misty,Ruta 1,53,821,False,2026-06-05 22:00:00
6617,119,Leaf,Cueva Celeste,19,300,True,2026-03-02 17:00:00
6618,84,Ash,Monte Moon,35,217,True,2026-05-14 01:00:00
6619,121,Blue,Cueva Celeste,38,691,True,2026-03-15 08:00:00
6620,150,Leaf,Monte Moon,26,795,True,2026-05-04 07:00:00
6621,43,Misty,Ruta 1,54,345,True,2026-01-07 06:00:00
6622,21,Ash,Bosque Verde,17,88,True,2026-06-21 03:00:00
6623,187,Brock,Zona Safari,55,275,False,2026-03-07 08:00:00
6624,118,Blue,Ruta 1,27,172,False,2026-03-30 05:00:00
6625,182,Brock,Bosque Verde,70,1547,True,2026-02-23 05:00:00
6626,169,Leaf,Zona Safari,47,1132,True,2026-05-31 11:00:00
6627,168,Blue,Zona Safari,85,1190,False,2026-01-05 11:00:00
6628,121,Brock,Cueva Celeste,61,1110,False,2026-06-18 10:00:00
6629,1,Leaf,Monte Moon,84,537,True,2026-03-17 08:00:00
6630,71,Brock,Cueva Celeste,4,88,True,2026-03-27 17:00:00
6631,72,Blue,Zona Safari,11,73,True,2026-01-11 01:00:00
6632,69,Blue,Isla Canela,43,258,True,2026-03-15 15:00:00
6633,52,Blue,Cueva Celeste,85,493,True,2026-05-19 07:00:00
6634,70,Brock,Monte Moon,19,260,True,2026-04-06 04:00:00
6635,8,Ash,Zona Safari,5,71,False,2026-04-25 02:00:00
6636,36,Leaf,Monte Moon,55,1193,True,2026-06-19 00:00:00
6637,70,Ash,Zona Safari,2,27,True,2026-03-04 04:00:00
6638,129,Red,Isla Canela,74,296,True,2026-05-13 10:00:00
6639,96,Red,Ruta 1,5,33,True,2026-04-12 23:00:00
6640,163,Red,Monte Moon,18,93,False,2026-02-23 21:00:00
6641,52,Blue,Ruta 1,98,568,False,2026-03-13 14:00:00
6642,147,Brock,Monte Moon,6,36,True,2026-01-17 15:00:00
6643,176,Misty,Ruta 1,73,1036,True,2026-01-15 17:00:00
6644,159,Misty,Bosque Verde,66,937,False,2026-05-23 18:00:00
6645,77,Leaf,Zona Safari,10,82,True,2026-02-09 08:00:00
6646,33,Blue,Zona Safari,97,1241,True,2026-03-25 12:00:00
6647,102,Misty,Bosque Verde,30,195,True,2026-06-22 18:00:00
6648,187,Blue,Bosque Verde,64,320,False,2026-02-19 09:00:00
6649,131,Blue,Monte Moon,92,1720,True,2026-01-09 07:00:00
6650,81,Ash,Zona Safari,61,396,True,2026-01-30 08:00:00
6651,35,Brock,Bosque Verde,29,327,True,2026-06-29 16:00:00
6652,144,Ash,Bosque Verde,32,835,False,2026-06-07 04:00:00
6653,115,Red,Ruta 1,69,1186,False,2026-01-21 15:00:00
6654,138,Leaf,Cueva Celeste,81,575,True,2026-02-05 05:00:00
6655,112,Ash,Cueva Celeste,91,1547,True,2026-03-15 10:00:00
6656,136,Leaf,Ruta 1,27,496,False,2026-05-28 15:00:00
6657,109,Blue,Bosque Verde,19,129,True,2026-06-10 16:00:00
6658,146,Blue,Monte Moon,63,1644,True,2026-05-11 18:00:00
6659,160,Misty,Monte Moon,83,1983,True,2026-06-04 04:00:00
6660,114,Ash,Isla Canela,35,304,True,2026-03-13 10:00:00
6661,123,Ash,Cueva Celeste,59,590,True,2026-05-13 03:00:00
6662,85,Ash,Isla Canela,68,1122,True,2026-01-05 11:00:00
6663,176,Ash,Isla Canela,58,823,False,2026-01-17 16:00:00
6664,94,Misty,Isla Canela,20,450,True,2026-05-29 23:00:00
6665,97,Misty,Zona Safari,38,642,True,2026-02-19 13:00:00
6666,148,Brock,Ruta 1,79,1161,True,2026-04-08 04:00:00
6667,188,Misty,Monte Moon,92,1094,True,2026-04-29 17:00:00
6668,127,Misty,Cueva Celeste,34,595,True,2026-05-18 04:00:00
6669,189,Blue,Cueva Celeste,82,1697,False,2026-02-13 06:00:00
6670,40,Red,Zona Safari,65,1274,False,2026-04-22 20:00:00
6671,7,Misty,Ruta 1,24,151,False,2026-03-03 15:00:00
6672,92,Blue,Ruta 1,92,570,False,2026-02-26 11:00:00
6673,30,Leaf,Cueva Celeste,64,819,False,2026-02-27 15:00:00
6674,146,Brock,Monte Moon,6,156,False,2026-06-12 15:00:00
6675,28,Leaf,Zona Safari,61,963,False,2026-04-21 04:00:00
6676,153,Leaf,Isla Canela,63,894,False,2026-03-27 07:00:00
6677,64,Brock,Bosque Verde,71,994,True,2026-04-25 19:00:00
6678,30,Brock,Ruta 1,98,1254,True,2026-01-04 03:00:00
6679,195,Leaf,Zona Safari,83,1253,False,2026-02-08 09:00:00
6680,181,Misty,Cueva Celeste,76,1748,True,2026-05-10 15:00:00
6681,197,Brock,Cueva Celeste,93,1711,True,2026-03-20 06:00:00
6682,197,Red,Monte Moon,55,1012,False,2026-05-31 23:00:00
6683,101,Ash,Ruta 1,82,1410,False,2026-04-17 08:00:00
6684,182,Leaf,Monte Moon,58,1281,True,2026-05-15 07:00:00
6685,8,Ash,Isla Canela,43,610,False,2026-02-06 06:00:00
6686,158,Misty,Ruta 1,89,560,False,2026-04-04 15:00:00
6687,162,Blue,Ruta 1,91,1319,True,2026-05-24 19:00:00
6688,73,Blue,Ruta 1,48,864,True,2026-04-18 23:00:00
6689,26,Leaf,Bosque Verde,66,1438,False,2026-02-09 23:00:00
6690,130,Misty,Isla Canela,61,1152,False,2026-06-15 17:00:00
6691,185,Leaf,Ruta 1,15,216,False,2026-06-04 06:00:00
6692,192,Ash,Cueva Celeste,83,1236,True,2026-02-12 23:00:00
6693,138,Misty,Ruta 1,53,376,True,2026-06-01 06:00:00
6694,112,Blue,Monte Moon,20,340,True,2026-04-07 12:00:00
6695,62,Brock,Isla Canela,89,2047,True,2026-05-16 10:00:00
6696,100,Ash,Monte Moon,8,52,False,2026-04-02 19:00:00
6697,66,Leaf,Zona Safari,49,298,True,2026-01-01 22:00:00
6698,31,Red,Cueva Celeste,56,1271,True,2026-06-11 15:00:00
6699,96,Red,Zona Safari,21,138,True,2026-01-01 23:00:00
6700,50,Blue,Ruta 1,97,514,False,2026-01-24 01:00:00
6701,182,Ash,Monte Moon,7,154,False,2026-03-19 21:00:00
6702,123,Misty,Isla Canela,94,940,True,2026-02-02 09:00:00
6703,142,Misty,Ruta 1,39,702,True,2026-05-11 03:00:00
6704,33,Brock,Zona Safari,17,217,False,2026-02-09 04:00:00
6705,42,Leaf,Bosque Verde,27,429,False,2026-02-12 16:00:00
6706,189,Red,Cueva Celeste,4,82,False,2026-03-05 01:00:00
6707,168,Blue,Isla Canela,35,490,True,2026-04-19 02:00:00
6708,49,Blue,Cueva Celeste,77,1216,False,2026-06-26 10:00:00
6709,180,Brock,Ruta 1,33,422,False,2026-05-26 17:00:00
6710,9,Blue,Monte Moon,45,1075,False,2026-04-04 21:00:00
6711,165,Brock,Bosque Verde,97,514,False,2026-04-28 23:00:00
6712,77,Red,Monte Moon,10,82,False,2026-05-05 07:00:00
6713,37,Blue,Ruta 1,63,378,True,2026-02-27 05:00:00
6714,155,Red,Isla Canela,92,570,False,2026-03-09 15:00:00
6715,52,Blue,Cueva Celeste,28,162,False,2026-03-02 00:00:00
6716,181,Red,Isla Canela,82,1885,True,2026-06-05 05:00:00
6717,6,Red,Bosque Verde,78,1872,True,2026-05-31 19:00:00
6718,92,Red,Ruta 1,62,384,False,2026-05-05 17:00:00
6719,71,Brock,Cueva Celeste,33,729,True,2026-01-07 19:00:00
6720,37,Blue,Ruta 1,7,42,False,2026-01-07 01:00:00
6721,102,Ash,Isla Canela,87,565,False,2026-03-24 09:00:00
6722,50,Brock,Isla Canela,28,148,False,2026-03-13 01:00:00
6723,117,Leaf,Ruta 1,40,616,False,2026-04-11 13:00:00
6724,199,Ash,Zona Safari,71,1221,True,2026-03-12 17:00:00
6725,155,Red,Bosque Verde,94,582,False,2026-01-03 19:00:00
6726,105,Blue,Isla Canela,88,1311,True,2026-03-26 22:00:00
6727,130,Misty,Zona Safari,87,1644,False,2026-02-16 20:00:00
6728,54,Red,Bosque Verde,39,249,True,2026-01-12 11:00:00
6729,22,Ash,Isla Canela,58,899,True,2026-05-31 13:00:00
6730,159,Red,Zona Safari,12,170,False,2026-05-06 21:00:00
6731,67,Misty,Bosque Verde,22,312,False,2026-03-09 23:00:00
6732,16,Brock,Monte Moon,76,380,True,2026-01-28 23:00:00
6733,103,Misty,Cueva Celeste,10,186,False,2026-01-10 21:00:00
6734,63,Brock,Ruta 1,74,458,False,2026-01-17 10:00:00
6735,70,Blue,Zona Safari,27,369,True,2026-02-19 18:00:00
6736,23,Brock,Bosque Verde,87,504,False,2026-04-04 18:00:00
6737,1,Blue,Bosque Verde,6,38,False,2026-06-08 23:00:00
6738,82,Leaf,Bosque Verde,53,863,False,2026-02-28 10:00:00
6739,14,Leaf,Isla Canela,17,122,True,2026-03-24 11:00:00
6740,62,Red,Isla Canela,13,299,False,2026-04-18 00:00:00
6741,115,Red,Monte Moon,69,1186,False,2026-04-15 05:00:00
6742,108,Blue,Ruta 1,95,731,True,2026-03-20 15:00:00
6743,84,Misty,Isla Canela,59,365,False,2026-01-24 19:00:00
6744,150,Brock,Bosque Verde,38,1162,True,2026-03-15 17:00:00
6745,181,Ash,Zona Safari,1,23,True,2026-02-06 14:00:00
6746,5,Leaf,Monte Moon,42,596,True,2026-04-16 21:00:00
6747,125,Misty,Zona Safari,90,1548,False,2026-04-06 01:00:00
6748,37,Red,Cueva Celeste,80,480,True,2026-05-09 15:00:00
6749,151,Red,Cueva Celeste,89,2403,False,2026-03-07 03:00:00
6750,32,Red,Ruta 1,69,379,False,2026-06-03 07:00:00
6751,169,Brock,Cueva Celeste,6,144,False,2026-05-16 10:00:00
6752,165,Brock,Cueva Celeste,100,530,False,2026-01-18 07:00:00
6753,78,Brock,Bosque Verde,13,227,True,2026-06-19 15:00:00
6754,169,Misty,Bosque Verde,27,650,True,2026-04-09 09:00:00
6755,183,Red,Ruta 1,9,79,False,2026-03-22 21:00:00
6756,135,Blue,Monte Moon,80,1472,True,2026-03-25 09:00:00
6757,75,Brock,Ruta 1,93,1274,True,2026-03-27 03:00:00
6758,94,Red,Cueva Celeste,15,337,False,2026-04-14 04:00:00
6759,157,Ash,Monte Moon,42,1008,True,2026-06-23 14:00:00
6760,10,Leaf,Cueva Celeste,61,237,True,2026-05-01 18:00:00
6761,42,Red,Zona Safari,43,683,False,2026-04-23 19:00:00
6762,158,Leaf,Bosque Verde,3,18,True,2026-02-17 08:00:00
6763,178,Ash,Bosque Verde,45,742,True,2026-01-01 07:00:00
6764,66,Ash,Isla Canela,85,518,False,2026-04-05 13:00:00
6765,32,Brock,Cueva Celeste,26,143,True,2026-04-30 21:00:00
6766,78,Blue,Bosque Verde,56,979,False,2026-06-23 05:00:00
6767,182,Misty,Zona Safari,20,442,False,2026-06-20 10:00:00
6768,173,Blue,Bosque Verde,17,74,False,2026-03-24 20:00:00
6769,142,Ash,Isla Canela,69,1242,True,2026-06-24 12:00:00
6770,192,Red,Bosque Verde,45,670,False,2026-03-20 02:00:00
6771,183,Brock,Monte Moon,78,686,False,2026-05-01 05:00:00
6772,189,Red,Bosque Verde,67,1386,True,2026-06-24 18:00:00
6773,164,Misty,Bosque Verde,43,679,False,2026-04-28 11:00:00
6774,115,Ash,Zona Safari,20,344,True,2026-05-26 19:00:00
6775,174,Ash,Isla Canela,85,357,True,2026-05-29 07:00:00
6776,98,Red,Bosque Verde,20,130,True,2026-06-20 04:00:00
6777,86,Leaf,Cueva Celeste,1,6,False,2026-03-30 17:00:00
6778,95,Leaf,Monte Moon,55,423,False,2026-05-31 04:00:00
6779,20,Brock,Zona Safari,56,812,False,2026-04-07 14:00:00
6780,4,Misty,Zona Safari,96,595,True,2026-03-23 21:00:00
6781,95,Brock,Bosque Verde,45,346,False,2026-01-25 04:00:00
6782,13,Misty,Bosque Verde,31,120,True,2026-04-29 00:00:00
6783,158,Misty,Zona Safari,78,491,False,2026-05-21 17:00:00
6784,183,Brock,Bosque Verde,78,686,False,2026-01-22 05:00:00
6785,166,Ash,Monte Moon,57,780,False,2026-06-15 04:00:00
6786,133,Brock,Ruta 1,43,279,False,2026-03-28 08:00:00
6787,199,Ash,Isla Canela,76,1307,False,2026-04-10 00:00:00
6788,15,Ash,Zona Safari,13,231,False,2026-02-07 04:00:00
6789,181,Blue,Cueva Celeste,94,2162,True,2026-05-05 14:00:00
6790,184,Blue,Bosque Verde,83,1568,False,2026-06-18 03:00:00
6791,52,Ash,Cueva Celeste,94,545,False,2026-04-05 16:00:00
6792,175,Brock,Zona Safari,42,205,False,2026-03-04 02:00:00
6793,91,Red,Bosque Verde,18,331,True,2026-01-20 05:00:00
6794,69,Brock,Ruta 1,76,456,True,2026-02-18 07:00:00
6795,189,Misty,Ruta 1,45,931,True,2026-01-19 00:00:00
6796,96,Red,Cueva Celeste,73,481,False,2026-05-23 01:00:00
6797,126,Red,Bosque Verde,63,1089,False,2026-06-21 07:00:00
6798,170,Misty,Monte Moon,83,547,True,2026-02-19 00:00:00
6799,54,Misty,Isla Canela,16,102,False,2026-05-20 16:00:00
6800,76,Blue,Ruta 1,48,1070,True,2026-03-07 15:00:00
6801,134,Misty,Cueva Celeste,59,1085,True,2026-06-12 09:00:00
6802,80,Red,Monte Moon,30,516,True,2026-04-24 10:00:00
6803,110,Brock,Zona Safari,75,1290,False,2026-05-24 08:00:00
6804,173,Brock,Ruta 1,57,250,False,2026-03-25 12:00:00
6805,39,Brock,Isla Canela,7,66,False,2026-04-09 03:00:00
6806,49,Red,Bosque Verde,13,205,True,2026-03-16 09:00:00
6807,5,Blue,Bosque Verde,44,624,False,2026-03-19 21:00:00
6808,34,Red,Monte Moon,50,1135,True,2026-02-05 21:00:00
6809,138,Ash,Ruta 1,11,78,True,2026-06-02 06:00:00
6810,107,Misty,Monte Moon,33,524,True,2026-05-05 08:00:00
6811,73,Ash,Isla Canela,27,486,True,2026-03-08 03:00:00
6812,187,Red,Monte Moon,86,430,True,2026-01-19 14:00:00
6813,117,Brock,Zona Safari,33,508,True,2026-04-02 05:00:00
6814,127,Blue,Isla Canela,39,682,False,2026-01-30 14:00:00
6815,90,Leaf,Isla Canela,5,30,False,2026-06-17 15:00:00
6816,179,Leaf,Isla Canela,63,352,True,2026-04-08 17:00:00
6817,19,Ash,Monte Moon,42,214,True,2026-05-02 16:00:00
6818,94,Misty,Zona Safari,70,1575,False,2026-03-14 03:00:00
6819,165,Misty,Ruta 1,56,296,True,2026-01-28 05:00:00
6820,71,Ash,Ruta 1,3,66,True,2026-06-05 01:00:00
6821,32,Ash,Ruta 1,97,533,True,2026-02-02 10:00:00
6822,90,Leaf,Cueva Celeste,3,18,True,2026-01-09 22:00:00
6823,38,Misty,Ruta 1,17,300,True,2026-01-04 01:00:00
6824,67,Blue,Cueva Celeste,32,454,False,2026-05-22 20:00:00
6825,170,Leaf,Ruta 1,78,514,False,2026-05-28 17:00:00
6826,11,Blue,Isla Canela,62,446,False,2026-05-15 20:00:00
6827,8,Leaf,Cueva Celeste,49,695,True,2026-04-14 07:00:00
6828,174,Brock,Monte Moon,40,168,False,2026-05-14 00:00:00
6829,113,Leaf,Isla Canela,48,1896,True,2026-06-30 06:00:00
6830,102,Blue,Cueva Celeste,97,630,False,2026-06-19 16:00:00
6831,155,Leaf,Monte Moon,86,533,False,2026-05-05 08:00:00
6832,135,Red,Monte Moon,4,73,False,2026-06-11 04:00:00
6833,193,Leaf,Cueva Celeste,63,491,False,2026-06-21 10:00:00
6834,106,Leaf,Zona Safari,57,906,True,2026-05-17 03:00:00
6835,112,Ash,Isla Canela,42,714,False,2026-06-14 12:00:00
6836,50,Leaf,Zona Safari,40,212,False,2026-06-04 13:00:00
6837,8,Misty,Ruta 1,3,42,True,2026-01-04 01:00:00
6838,90,Blue,Ruta 1,23,140,True,2026-05-24 14:00:00
6839,4,Blue,Monte Moon,15,93,True,2026-02-25 21:00:00
6840,48,Brock,Monte Moon,67,408,False,2026-03-24 00:00:00
6841,17,Red,Cueva Celeste,60,732,True,2026-01-28 03:00:00
6842,32,Misty,Bosque Verde,78,429,True,2026-05-30 22:00:00
6843,30,Misty,Isla Canela,72,921,True,2026-02-27 02:00:00
6844,62,Misty,Ruta 1,63,1449,False,2026-02-21 07:00:00
6845,116,Blue,Bosque Verde,23,135,True,2026-03-01 13:00:00
6846,64,Blue,Ruta 1,98,1372,False,2026-06-27 22:00:00
6847,127,Ash,Zona Safari,26,455,False,2026-04-04 21:00:00
6848,176,Red,Monte Moon,47,667,True,2026-03-23 21:00:00
6849,83,Misty,Monte Moon,39,514,True,2026-02-16 02:00:00
6850,131,Red,Bosque Verde,83,1552,False,2026-04-25 11:00:00
6851,33,Ash,Ruta 1,17,217,True,2026-01-18 09:00:00
6852,179,Ash,Isla Canela,36,201,False,2026-01-19 13:00:00
6853,190,Ash,Ruta 1,12,86,True,2026-02-07 18:00:00
6854,43,Leaf,Isla Canela,83,531,False,2026-02-17 13:00:00
6855,50,Ash,Monte Moon,81,429,False,2026-03-30 11:00:00
6856,4,Blue,Ruta 1,7,43,False,2026-06-28 01:00:00
6857,176,Brock,Bosque Verde,95,1349,False,2026-05-06 08:00:00
6858,136,Brock,Bosque Verde,26,478,True,2026-05-13 16:00:00
6859,91,Misty,Ruta 1,77,1416,False,2026-03-21 07:00:00
6860,158,Ash,Monte Moon,23,144,False,2026-01-26 08:00:00
6861,112,Ash,Monte Moon,43,731,True,2026-06-25 06:00:00
6862,71,Misty,Isla Canela,27,596,True,2026-02-06 11:00:00
6863,8,Red,Monte Moon,96,1363,True,2026-04-16 12:00:00
6864,199,Brock,Cueva Celeste,15,258,False,2026-03-31 18:00:00
6865,188,Brock,Isla Canela,26,309,False,2026-02-21 17:00:00
6866,101,Leaf,Isla Canela,63,1083,True,2026-05-25 17:00:00
6867,110,Misty,Cueva Celeste,74,1272,True,2026-01-12 18:00:00
6868,47,Ash,Bosque Verde,71,1008,False,2026-02-03 15:00:00
6869,22,Blue,Monte Moon,12,186,True,2026-02-14 03:00:00
6870,138,Leaf,Bosque Verde,73,518,False,2026-04-13 20:00:00
6871,13,Leaf,Isla Canela,98,382,True,2026-02-02 06:00:00
6872,48,Misty,Isla Canela,82,500,False,2026-01-18 15:00:00
6873,111,Ash,Bosque Verde,62,427,False,2026-06-26 21:00:00
6874,89,Ash,Bosque Verde,57,997,True,2026-02-22 13:00:00
6875,34,Ash,Bosque Verde,78,1770,False,2026-05-02 01:00:00
6876,132,Red,Bosque Verde,71,717,False,2026-02-03 13:00:00
6877,129,Leaf,Cueva Celeste,84,336,True,2026-03-28 09:00:00
6878,72,Misty,Cueva Celeste,27,180,False,2026-01-04 09:00:00
6879,60,Misty,Cueva Celeste,43,258,True,2026-05-03 19:00:00
6880,136,Brock,Zona Safari,71,1306,False,2026-03-04 07:00:00
6881,80,Misty,Isla Canela,56,963,True,2026-06-12 20:00:00
6882,182,Red,Zona Safari,48,1060,False,2026-02-07 20:00:00
6883,51,Misty,Bosque Verde,26,387,True,2026-06-06 18:00:00
6884,166,Brock,Zona Safari,68,931,True,2026-06-02 18:00:00
6885,170,Ash,Bosque Verde,77,508,False,2026-02-25 12:00:00
6886,140,Ash,Cueva Celeste,14,99,False,2026-05-23 23:00:00
6887,12,Red,Isla Canela,74,1317,True,2026-02-13 20:00:00
6888,71,Ash,Cueva Celeste,11,243,True,2026-04-14 01:00:00
6889,23,Leaf,Cueva Celeste,51,295,False,2026-02-03 13:00:00
6890,175,Leaf,Zona Safari,78,382,True,2026-03-03 19:00:00
6891,140,Misty,Monte Moon,4,28,True,2026-02-21 02:00:00
6892,128,Ash,Ruta 1,83,1427,False,2026-05-15 05:00:00
6893,155,Red,Ruta 1,32,198,True,2026-06-08 23:00:00
6894,139,Brock,Ruta 1,63,1089,True,2026-04-30 21:00:00
6895,182,Ash,Ruta 1,15,331,False,2026-06-01 10:00:00
6896,61,Ash,Cueva Celeste,12,162,False,2026-03-06 06:00:00
6897,40,Red,Monte Moon,4,78,False,2026-04-28 14:00:00
6898,118,Brock,Isla Canela,51,326,False,2026-02-03 08:00:00
6899,121,Leaf,Ruta 1,78,1419,True,2026-03-23 15:00:00
6900,14,Red,Cueva Celeste,30,216,True,2026-03-06 23:00:00
6901,176,Ash,Bosque Verde,21,298,False,2026-03-16 09:00:00
6902,30,Red,Cueva Celeste,9,115,False,2026-01-21 03:00:00
6903,83,Blue,Ruta 1,7,92,True,2026-05-19 09:00:00
6904,127,Red,Cueva Celeste,100,1750,True,2026-01-15 22:00:00
6905,68,Misty,Monte Moon,20,454,False,2026-03-28 10:00:00
6906,196,Brock,Isla Canela,47,864,False,2026-06-26 07:00:00
6907,170,Leaf,Zona Safari,11,72,False,2026-05-06 15:00:00
6908,186,Ash,Cueva Celeste,50,1125,True,2026-01-04 06:00:00
6909,80,Leaf,Isla Canela,73,1255,True,2026-02-10 06:00:00
6910,57,Leaf,Ruta 1,17,270,False,2026-04-10 02:00:00
6911,74,Blue,Bosque Verde,42,252,False,2026-06-19 02:00:00
6912,128,Red,Isla Canela,91,1565,False,2026-05-07 19:00:00
6913,33,Brock,Isla Canela,51,652,True,2026-04-22 16:00:00
6914,176,Brock,Monte Moon,4,56,False,2026-04-06 08:00:00
6915,180,Leaf,Cueva Celeste,74,947,False,2026-05-24 07:00:00
6916,74,Leaf,Cueva Celeste,87,522,True,2026-05-26 09:00:00
6917,126,Red,Isla Canela,85,1470,False,2026-01-27 22:00:00
6918,150,Ash,Cueva Celeste,47,1438,False,2026-06-11 00:00:00
6919,10,Ash,Cueva Celeste,50,195,True,2026-04-30 08:00:00
6920,29,Leaf,Cueva Celeste,49,269,True,2026-04-05 10:00:00
6921,189,Ash,Zona Safari,12,248,False,2026-03-22 01:00:00
6922,157,Brock,Ruta 1,54,1296,False,2026-03-04 16:00:00
6923,178,Brock,Monte Moon,9,148,True,2026-01-11 21:00:00
6924,193,Ash,Bosque Verde,23,179,False,2026-02-28 13:00:00
6925,167,Misty,Monte Moon,46,229,True,2026-04-15 02:00:00
6926,185,Blue,Zona Safari,84,1209,False,2026-01-29 03:00:00
6927,134,Blue,Isla Canela,69,1269,True,2026-06-27 12:00:00
6928,198,Leaf,Monte Moon,29,234,False,2026-01-28 11:00:00
6929,110,Red,Ruta 1,7,120,False,2026-01-09 06:00:00
6930,31,Leaf,Bosque Verde,61,1384,False,2026-01-18 10:00:00
6931,163,Brock,Ruta 1,9,46,False,2026-01-20 23:00:00
6932,38,Ash,Isla Canela,80,1416,True,2026-01-09 07:00:00
6933,41,Brock,Monte Moon,20,98,False,2026-06-28 18:00:00
6934,72,Brock,Ruta 1,65,435,False,2026-04-07 15:00:00
6935,34,Leaf,Bosque Verde,50,1135,True,2026-02-09 04:00:00
6936,96,Ash,Zona Safari,20,132,False,2026-05-13 10:00:00
6937,135,Ash,Ruta 1,6,110,True,2026-06-02 03:00:00
6938,114,Blue,Isla Canela,54,469,True,2026-04-08 13:00:00
6939,11,Red,Zona Safari,34,244,True,2026-04-13 18:00:00
6940,191,Red,Bosque Verde,57,205,False,2026-06-05 11:00:00
6941,88,Blue,Monte Moon,100,650,True,2026-02-04 23:00:00
6942,118,Brock,Isla Canela,97,620,True,2026-01-20 14:00:00
6943,75,Leaf,Cueva Celeste,9,123,True,2026-05-01 20:00:00
6944,22,Blue,Cueva Celeste,34,527,True,2026-03-30 06:00:00
6945,145,Ash,Bosque Verde,12,313,False,2026-05-03 15:00:00
6946,168,Red,Monte Moon,41,574,True,2026-01-03 19:00:00
6947,138,Misty,Bosque Verde,35,248,True,2026-04-20 09:00:00
6948,152,Brock,Zona Safari,1,6,True,2026-03-28 14:00:00
6949,138,Misty,Monte Moon,33,234,False,2026-04-27 17:00:00
6950,179,Misty,Cueva Celeste,37,207,False,2026-06-17 01:00:00
6951,96,Ash,Zona Safari,57,376,True,2026-03-11 10:00:00
6952,129,Blue,Zona Safari,9,36,False,2026-02-09 21:00:00
6953,32,Brock,Monte Moon,98,539,False,2026-03-11 23:00:00
6954,32,Blue,Zona Safari,8,44,False,2026-04-12 15:00:00
6955,57,Red,Cueva Celeste,29,461,True,2026-05-04 12:00:00
6956,36,Brock,Cueva Celeste,28,607,True,2026-02-19 00:00:00
6957,87,Ash,Ruta 1,77,1278,True,2026-02-25 23:00:00
6958,98,Brock,Cueva Celeste,54,351,False,2026-03-28 10:00:00
6959,84,Blue,Cueva Celeste,95,589,False,2026-04-23 07:00:00
6960,30,Leaf,Monte Moon,7,89,True,2026-02-09 06:00:00
6961,134,Misty,Bosque Verde,9,165,True,2026-04-03 05:00:00
6962,65,Misty,Zona Safari,47,1057,True,2026-05-21 13:00:00
6963,38,Ash,Zona Safari,86,1522,False,2026-03-29 03:00:00
6964,124,Brock,Cueva Celeste,56,890,True,2026-05-05 18:00:00
6965,17,Leaf,Zona Safari,14,170,False,2026-05-28 21:00:00
6966,110,Misty,Bosque Verde,19,326,True,2026-05-06 15:00:00
6967,80,Blue,Zona Safari,2,34,False,2026-03-28 12:00:00
6968,26,Red,Cueva Celeste,76,1656,False,2026-05-20 02:00:00
6969,116,Red,Zona Safari,18,106,False,2026-03-06 11:00:00
6970,71,Brock,Isla Canela,57,1259,False,2026-06-09 19:00:00
6971,125,Misty,Bosque Verde,62,1066,True,2026-05-19 00:00:00
6972,119,Brock,Cueva Celeste,1,15,True,2026-01-26 08:00:00
6973,9,Red,Ruta 1,42,1003,False,2026-02-23 14:00:00
6974,173,Red,Ruta 1,77,338,True,2026-04-30 00:00:00
6975,126,Blue,Bosque Verde,10,173,True,2026-03-30 05:00:00
6976,161,Blue,Isla Canela,6,25,True,2026-04-27 14:00:00
6977,98,Misty,Bosque Verde,77,500,False,2026-06-27 22:00:00
6978,173,Leaf,Isla Canela,83,365,False,2026-05-04 12:00:00
6979,90,Leaf,Monte Moon,25,152,True,2026-06-22 20:00:00
6980,69,Blue,Ruta 1,32,192,True,2026-05-17 00:00:00
6981,79,Leaf,Bosque Verde,62,390,False,2026-01-28 15:00:00
6982,118,Leaf,Ruta 1,34,217,True,2026-05-20 05:00:00
6983,109,Misty,Ruta 1,94,639,True,2026-01-24 23:00:00
6984,199,Brock,Cueva Celeste,100,1720,False,2026-05-12 14:00:00
6985,101,Leaf,Ruta 1,85,1462,True,2026-04-07 20:00:00
6986,186,Ash,Cueva Celeste,40,900,False,2026-05-26 08:00:00
6987,54,Red,Zona Safari,92,588,False,2026-02-07 17:00:00
6988,4,Brock,Ruta 1,53,328,True,2026-02-10 17:00:00
6989,136,Misty,Cueva Celeste,75,1380,False,2026-05-01 16:00:00
6990,113,Ash,Isla Canela,100,3950,True,2026-06-08 07:00:00
6991,21,Red,Cueva Celeste,8,41,True,2026-03-04 11:00:00
6992,148,Ash,Bosque Verde,91,1337,True,2026-03-09 10:00:00
6993,89,Leaf,Zona Safari,28,489,False,2026-04-25 10:00:00
6994,188,Red,Isla Canela,22,261,True,2026-05-28 20:00:00
6995,158,Ash,Zona Safari,56,352,False,2026-06-16 14:00:00
6996,141,Blue,Ruta 1,91,1574,True,2026-02-05 09:00:00
6997,74,Misty,Ruta 1,33,198,False,2026-03-27 11:00:00
6998,181,Ash,Isla Canela,16,368,True,2026-01-18 05:00:00
6999,93,Brock,Ruta 1,98,1391,True,2026-01-15 07:00:00
7000,120,Red,Monte Moon,46,312,False,2026-04-26 10:00:00
7001,71,Ash,Cueva Celeste,35,773,True,2026-02-18 08:00:00
7002,66,Misty,Bosque Verde,78,475,False,2026-04-15 11:00:00
7003,42,Misty,Monte Moon,15,238,True,2026-04-14 08:00:00
7004,35,Brock,Monte Moon,26,293,True,2026-04-13 01:00:00
7005,28,Leaf,Monte Moon,5,79,False,2026-01-27 07:00:00
7006,73,Blue,Isla Canela,69,1242,True,2026-05-16 16:00:00
7007,21,Blue,Isla Canela,8,41,False,2026-03-28 14:00:00
7008,41,Brock,Zona Safari,95,465,True,2026-04-10 20:00:00
7009,23,Leaf,Monte Moon,49,284,False,2026-03-09 18:00:00
7010,192,Ash,Ruta 1,6,89,True,2026-03-24 09:00:00
7011,127,Misty,Bosque Verde,40,700,True,2026-04-29 17:00:00
7012,126,Blue,Zona Safari,41,709,True,2026-06-24 04:00:00
7013,161,Brock,Cueva Celeste,73,313,True,2026-02-18 20:00:00
7014,80,Brock,Ruta 1,78,1341,True,2026-02-20 06:00:00
7015,21,Ash,Bosque Verde,81,421,False,2026-05-29 09:00:00
7016,39,Ash,Isla Canela,82,778,False,2026-04-22 04:00:00
7017,85,Brock,Cueva Celeste,78,1287,False,2026-01-30 03:00:00
7018,189,Brock,Zona Safari,29,600,True,2026-06-24 04:00:00
7019,100,Red,Monte Moon,81,534,False,2026-02-17 03:00:00
7020,87,Leaf,Bosque Verde,97,1610,True,2026-01-06 15:00:00
7021,81,Ash,Cueva Celeste,69,448,False,2026-04-23 10:00:00
7022,184,Misty,Bosque Verde,51,963,True,2026-06-28 04:00:00
7023,36,Leaf,Monte Moon,28,607,False,2026-01-14 04:00:00
7024,32,Ash,Isla Canela,98,539,False,2026-06-29 00:00:00
7025,178,Ash,Ruta 1,57,940,True,2026-03-31 23:00:00
7026,103,Brock,Cueva Celeste,96,1785,True,2026-02-21 08:00:00
7027,35,Blue,Bosque Verde,50,565,False,2026-05-13 02:00:00
7028,42,Brock,Ruta 1,47,747,False,2026-03-02 17:00:00
7029,3,Misty,Ruta 1,6,141,False,2026-02-13 10:00:00
7030,141,Ash,Isla Canela,18,311,False,2026-03-06 17:00:00
7031,10,Ash,Bosque Verde,89,347,False,2026-05-01 17:00:00
7032,40,Red,Isla Canela,64,1254,False,2026-04-10 00:00:00
7033,168,Ash,Isla Canela,66,924,False,2026-01-31 07:00:00
7034,150,Brock,Monte Moon,91,2784,True,2026-05-07 10:00:00
7035,2,Leaf,Zona Safari,1,14,False,2026-03-17 20:00:00
7036,19,Ash,Bosque Verde,33,168,False,2026-04-20 08:00:00
7037,123,Misty,Zona Safari,69,690,True,2026-02-02 16:00:00
7038,123,Red,Bosque Verde,17,170,False,2026-03-19 00:00:00
7039,139,Red,Zona Safari,39,674,True,2026-05-11 20:00:00
7040,42,Blue,Monte Moon,14,222,False,2026-05-28 10:00:00
7041,76,Blue,Ruta 1,63,1404,True,2026-01-01 14:00:00
7042,53,Blue,Ruta 1,20,308,False,2026-05-03 17:00:00
7043,128,Ash,Isla Canela,84,1444,True,2026-04-18 00:00:00
7044,146,Red,Cueva Celeste,80,2088,True,2026-05-31 21:00:00
7045,100,Leaf,Zona Safari,60,396,False,2026-06-21 15:00:00
7046,97,Misty,Zona Safari,82,1385,False,2026-04-19 14:00:00
7047,171,Blue,Bosque Verde,48,772,False,2026-05-23 03:00:00
7048,38,Ash,Zona Safari,83,1469,False,2026-05-22 00:00:00
7049,142,Red,Bosque Verde,10,180,False,2026-01-04 15:00:00
7050,58,Blue,Ruta 1,64,448,False,2026-01-17 04:00:00
7051,183,Misty,Monte Moon,93,818,True,2026-01-25 15:00:00
7052,20,Red,Bosque Verde,66,957,True,2026-04-09 03:00:00
7053,137,Ash,Ruta 1,41,323,False,2026-02-06 12:00:00
7054,179,Misty,Monte Moon,45,252,True,2026-05-26 21:00:00
7055,54,Brock,Zona Safari,34,217,True,2026-02-26 00:00:00
7056,153,Red,Ruta 1,62,880,True,2026-06-30 21:00:00
7057,69,Red,Monte Moon,79,474,True,2026-01-30 06:00:00
7058,99,Ash,Ruta 1,69,1145,True,2026-02-02 17:00:00
7059,140,Red,Cueva Celeste,45,319,False,2026-05-21 07:00:00
7060,125,Blue,Monte Moon,87,1496,False,2026-05-18 13:00:00
7061,21,Ash,Bosque Verde,1,5,False,2026-05-24 16:00:00
7062,176,Brock,Zona Safari,68,965,True,2026-02-22 09:00:00
7063,33,Misty,Isla Canela,82,1049,True,2026-04-11 16:00:00
7064,120,Blue,Cueva Celeste,48,326,True,2026-03-21 02:00:00
7065,179,Leaf,Cueva Celeste,92,515,False,2026-01-01 11:00:00
7066,148,Leaf,Isla Canela,62,911,False,2026-02-14 02:00:00
7067,140,Misty,Ruta 1,100,710,True,2026-05-11 21:00:00
7068,80,Red,Monte Moon,79,1358,False,2026-02-11 00:00:00
7069,133,Red,Isla Canela,93,604,True,2026-04-14 14:00:00
7070,70,Leaf,Ruta 1,21,287,True,2026-06-14 14:00:00
7071,163,Red,Isla Canela,98,509,True,2026-01-16 06:00:00
7072,165,Brock,Cueva Celeste,78,413,True,2026-06-19 15:00:00
7073,39,Leaf,Isla Canela,67,636,True,2026-06-24 01:00:00
7074,196,Leaf,Monte Moon,58,1067,False,2026-05-19 06:00:00
7075,199,Blue,Cueva Celeste,28,481,False,2026-01-07 03:00:00
7076,171,Red,Isla Canela,69,1110,True,2026-03-03 05:00:00
7077,84,Leaf,Isla Canela,82,508,False,2026-03-31 22:00:00
7078,49,Misty,Monte Moon,14,221,False,2026-04-09 04:00:00
7079,184,Misty,Zona Safari,25,472,True,2026-04-02 13:00:00
7080,11,Misty,Zona Safari,33,237,True,2026-02-06 00:00:00
7081,147,Red,Bosque Verde,14,84,False,2026-05-29 01:00:00
7082,106,Red,Bosque Verde,59,938,False,2026-02-26 14:00:00
7083,105,Blue,Ruta 1,78,1162,False,2026-01-20 00:00:00
7084,128,Blue,Monte Moon,26,447,False,2026-06-05 19:00:00
7085,31,Ash,Monte Moon,26,590,False,2026-03-10 18:00:00
7086,142,Blue,Isla Canela,22,396,False,2026-03-19 20:00:00
7087,160,Misty,Ruta 1,60,1434,False,2026-06-27 15:00:00
7088,113,Leaf,Ruta 1,47,1856,False,2026-01-05 05:00:00
7089,4,Leaf,Ruta 1,96,595,True,2026-04-07 00:00:00
7090,31,Ash,Isla Canela,46,1044,True,2026-03-04 00:00:00
7091,48,Red,Cueva Celeste,49,298,False,2026-03-04 14:00:00
7092,118,Red,Zona Safari,6,38,True,2026-02-10 20:00:00
7093,100,Blue,Isla Canela,59,389,False,2026-03-26 00:00:00
7094,189,Misty,Zona Safari,72,1490,True,2026-06-03 18:00:00
7095,186,Red,Ruta 1,59,1327,False,2026-05-10 06:00:00
7096,16,Red,Isla Canela,36,180,True,2026-04-25 03:00:00
7097,170,Brock,Cueva Celeste,88,580,False,2026-05-28 03:00:00
7098,177,Misty,Ruta 1,49,313,False,2026-02-13 10:00:00
7099,153,Red,Cueva Celeste,44,624,False,2026-05-18 06:00:00
7100,62,Brock,Bosque Verde,99,2277,False,2026-04-25 17:00:00
7101,44,Red,Zona Safari,87,1200,True,2026-02-24 18:00:00
7102,39,Ash,Ruta 1,82,778,True,2026-05-01 18:00:00
7103,101,Misty,Isla Canela,24,412,True,2026-04-15 21:00:00
7104,145,Red,Ruta 1,66,1722,True,2026-05-02 09:00:00
7105,126,Blue,Zona Safari,27,467,False,2026-06-21 14:00:00
7106,174,Misty,Bosque Verde,16,67,True,2026-04-16 06:00:00
7107,77,Blue,Monte Moon,59,483,True,2026-06-06 21:00:00
7108,145,Misty,Monte Moon,75,1957,False,2026-05-14 07:00:00
7109,80,Leaf,Monte Moon,94,1616,False,2026-03-28 22:00:00
7110,161,Misty,Bosque Verde,36,154,True,2026-04-08 10:00:00
7111,173,Leaf,Isla Canela,88,387,False,2026-05-24 00:00:00
7112,13,Ash,Bosque Verde,69,269,True,2026-02-03 11:00:00
7113,97,Leaf,Cueva Celeste,94,1588,True,2026-04-22 16:00:00
7114,146,Brock,Ruta 1,38,991,True,2026-05-06 19:00:00
7115,27,Brock,Cueva Celeste,96,576,False,2026-06-28 20:00:00
7116,94,Brock,Bosque Verde,60,1350,True,2026-01-05 15:00:00
7117,177,Ash,Ruta 1,54,345,False,2026-06-23 09:00:00
7118,105,Misty,Bosque Verde,29,432,False,2026-05-08 16:00:00
7119,49,Brock,Cueva Celeste,71,1121,False,2026-01-18 05:00:00
7120,5,Ash,Zona Safari,28,397,True,2026-04-20 01:00:00
7121,15,Ash,Zona Safari,42,747,True,2026-01-25 22:00:00
7122,30,Leaf,Zona Safari,97,1241,True,2026-05-08 12:00:00
7123,199,Blue,Cueva Celeste,77,1324,False,2026-03-29 09:00:00
7124,137,Misty,Cueva Celeste,3,23,True,2026-04-27 06:00:00
7125,79,Ash,Monte Moon,67,422,True,2026-02-08 10:00:00
7126,144,Brock,Ruta 1,29,756,True,2026-01-21 09:00:00
7127,127,Ash,Isla Canela,80,1400,True,2026-05-13 10:00:00
7128,135,Brock,Isla Canela,99,1821,True,2026-02-04 00:00:00
7129,14,Ash,Cueva Celeste,10,72,True,2026-02-14 19:00:00
7130,126,Ash,Zona Safari,48,830,False,2026-03-27 17:00:00
7131,39,Blue,Ruta 1,22,209,True,2026-01-22 13:00:00
7132,137,Blue,Monte Moon,80,632,False,2026-03-01 08:00:00
7133,43,Misty,Monte Moon,81,518,True,2026-05-29 19:00:00
7134,113,Brock,Monte Moon,61,2409,True,2026-04-10 05:00:00
7135,28,Red,Cueva Celeste,11,173,False,2026-01-03 21:00:00
7136,138,Brock,Cueva Celeste,69,489,False,2026-05-19 21:00:00
7137,74,Misty,Isla Canela,14,84,True,2026-01-11 04:00:00
7138,190,Leaf,Ruta 1,44,316,False,2026-05-13 16:00:00
7139,100,Red,Isla Canela,14,92,True,2026-02-26 18:00:00
7140,157,Brock,Zona Safari,30,720,True,2026-05-12 11:00:00
7141,82,Blue,Monte Moon,95,1548,False,2026-05-12 16:00:00
7142,110,Red,Monte Moon,53,911,True,2026-05-04 04:00:00
7143,119,Brock,Cueva Celeste,6,94,False,2026-01-23 13:00:00
7144,106,Misty,Isla Canela,19,302,True,2026-03-19 20:00:00
7145,131,Red,Ruta 1,69,1290,True,2026-03-12 02:00:00
7146,184,Leaf,Ruta 1,65,1228,True,2026-06-19 02:00:00
7147,5,Brock,Isla Canela,89,1263,False,2026-02-06 10:00:00
7148,105,Misty,Ruta 1,17,253,True,2026-06-07 23:00:00
7149,113,Ash,Monte Moon,43,1698,True,2026-02-08 00:00:00
7150,33,Red,Zona Safari,24,307,False,2026-05-08 03:00:00
7151,126,Red,Cueva Celeste,73,1262,False,2026-03-29 21:00:00
7152,80,Brock,Isla Canela,99,1702,False,2026-02-04 01:00:00
7153,55,Brock,Cueva Celeste,28,489,True,2026-04-01 15:00:00
7154,73,Brock,Ruta 1,31,558,True,2026-03-25 17:00:00
7155,6,Leaf,Bosque Verde,11,264,True,2026-04-24 21:00:00
7156,21,Misty,Zona Safari,82,426,True,2026-05-20 14:00:00
7157,134,Brock,Isla Canela,89,1637,True,2026-05-07 07:00:00
7158,135,Brock,Monte Moon,82,1508,False,2026-01-09 10:00:00
7159,55,Leaf,Monte Moon,80,1400,True,2026-01-10 12:00:00
7160,133,Brock,Zona Safari,29,188,True,2026-02-27 14:00:00
7161,13,Misty,Ruta 1,82,319,False,2026-02-07 21:00:00
7162,195,Misty,Monte Moon,73,1102,True,2026-01-05 00:00:00
7163,149,Ash,Ruta 1,38,1026,True,2026-01-23 07:00:00
7164,86,Leaf,Monte Moon,38,247,False,2026-06-27 21:00:00
7165,15,Blue,Ruta 1,11,195,True,2026-01-20 01:00:00
7166,25,Misty,Zona Safari,72,806,False,2026-01-14 18:00:00
7167,82,Misty,Ruta 1,75,1222,True,2026-01-29 07:00:00
7168,195,Blue,Zona Safari,26,392,False,2026-06-05 13:00:00
7169,6,Misty,Bosque Verde,6,144,True,2026-05-19 05:00:00
7170,106,Misty,Bosque Verde,42,667,True,2026-05-18 00:00:00
7171,170,Leaf,Monte Moon,12,79,True,2026-03-15 00:00:00
7172,109,Red,Isla Canela,83,564,False,2026-03-19 07:00:00
7173,160,Misty,Ruta 1,59,1410,True,2026-05-15 09:00:00
7174,51,Brock,Ruta 1,4,59,True,2026-03-14 07:00:00
7175,118,Blue,Zona Safari,90,576,False,2026-05-29 06:00:00
7176,71,Red,Isla Canela,26,574,True,2026-03-10 08:00:00
7177,103,Ash,Isla Canela,91,1692,True,2026-03-29 10:00:00
7178,111,Ash,Zona Safari,28,193,False,2026-04-06 12:00:00
7179,116,Blue,Isla Canela,48,283,False,2026-02-24 16:00:00
7180,132,Ash,Monte Moon,85,858,False,2026-01-17 17:00:00
7181,155,Leaf,Zona Safari,19,117,False,2026-02-15 10:00:00
7182,196,Leaf,Isla Canela,14,257,True,2026-01-20 01:00:00
7183,42,Brock,Bosque Verde,67,1065,False,2026-04-02 12:00:00
7184,67,Brock,Isla Canela,93,1320,True,2026-04-05 21:00:00
7185,81,Misty,Isla Canela,25,162,False,2026-05-29 06:00:00
7186,93,Red,Zona Safari,79,1121,False,2026-03-15 15:00:00
7187,2,Leaf,Bosque Verde,19,269,True,2026-05-27 00:00:00
7188,11,Red,Cueva Celeste,46,331,False,2026-03-18 03:00:00
7189,160,Leaf,Zona Safari,20,478,False,2026-06-30 00:00:00
7190,118,Ash,Cueva Celeste,78,499,False,2026-02-20 11:00:00
7191,33,Leaf,Cueva Celeste,32,409,True,2026-02-04 11:00:00
7192,120,Ash,Cueva Celeste,35,238,True,2026-03-21 20:00:00
7193,24,Leaf,Isla Canela,82,1287,False,2026-06-03 08:00:00
7194,79,Misty,Cueva Celeste,11,69,False,2026-06-28 05:00:00
7195,84,Red,Bosque Verde,41,254,False,2026-02-12 16:00:00
7196,26,Blue,Isla Canela,41,893,False,2026-04-01 11:00:00
7197,17,Leaf,Bosque Verde,63,768,True,2026-01-26 07:00:00
7198,161,Blue,Monte Moon,73,313,False,2026-03-09 00:00:00
7199,191,Brock,Isla Canela,6,21,True,2026-01-24 02:00:00
7200,147,Blue,Bosque Verde,8,48,True,2026-02-08 12:00:00
7201,15,Ash,Cueva Celeste,22,391,False,2026-02-11 01:00:00
7202,106,Red,Ruta 1,20,318,False,2026-05-24 14:00:00
7203,101,Brock,Bosque Verde,7,120,False,2026-06-29 16:00:00
7204,198,Misty,Zona Safari,34,275,False,2026-05-21 04:00:00
7205,169,Red,Bosque Verde,72,1735,True,2026-01-28 18:00:00
7206,178,Red,Ruta 1,74,1221,True,2026-06-29 22:00:00
7207,197,Blue,Ruta 1,12,220,False,2026-02-24 13:00:00
7208,139,Leaf,Bosque Verde,81,1401,True,2026-05-14 22:00:00
7209,38,Red,Cueva Celeste,29,513,True,2026-04-18 11:00:00
7210,47,Brock,Ruta 1,70,994,True,2026-04-14 16:00:00
7211,96,Ash,Monte Moon,61,402,True,2026-01-25 18:00:00
7212,162,Red,Isla Canela,77,1116,True,2026-04-05 17:00:00
7213,84,Brock,Monte Moon,26,161,False,2026-03-21 23:00:00
7214,93,Misty,Isla Canela,61,866,False,2026-05-08 08:00:00
7215,114,Blue,Bosque Verde,39,339,False,2026-06-19 05:00:00
7216,96,Misty,Bosque Verde,56,369,True,2026-06-25 07:00:00
7217,90,Brock,Cueva Celeste,91,555,False,2026-02-08 13:00:00
7218,17,Misty,Ruta 1,28,341,True,2026-03-28 22:00:00
7219,98,Ash,Monte Moon,30,195,False,2026-06-07 08:00:00
7220,187,Ash,Zona Safari,62,310,True,2026-03-03 16:00:00
7221,58,Misty,Ruta 1,14,98,True,2026-03-14 04:00:00
7222,15,Leaf,Isla Canela,50,890,False,2026-05-07 18:00:00
7223,125,Brock,Monte Moon,61,1049,False,2026-03-02 06:00:00
7224,67,Brock,Monte Moon,4,56,False,2026-05-18 07:00:00
7225,15,Red,Cueva Celeste,42,747,False,2026-05-18 17:00:00
7226,193,Misty,Cueva Celeste,66,514,False,2026-04-10 18:00:00
7227,133,Brock,Bosque Verde,34,221,True,2026-01-11 01:00:00
7228,11,Misty,Isla Canela,65,468,True,2026-03-27 15:00:00
7229,173,Ash,Cueva Celeste,45,198,True,2026-03-29 15:00:00
7230,166,Leaf,Zona Safari,29,397,True,2026-02-14 21:00:00
7231,69,Red,Ruta 1,58,348,False,2026-06-10 22:00:00
7232,116,Misty,Isla Canela,19,112,True,2026-02-26 02:00:00
7233,129,Ash,Bosque Verde,34,136,False,2026-05-16 08:00:00
7234,93,Misty,Bosque Verde,17,241,True,2026-04-11 16:00:00
7235,17,Brock,Isla Canela,60,732,True,2026-03-09 12:00:00
7236,47,Red,Monte Moon,25,355,True,2026-01-25 02:00:00
7237,1,Misty,Monte Moon,52,332,False,2026-04-12 02:00:00
7238,8,Leaf,Isla Canela,11,156,False,2026-01-13 23:00:00
7239,149,Leaf,Ruta 1,26,702,True,2026-05-08 11:00:00
7240,160,Blue,Ruta 1,2,47,True,2026-05-08 04:00:00
7241,113,Leaf,Zona Safari,90,3555,True,2026-01-25 06:00:00
7242,21,Leaf,Ruta 1,99,514,True,2026-01-14 15:00:00
7243,50,Ash,Cueva Celeste,72,381,True,2026-02-23 02:00:00
7244,58,Leaf,Bosque Verde,83,581,True,2026-05-18 18:00:00
7245,16,Misty,Zona Safari,46,229,True,2026-03-14 23:00:00
7246,19,Misty,Zona Safari,2,10,True,2026-05-21 07:00:00
7247,144,Red,Cueva Celeste,50,1305,False,2026-02-09 16:00:00
7248,76,Misty,Cueva Celeste,1,22,True,2026-06-09 18:00:00
7249,170,Red,Ruta 1,18,118,False,2026-06-17 08:00:00
7250,4,Misty,Isla Canela,53,328,True,2026-03-26 14:00:00
7251,112,Red,Zona Safari,99,1683,False,2026-03-26 02:00:00
7252,39,Leaf,Isla Canela,56,532,True,2026-06-05 18:00:00
7253,181,Blue,Zona Safari,17,391,True,2026-03-31 00:00:00
7254,58,Brock,Zona Safari,2,14,True,2026-03-29 00:00:00
7255,112,Leaf,Monte Moon,23,390,True,2026-06-16 14:00:00
7256,192,Leaf,Ruta 1,39,581,False,2026-05-22 03:00:00
7257,122,Leaf,Bosque Verde,96,1545,True,2026-01-07 06:00:00
7258,127,Leaf,Zona Safari,81,1417,True,2026-06-10 20:00:00
7259,140,Red,Monte Moon,63,447,False,2026-02-06 20:00:00
7260,10,Misty,Isla Canela,30,117,False,2026-02-20 07:00:00
7261,117,Ash,Isla Canela,66,1016,True,2026-01-30 19:00:00
7262,167,Misty,Zona Safari,87,434,True,2026-05-29 10:00:00
7263,81,Ash,Monte Moon,69,448,True,2026-04-11 14:00:00
7264,45,Brock,Monte Moon,6,132,True,2026-06-02 14:00:00
7265,69,Blue,Zona Safari,53,318,True,2026-03-03 09:00:00
7266,9,Ash,Bosque Verde,53,1266,False,2026-06-17 23:00:00
7267,29,Leaf,Monte Moon,60,330,True,2026-01-06 06:00:00
7268,80,Leaf,Cueva Celeste,66,1135,False,2026-04-18 05:00:00
7269,63,Blue,Cueva Celeste,18,111,False,2026-03-14 07:00:00
7270,39,Leaf,Isla Canela,90,855,False,2026-03-16 15:00:00
7271,25,Blue,Ruta 1,29,324,True,2026-06-23 08:00:00
7272,74,Leaf,Ruta 1,79,474,True,2026-01-04 10:00:00
7273,64,Leaf,Zona Safari,95,1330,False,2026-02-08 01:00:00
7274,163,Leaf,Monte Moon,62,322,False,2026-02-22 05:00:00
7275,112,Brock,Zona Safari,8,136,False,2026-03-12 03:00:00
7276,114,Misty,Monte Moon,75,652,True,2026-03-04 00:00:00
7277,150,Misty,Zona Safari,20,612,True,2026-04-09 23:00:00
7278,63,Misty,Bosque Verde,54,334,True,2026-02-25 02:00:00
7279,153,Red,Monte Moon,79,1121,True,2026-04-11 05:00:00
7280,132,Misty,Cueva Celeste,51,515,True,2026-04-16 07:00:00
7281,133,Leaf,Monte Moon,69,448,False,2026-04-18 20:00:00
7282,109,Leaf,Zona Safari,41,278,True,2026-05-20 15:00:00
7283,56,Leaf,Cueva Celeste,36,219,False,2026-06-29 03:00:00
7284,121,Leaf,Cueva Celeste,21,382,True,2026-05-26 09:00:00
7285,54,Ash,Bosque Verde,21,134,False,2026-05-02 10:00:00
7286,180,Brock,Zona Safari,51,652,True,2026-02-26 16:00:00
7287,169,Red,Cueva Celeste,34,819,True,2026-06-28 23:00:00
7288,172,Ash,Zona Safari,52,213,True,2026-03-26 16:00:00
7289,187,Misty,Ruta 1,74,370,True,2026-03-20 07:00:00
7290,17,Red,Isla Canela,87,1061,True,2026-03-31 05:00:00
7291,53,Red,Bosque Verde,26,400,True,2026-06-03 05:00:00
7292,45,Misty,Cueva Celeste,6,132,True,2026-06-23 09:00:00
7293,97,Red,Isla Canela,91,1537,True,2026-04-19 10:00:00
7294,90,Brock,Isla Canela,33,201,True,2026-03-20 14:00:00
7295,192,Leaf,Bosque Verde,23,342,False,2026-03-11 01:00:00
7296,137,Leaf,Monte Moon,98,774,True,2026-01-21 02:00:00
7297,89,Brock,Isla Canela,33,577,False,2026-03-06 01:00:00
7298,27,Blue,Ruta 1,7,42,True,2026-04-08 08:00:00
7299,154,Red,Isla Canela,34,802,True,2026-05-09 02:00:00
7300,17,Leaf,Cueva Celeste,16,195,True,2026-06-30 01:00:00
7301,150,Brock,Zona Safari,7,214,False,2026-06-26 10:00:00
7302,144,Ash,Monte Moon,51,1331,False,2026-03-30 15:00:00
7303,123,Leaf,Bosque Verde,38,380,False,2026-01-19 06:00:00
7304,12,Brock,Ruta 1,34,605,True,2026-05-14 16:00:00
7305,107,Ash,Isla Canela,9,143,True,2026-01-15 09:00:00
7306,100,Ash,Bosque Verde,7,46,True,2026-01-27 02:00:00
7307,197,Blue,Zona Safari,54,993,True,2026-03-16 19:00:00
7308,185,Brock,Zona Safari,37,532,False,2026-05-13 10:00:00
7309,86,Brock,Ruta 1,92,598,False,2026-01-13 01:00:00
7310,94,Brock,Monte Moon,81,1822,False,2026-01-02 13:00:00
7311,9,Blue,Isla Canela,74,1768,True,2026-01-09 21:00:00
7312,30,Brock,Bosque Verde,89,1139,False,2026-01-01 15:00:00
7313,110,Brock,Cueva Celeste,89,1530,True,2026-02-25 01:00:00
7314,156,Red,Isla Canela,64,908,False,2026-06-20 18:00:00
7315,72,Blue,Ruta 1,79,529,False,2026-04-22 00:00:00
7316,159,Leaf,Zona Safari,30,426,False,2026-05-23 05:00:00
7317,176,Ash,Zona Safari,94,1334,False,2026-06-19 11:00:00
7318,12,Leaf,Zona Safari,74,1317,False,2026-05-03 02:00:00
7319,181,Leaf,Bosque Verde,99,2277,False,2026-01-24 18:00:00
7320,154,Brock,Monte Moon,81,1911,False,2026-05-01 07:00:00
7321,151,Brock,Monte Moon,49,1323,False,2026-05-21 02:00:00
7322,174,Ash,Zona Safari,99,415,False,2026-01-31 09:00:00
7323,78,Blue,Cueva Celeste,77,1347,False,2026-04-11 13:00:00
7324,178,Red,Zona Safari,68,1122,False,2026-06-25 04:00:00
7325,168,Misty,Monte Moon,47,658,True,2026-06-18 23:00:00
7326,27,Misty,Isla Canela,39,234,False,2026-05-29 18:00:00
7327,101,Misty,Monte Moon,58,997,True,2026-03-01 04:00:00
7328,7,Red,Zona Safari,86,541,False,2026-02-12 03:00:00
7329,158,Misty,Bosque Verde,10,63,False,2026-02-18 18:00:00
7330,131,Ash,Ruta 1,71,1327,True,2026-06-24 08:00:00
7331,65,Misty,Cueva Celeste,50,1125,False,2026-02-06 11:00:00
7332,156,Leaf,Bosque Verde,55,781,True,2026-04-27 20:00:00
7333,23,Brock,Ruta 1,26,150,True,2026-06-28 10:00:00
7334,62,Brock,Ruta 1,17,391,False,2026-05-08 23:00:00
7335,58,Misty,Isla Canela,99,693,True,2026-04-24 10:00:00
7336,163,Leaf,Ruta 1,88,457,False,2026-01-02 10:00:00
7337,128,Ash,Ruta 1,86,1479,False,2026-03-31 17:00:00
7338,167,Leaf,Zona Safari,96,480,False,2026-01-15 23:00:00
7339,76,Blue,Isla Canela,71,1583,True,2026-01-13 11:00:00
7340,84,Brock,Bosque Verde,97,601,True,2026-06-25 01:00:00
7341,83,Red,Ruta 1,14,184,False,2026-05-04 04:00:00
7342,27,Ash,Isla Canela,34,204,False,2026-04-19 05:00:00
7343,173,Leaf,Bosque Verde,31,136,False,2026-03-26 12:00:00
7344,170,Brock,Zona Safari,27,178,True,2026-06-20 07:00:00
7345,73,Blue,Monte Moon,31,558,True,2026-06-24 01:00:00
7346,163,Blue,Cueva Celeste,99,514,True,2026-06-04 12:00:00
7347,87,Red,Bosque Verde,26,431,True,2026-05-20 01:00:00
7348,45,Red,Monte Moon,22,486,True,2026-03-03 22:00:00
7349,64,Red,Ruta 1,84,1176,False,2026-03-08 12:00:00
7350,104,Red,Bosque Verde,78,499,True,2026-01-29 14:00:00
7351,185,Blue,Ruta 1,26,374,False,2026-01-10 03:00:00
7352,35,Misty,Monte Moon,44,497,False,2026-04-23 22:00:00
7353,90,Ash,Bosque Verde,81,494,True,2026-02-18 09:00:00
7354,188,Brock,Bosque Verde,24,285,True,2026-05-07 00:00:00
7355,75,Leaf,Cueva Celeste,86,1178,True,2026-03-21 15:00:00
7356,91,Misty,Monte Moon,25,460,True,2026-05-18 15:00:00
7357,139,Misty,Ruta 1,71,1228,True,2026-03-02 20:00:00
7358,153,Ash,Monte Moon,25,355,False,2026-01-29 23:00:00
7359,172,Brock,Isla Canela,10,41,True,2026-06-29 09:00:00
7360,46,Red,Ruta 1,36,205,False,2026-02-11 19:00:00
7361,99,Ash,Ruta 1,35,581,False,2026-02-14 17:00:00
7362,84,Leaf,Ruta 1,73,452,True,2026-01-09 20:00:00
7363,15,Red,Isla Canela,34,605,True,2026-02-04 17:00:00
7364,123,Brock,Bosque Verde,80,800,False,2026-02-01 16:00:00
7365,27,Red,Cueva Celeste,42,252,True,2026-05-22 20:00:00
7366,174,Blue,Ruta 1,29,121,False,2026-03-02 11:00:00
7367,122,Leaf,Cueva Celeste,38,611,False,2026-01-29 05:00:00
7368,158,Red,Isla Canela,24,151,False,2026-02-27 16:00:00
7369,164,Ash,Isla Canela,53,837,False,2026-03-27 20:00:00
7370,133,Misty,Cueva Celeste,68,442,True,2026-06-08 00:00:00
7371,146,Misty,Zona Safari,31,809,True,2026-05-11 13:00:00
7372,152,Blue,Bosque Verde,9,57,False,2026-04-26 13:00:00
7373,143,Red,Ruta 1,61,1152,False,2026-04-29 08:00:00
7374,96,Red,Ruta 1,39,257,True,2026-04-13 09:00:00
7375,92,Red,Ruta 1,5,31,True,2026-03-24 18:00:00
7376,86,Brock,Cueva Celeste,13,84,True,2026-05-27 08:00:00
7377,61,Misty,Monte Moon,77,1039,True,2026-04-27 20:00:00
7378,77,Misty,Isla Canela,11,90,True,2026-03-18 17:00:00
7379,81,Leaf,Ruta 1,50,325,False,2026-04-04 16:00:00
7380,127,Red,Isla Canela,75,1312,True,2026-06-07 13:00:00
7381,23,Blue,Cueva Celeste,22,127,True,2026-06-22 03:00:00
7382,91,Brock,Isla Canela,29,533,True,2026-03-17 12:00:00
7383,22,Red,Monte Moon,11,170,True,2026-04-25 18:00:00
7384,40,Leaf,Ruta 1,55,1078,True,2026-05-13 13:00:00
7385,157,Ash,Cueva Celeste,29,696,False,2026-05-10 23:00:00
7386,91,Leaf,Isla Canela,9,165,True,2026-05-14 03:00:00
7387,118,Brock,Isla Canela,27,172,False,2026-02-04 17:00:00
7388,174,Blue,Cueva Celeste,24,100,True,2026-02-23 20:00:00
7389,136,Brock,Ruta 1,63,1159,True,2026-01-27 00:00:00
7390,45,Brock,Monte Moon,11,243,False,2026-06-18 15:00:00
7391,125,Brock,Bosque Verde,8,137,False,2026-01-01 12:00:00
7392,99,Ash,Monte Moon,62,1029,True,2026-06-04 04:00:00
7393,30,Red,Zona Safari,22,281,False,2026-01-19 05:00:00
7394,148,Blue,Ruta 1,23,338,True,2026-02-15 15:00:00
7395,3,Ash,Isla Canela,55,1298,True,2026-04-25 13:00:00
7396,86,Misty,Bosque Verde,85,552,False,2026-01-16 08:00:00
7397,183,Brock,Monte Moon,3,26,True,2026-05-29 23:00:00
7398,2,Ash,Cueva Celeste,62,880,False,2026-02-16 08:00:00
7399,160,Blue,Zona Safari,25,597,True,2026-01-29 04:00:00
7400,86,Red,Ruta 1,18,117,False,2026-05-30 13:00:00
7401,83,Brock,Ruta 1,36,475,True,2026-05-04 00:00:00
7402,173,Misty,Cueva Celeste,24,105,False,2026-05-08 03:00:00
7403,100,Leaf,Cueva Celeste,12,79,True,2026-06-08 05:00:00
7404,180,Misty,Zona Safari,32,409,False,2026-03-10 02:00:00
7405,18,Misty,Isla Canela,64,1382,True,2026-03-12 23:00:00
7406,135,Blue,Ruta 1,31,570,True,2026-01-17 19:00:00
7407,88,Misty,Zona Safari,95,617,False,2026-06-25 01:00:00
7408,69,Ash,Cueva Celeste,3,18,False,2026-05-31 12:00:00
7409,89,Blue,Cueva Celeste,32,560,False,2026-06-12 00:00:00
7410,118,Brock,Ruta 1,29,185,False,2026-05-19 05:00:00
7411,184,Leaf,Bosque Verde,1,18,True,2026-04-11 05:00:00
7412,160,Leaf,Isla Canela,47,1123,True,2026-06-14 23:00:00
7413,171,Red,Bosque Verde,51,821,False,2026-06-12 19:00:00
7414,44,Red,Ruta 1,8,110,True,2026-01-15 23:00:00
7415,172,Red,Zona Safari,35,143,True,2026-04-07 22:00:00
7416,139,Red,Isla Canela,58,1003,True,2026-02-01 23:00:00
7417,58,Blue,Cueva Celeste,5,35,False,2026-02-14 19:00:00
7418,63,Brock,Ruta 1,97,601,False,2026-01-21 05:00:00
7419,200,Leaf,Monte Moon,4,34,True,2026-05-21 18:00:00
7420,126,Red,Bosque Verde,81,1401,False,2026-06-17 18:00:00
7421,177,Leaf,Cueva Celeste,96,614,False,2026-04-14 22:00:00
7422,171,Red,Isla Canela,12,193,True,2026-05-30 22:00:00
7423,84,Blue,Zona Safari,99,613,True,2026-05-25 19:00:00
7424,15,Blue,Monte Moon,83,1477,True,2026-06-14 05:00:00
7425,80,Leaf,Zona Safari,46,791,True,2026-04-08 19:00:00
7426,56,Leaf,Isla Canela,97,591,True,2026-03-07 11:00:00
7427,22,Brock,Cueva Celeste,22,341,True,2026-05-28 15:00:00
7428,54,Misty,Monte Moon,90,576,False,2026-02-04 10:00:00
7429,129,Ash,Cueva Celeste,87,348,False,2026-04-03 03:00:00
7430,170,Blue,Monte Moon,84,554,True,2026-02-26 23:00:00
7431,116,Blue,Monte Moon,70,413,False,2026-01-31 05:00:00
7432,56,Red,Ruta 1,91,555,True,2026-04-15 06:00:00
7433,186,Red,Ruta 1,46,1035,True,2026-01-16 10:00:00
7434,191,Brock,Monte Moon,20,72,True,2026-01-02 15:00:00
7435,17,Red,Cueva Celeste,99,1207,False,2026-01-09 00:00:00
7436,140,Red,Bosque Verde,96,681,True,2026-04-23 21:00:00
7437,27,Leaf,Monte Moon,91,546,True,2026-01-31 08:00:00
7438,174,Ash,Ruta 1,12,50,True,2026-03-02 21:00:00
7439,152,Leaf,Bosque Verde,41,262,False,2026-04-12 17:00:00
7440,135,Brock,Ruta 1,92,1692,False,2026-06-16 23:00:00
7441,73,Blue,Ruta 1,71,1278,True,2026-03-23 14:00:00
7442,179,Blue,Ruta 1,73,408,False,2026-04-02 10:00:00
7443,6,Misty,Zona Safari,26,624,False,2026-03-07 18:00:00
7444,46,Blue,Zona Safari,10,57,False,2026-04-07 09:00:00
7445,118,Misty,Ruta 1,36,230,False,2026-02-26 20:00:00
7446,195,Misty,Bosque Verde,24,362,True,2026-05-22 02:00:00
7447,145,Ash,Monte Moon,60,1566,False,2026-01-18 09:00:00
7448,5,Blue,Isla Canela,63,894,True,2026-03-06 21:00:00
7449,183,Ash,Monte Moon,52,457,True,2026-04-09 08:00:00
7450,38,Misty,Bosque Verde,77,1362,True,2026-01-28 07:00:00
7451,91,Red,Bosque Verde,76,1398,True,2026-04-02 04:00:00
7452,149,Brock,Isla Canela,58,1566,True,2026-06-27 16:00:00
7453,95,Leaf,Ruta 1,15,115,True,2026-01-01 05:00:00
7454,47,Leaf,Bosque Verde,63,894,False,2026-02-15 21:00:00
7455,107,Brock,Monte Moon,63,1001,False,2026-01-12 20:00:00
7456,1,Leaf,Zona Safari,36,230,True,2026-02-03 15:00:00
7457,24,Ash,Cueva Celeste,79,1240,False,2026-03-01 22:00:00
7458,183,Leaf,Monte Moon,93,818,True,2026-05-10 05:00:00
7459,44,Leaf,Bosque Verde,100,1380,True,2026-01-15 17:00:00
7460,101,Blue,Zona Safari,100,1720,False,2026-03-13 05:00:00
7461,122,Leaf,Bosque Verde,100,1610,True,2026-04-03 19:00:00
7462,32,Red,Bosque Verde,69,379,False,2026-02-01 23:00:00
7463,195,Ash,Bosque Verde,87,1313,True,2026-01-27 07:00:00
7464,180,Brock,Ruta 1,18,230,True,2026-06-12 06:00:00
7465,148,Brock,Ruta 1,89,1308,True,2026-01-09 09:00:00
7466,62,Leaf,Monte Moon,33,759,True,2026-05-12 17:00:00
7467,22,Misty,Ruta 1,98,1519,True,2026-03-02 22:00:00
7468,52,Misty,Isla Canela,15,87,False,2026-03-12 00:00:00
7469,73,Red,Ruta 1,4,72,False,2026-02-12 21:00:00
7470,63,Blue,Zona Safari,58,359,True,2026-02-05 00:00:00
7471,132,Leaf,Bosque Verde,52,525,True,2026-02-21 21:00:00
7472,99,Ash,Zona Safari,64,1062,True,2026-05-29 12:00:00
7473,38,Blue,Zona Safari,1,17,True,2026-04-17 07:00:00
7474,34,Leaf,Zona Safari,100,2270,False,2026-03-31 09:00:00
7475,109,Leaf,Zona Safari,8,54,False,2026-03-19 14:00:00
7476,178,Blue,Cueva Celeste,64,1056,True,2026-05-03 11:00:00
7477,152,Ash,Monte Moon,31,198,True,2026-03-30 16:00:00
7478,124,Ash,Monte Moon,13,206,True,2026-03-06 21:00:00
7479,173,Blue,Zona Safari,82,360,True,2026-02-16 01:00:00
7480,132,Misty,Ruta 1,77,777,False,2026-01-19 18:00:00
7481,168,Red,Isla Canela,9,126,False,2026-06-27 10:00:00
7482,103,Blue,Zona Safari,90,1674,False,2026-01-12 01:00:00
7483,52,Leaf,Cueva Celeste,60,348,False,2026-03-23 15:00:00
7484,149,Blue,Isla Canela,20,540,True,2026-02-18 00:00:00
7485,196,Red,Isla Canela,49,901,True,2026-01-25 04:00:00
7486,122,Red,Cueva Celeste,48,772,False,2026-01-30 11:00:00
7487,128,Blue,Monte Moon,47,808,False,2026-03-13 12:00:00
7488,169,Red,Ruta 1,98,2361,False,2026-05-09 23:00:00
7489,40,Misty,Bosque Verde,58,1136,False,2026-05-25 18:00:00
7490,45,Misty,Cueva Celeste,47,1038,True,2026-06-29 07:00:00
7491,28,Misty,Isla Canela,35,553,False,2026-04-14 15:00:00
7492,134,Ash,Isla Canela,54,993,True,2026-02-24 02:00:00
7493,194,Red,Isla Canela,44,184,True,2026-02-14 11:00:00
7494,177,Brock,Monte Moon,59,377,True,2026-05-21 02:00:00
7495,40,Leaf,Bosque Verde,73,1430,False,2026-02-28 13:00:00
7496,48,Misty,Bosque Verde,99,603,True,2026-03-19 22:00:00
7497,78,Blue,Cueva Celeste,46,804,True,2026-03-09 00:00:00
7498,134,Ash,Zona Safari,9,165,True,2026-06-04 20:00:00
7499,184,Ash,Monte Moon,14,264,False,2026-05-31 00:00:00
7500,172,Ash,Bosque Verde,40,164,True,2026-04-07 20:00:00
7501,125,Ash,Ruta 1,30,516,True,2026-06-30 12:00:00
7502,96,Ash,Ruta 1,84,554,False,2026-02-20 10:00:00
7503,59,Blue,Bosque Verde,27,523,True,2026-06-08 01:00:00
7504,173,Misty,Zona Safari,41,180,True,2026-05-07 10:00:00
7505,176,Red,Zona Safari,25,355,True,2026-03-24 01:00:00
7506,31,Misty,Monte Moon,42,953,False,2026-01-09 00:00:00
7507,36,Leaf,Cueva Celeste,40,868,True,2026-05-30 09:00:00
7508,20,Misty,Isla Canela,11,159,False,2026-06-02 14:00:00
7509,61,Brock,Zona Safari,89,1201,True,2026-04-29 23:00:00
7510,84,Leaf,Monte Moon,1,6,True,2026-06-16 22:00:00
7511,101,Blue,Bosque Verde,44,756,False,2026-03-06 01:00:00
7512,82,Brock,Isla Canela,32,521,False,2026-03-02 14:00:00
7513,145,Leaf,Zona Safari,30,783,False,2026-03-29 13:00:00
7514,170,Brock,Zona Safari,50,330,True,2026-02-04 12:00:00
7515,22,Red,Ruta 1,87,1348,True,2026-01-27 18:00:00
7516,112,Blue,Bosque Verde,19,323,False,2026-02-23 11:00:00
7517,42,Blue,Zona Safari,96,1526,True,2026-05-26 16:00:00
7518,16,Blue,Ruta 1,50,250,True,2026-05-17 09:00:00
7519,94,Misty,Cueva Celeste,42,945,True,2026-06-30 01:00:00
7520,59,Blue,Monte Moon,30,582,True,2026-01-26 02:00:00
7521,61,Red,Ruta 1,21,283,False,2026-01-26 13:00:00
7522,5,Leaf,Ruta 1,29,411,False,2026-04-08 06:00:00
7523,76,Blue,Cueva Celeste,55,1226,True,2026-05-12 21:00:00
7524,142,Brock,Isla Canela,29,522,False,2026-06-07 14:00:00
7525,114,Leaf,Isla Canela,83,722,False,2026-05-28 01:00:00
7526,100,Red,Isla Canela,20,132,True,2026-05-04 09:00:00
7527,175,Brock,Zona Safari,28,137,False,2026-05-17 00:00:00
7528,46,Misty,Bosque Verde,47,267,False,2026-06-30 15:00:00
7529,145,Red,Cueva Celeste,8,208,False,2026-01-02 05:00:00
7530,181,Misty,Isla Canela,36,828,False,2026-02-12 23:00:00
7531,27,Blue,Bosque Verde,74,444,False,2026-04-24 19:00:00
7532,62,Brock,Monte Moon,69,1587,True,2026-03-03 19:00:00
7533,187,Misty,Ruta 1,39,195,True,2026-02-23 01:00:00
7534,29,Blue,Cueva Celeste,56,308,False,2026-02-22 11:00:00
7535,135,Ash,Zona Safari,37,680,False,2026-05-16 01:00:00
7536,80,Brock,Isla Canela,88,1513,False,2026-02-09 22:00:00
7537,91,Brock,Zona Safari,46,846,False,2026-04-12 05:00:00
7538,104,Ash,Cueva Celeste,31,198,False,2026-06-14 06:00:00
7539,161,Red,Bosque Verde,68,292,False,2026-06-10 02:00:00
7540,131,Brock,Ruta 1,82,1533,True,2026-04-06 01:00:00
7541,19,Misty,Isla Canela,30,153,True,2026-01-07 16:00:00
7542,127,Red,Zona Safari,71,1242,True,2026-06-02 05:00:00
7543,2,Red,Zona Safari,7,99,True,2026-02-26 08:00:00
7544,1,Misty,Monte Moon,13,83,True,2026-06-03 16:00:00
7545,17,Brock,Monte Moon,100,1220,False,2026-06-20 14:00:00
7546,165,Red,Monte Moon,99,524,False,2026-01-04 19:00:00
7547,66,Brock,Cueva Celeste,53,323,True,2026-05-03 15:00:00
7548,87,Blue,Zona Safari,46,763,True,2026-06-08 04:00:00
7549,200,Blue,Ruta 1,76,661,True,2026-06-20 22:00:00
7550,2,Brock,Isla Canela,68,965,True,2026-03-23 02:00:00
7551,124,Ash,Zona Safari,97,1542,True,2026-02-06 09:00:00
7552,69,Blue,Monte Moon,94,564,False,2026-05-28 01:00:00
7553,99,Red,Cueva Celeste,84,1394,True,2026-05-15 09:00:00
7554,159,Brock,Cueva Celeste,34,482,True,2026-03-18 21:00:00
7555,153,Leaf,Zona Safari,83,1178,False,2026-03-30 09:00:00
7556,48,Ash,Isla Canela,3,18,False,2026-02-23 06:00:00
7557,31,Brock,Bosque Verde,28,635,True,2026-04-28 02:00:00
7558,135,Misty,Bosque Verde,92,1692,False,2026-03-20 17:00:00
7559,190,Red,Zona Safari,78,561,False,2026-02-26 22:00:00
7560,52,Ash,Zona Safari,51,295,True,2026-01-09 02:00:00
7561,115,Brock,Isla Canela,72,1238,True,2026-04-20 14:00:00
7562,170,Blue,Zona Safari,46,303,True,2026-02-09 22:00:00
7563,101,Blue,Monte Moon,88,1513,True,2026-05-14 08:00:00
7564,187,Ash,Cueva Celeste,80,400,True,2026-06-08 17:00:00
7565,196,Red,Cueva Celeste,61,1122,True,2026-02-26 12:00:00
7566,63,Leaf,Monte Moon,8,49,True,2026-03-14 17:00:00
7567,51,Leaf,Zona Safari,53,789,True,2026-02-22 22:00:00
7568,77,Blue,Cueva Celeste,8,65,True,2026-06-13 00:00:00
7569,75,Red,Cueva Celeste,97,1328,False,2026-02-28 16:00:00
7570,104,Brock,Bosque Verde,68,435,False,2026-01-14 10:00:00
7571,130,Ash,Monte Moon,37,699,False,2026-03-04 02:00:00
7572,11,Brock,Ruta 1,51,367,False,2026-05-18 04:00:00
7573,132,Blue,Isla Canela,2,20,True,2026-06-08 19:00:00
7574,129,Misty,Cueva Celeste,71,284,False,2026-03-07 09:00:00
7575,62,Blue,Ruta 1,82,1885,True,2026-04-22 17:00:00
7576,46,Red,Isla Canela,90,513,True,2026-04-16 07:00:00
7577,117,Ash,Bosque Verde,5,77,False,2026-03-11 22:00:00
7578,146,Ash,Bosque Verde,85,2218,False,2026-03-03 12:00:00
7579,135,Ash,Isla Canela,15,276,True,2026-04-22 18:00:00
7580,8,Misty,Bosque Verde,30,426,False,2026-01-30 04:00:00
7581,83,Misty,Monte Moon,36,475,True,2026-01-27 18:00:00
7582,176,Brock,Bosque Verde,42,596,True,2026-01-20 07:00:00
7583,159,Brock,Ruta 1,23,326,True,2026-01-11 07:00:00
7584,60,Ash,Bosque Verde,10,60,True,2026-03-14 11:00:00
7585,104,Leaf,Bosque Verde,18,115,False,2026-06-25 22:00:00
7586,98,Leaf,Isla Canela,49,318,True,2026-02-05 01:00:00
7587,57,Misty,Cueva Celeste,58,922,True,2026-03-22 15:00:00
7588,22,Brock,Bosque Verde,27,418,True,2026-06-26 22:00:00
7589,3,Red,Bosque Verde,7,165,True,2026-04-27 11:00:00
7590,192,Red,Bosque Verde,74,1102,False,2026-02-17 03:00:00
7591,59,Misty,Ruta 1,98,1901,True,2026-06-04 13:00:00
7592,99,Red,Isla Canela,66,1095,False,2026-05-14 23:00:00
7593,11,Misty,Ruta 1,70,504,False,2026-04-21 21:00:00
7594,115,Misty,Isla Canela,60,1032,False,2026-06-24 06:00:00
7595,169,Ash,Monte Moon,67,1614,False,2026-01-07 11:00:00
7596,77,Red,Cueva Celeste,32,262,False,2026-06-20 03:00:00
7597,169,Misty,Cueva Celeste,90,2169,False,2026-04-27 00:00:00
7598,119,Leaf,Ruta 1,18,284,False,2026-02-24 11:00:00
7599,44,Ash,Cueva Celeste,31,427,True,2026-01-06 03:00:00
7600,196,Misty,Zona Safari,42,772,False,2026-02-10 03:00:00
7601,195,Brock,Monte Moon,38,573,True,2026-03-19 22:00:00
7602,3,Misty,Isla Canela,49,1156,True,2026-02-07 06:00:00
7603,131,Misty,Monte Moon,64,1196,True,2026-05-04 00:00:00
7604,200,Blue,Bosque Verde,58,504,True,2026-05-20 22:00:00
7605,145,Ash,Zona Safari,41,1070,True,2026-02-23 16:00:00
7606,94,Ash,Zona Safari,5,112,False,2026-02-15 09:00:00
7607,79,Leaf,Zona Safari,93,585,True,2026-03-19 17:00:00
7608,174,Leaf,Isla Canela,100,420,True,2026-06-21 08:00:00
7609,148,Ash,Bosque Verde,53,779,True,2026-05-07 17:00:00
7610,105,Red,Zona Safari,81,1206,False,2026-05-26 09:00:00
7611,78,Brock,Monte Moon,7,122,False,2026-04-21 12:00:00
7612,174,Misty,Bosque Verde,67,281,False,2026-02-07 10:00:00
7613,76,Blue,Isla Canela,64,1427,True,2026-05-27 20:00:00
7614,89,Red,Cueva Celeste,83,1452,False,2026-01-30 14:00:00
7615,140,Misty,Ruta 1,35,248,False,2026-05-03 14:00:00
7616,187,Blue,Cueva Celeste,94,470,False,2026-01-10 03:00:00
7617,87,Blue,Cueva Celeste,17,282,True,2026-02-11 19:00:00
7618,24,Red,Ruta 1,29,455,True,2026-05-06 19:00:00
7619,109,Brock,Ruta 1,28,190,True,2026-03-26 00:00:00
7620,58,Red,Zona Safari,83,581,True,2026-05-09 12:00:00
7621,172,Misty,Monte Moon,36,147,True,2026-01-07 15:00:00
7622,107,Leaf,Isla Canela,76,1208,False,2026-01-09 04:00:00
7623,55,Blue,Isla Canela,57,997,False,2026-04-29 06:00:00
7624,88,Red,Bosque Verde,18,117,True,2026-03-05 08:00:00
7625,55,Misty,Zona Safari,14,244,True,2026-05-30 13:00:00
7626,149,Ash,Cueva Celeste,28,756,False,2026-01-26 17:00:00
7627,194,Leaf,Bosque Verde,57,239,False,2026-03-01 17:00:00
7628,104,Brock,Bosque Verde,19,121,True,2026-01-03 05:00:00
7629,175,Brock,Ruta 1,3,14,False,2026-05-04 09:00:00
7630,137,Brock,Isla Canela,8,63,False,2026-03-29 03:00:00
7631,13,Red,Monte Moon,79,308,False,2026-06-09 17:00:00
7632,48,Ash,Zona Safari,43,262,True,2026-02-20 03:00:00
7633,56,Leaf,Isla Canela,23,140,True,2026-05-23 10:00:00
7634,7,Ash,Monte Moon,84,529,True,2026-03-26 05:00:00
7635,61,Brock,Bosque Verde,23,310,False,2026-03-08 00:00:00
7636,15,Leaf,Zona Safari,96,1708,True,2026-03-27 21:00:00
7637,149,Ash,Zona Safari,7,189,False,2026-01-14 16:00:00
7638,76,Misty,Cueva Celeste,9,200,False,2026-01-19 01:00:00
7639,118,Ash,Monte Moon,6,38,True,2026-01-15 09:00:00
7640,134,Ash,Cueva Celeste,25,460,False,2026-05-12 20:00:00
7641,41,Misty,Monte Moon,8,39,False,2026-06-04 22:00:00
7642,189,Ash,Monte Moon,1,20,True,2026-04-17 10:00:00
7643,194,Leaf,Monte Moon,55,231,True,2026-06-21 07:00:00
7644,20,Ash,Ruta 1,5,72,False,2026-06-12 15:00:00
7645,197,Brock,Isla Canela,68,1251,False,2026-06-24 23:00:00
7646,155,Red,Monte Moon,4,24,True,2026-06-28 21:00:00
7647,177,Ash,Bosque Verde,21,134,True,2026-01-03 10:00:00
7648,126,Brock,Isla Canela,20,346,False,2026-06-01 13:00:00
7649,179,Blue,Ruta 1,92,515,True,2026-02-01 22:00:00
7650,139,Blue,Zona Safari,3,51,False,2026-01-06 22:00:00
7651,17,Ash,Cueva Celeste,88,1073,False,2026-04-20 07:00:00
7652,125,Red,Zona Safari,10,172,True,2026-06-30 10:00:00
7653,113,Ash,Isla Canela,86,3397,True,2026-01-06 21:00:00
7654,164,Red,Isla Canela,16,252,True,2026-06-09 16:00:00
7655,101,Ash,Bosque Verde,77,1324,False,2026-05-09 22:00:00
7656,165,Brock,Monte Moon,61,323,True,2026-06-22 11:00:00
7657,48,Ash,Cueva Celeste,20,122,False,2026-03-08 16:00:00
7658,150,Blue,Cueva Celeste,12,367,False,2026-03-09 21:00:00
7659,71,Red,Bosque Verde,60,1326,False,2026-01-23 05:00:00
7660,194,Misty,Zona Safari,13,54,False,2026-06-28 03:00:00
7661,135,Blue,Zona Safari,97,1784,True,2026-03-04 04:00:00
7662,176,Red,Cueva Celeste,34,482,True,2026-02-08 14:00:00
7663,28,Brock,Bosque Verde,65,1027,False,2026-02-10 07:00:00
7664,98,Misty,Monte Moon,96,624,False,2026-04-10 05:00:00
7665,24,Red,Ruta 1,78,1224,True,2026-01-28 21:00:00
7666,57,Misty,Bosque Verde,14,222,False,2026-02-26 18:00:00
7667,174,Brock,Ruta 1,86,361,False,2026-01-08 02:00:00
7668,16,Blue,Zona Safari,74,370,True,2026-02-11 05:00:00
7669,92,Ash,Monte Moon,36,223,True,2026-02-11 23:00:00
7670,38,Leaf,Cueva Celeste,52,920,True,2026-03-13 17:00:00
7671,161,Leaf,Monte Moon,87,374,True,2026-01-11 16:00:00
7672,153,Brock,Zona Safari,23,326,False,2026-01-01 21:00:00
7673,28,Misty,Zona Safari,90,1422,False,2026-02-10 18:00:00
7674,60,Misty,Bosque Verde,26,156,False,2026-01-30 17:00:00
7675,183,Ash,Isla Canela,85,748,True,2026-04-03 10:00:00
7676,52,Blue,Bosque Verde,86,498,False,2026-06-27 05:00:00
7677,46,Brock,Monte Moon,73,416,False,2026-03-11 22:00:00
7678,52,Brock,Cueva Celeste,26,150,True,2026-02-09 04:00:00
7679,151,Ash,Bosque Verde,44,1188,True,2026-01-08 07:00:00
7680,136,Ash,Bosque Verde,60,1104,False,2026-01-24 21:00:00
7681,20,Blue,Cueva Celeste,70,1015,False,2026-01-09 21:00:00
7682,155,Brock,Ruta 1,34,210,False,2026-06-27 20:00:00
7683,182,Ash,Zona Safari,61,1348,True,2026-05-15 14:00:00
7684,137,Brock,Ruta 1,6,47,True,2026-05-07 14:00:00
7685,193,Ash,Monte Moon,7,54,False,2026-03-08 19:00:00
7686,163,Misty,Monte Moon,69,358,True,2026-04-22 11:00:00
7687,78,Brock,Ruta 1,63,1102,True,2026-05-06 10:00:00
7688,20,Blue,Ruta 1,49,710,True,2026-03-10 07:00:00
7689,125,Misty,Zona Safari,59,1014,True,2026-01-04 08:00:00
7690,47,Blue,Bosque Verde,55,781,True,2026-03-21 13:00:00
7691,83,Red,Ruta 1,35,462,True,2026-05-08 01:00:00
7692,3,Blue,Isla Canela,74,1746,True,2026-02-12 12:00:00
7693,141,Brock,Monte Moon,36,622,False,2026-01-01 08:00:00
7694,42,Brock,Zona Safari,25,397,False,2026-04-28 05:00:00
7695,78,Red,Isla Canela,5,87,True,2026-03-30 21:00:00
7696,48,Brock,Bosque Verde,79,481,False,2026-05-10 17:00:00
7697,129,Leaf,Bosque Verde,53,212,False,2026-05-17 19:00:00
7698,137,Blue,Cueva Celeste,56,442,False,2026-03-14 04:00:00
7699,13,Misty,Ruta 1,71,276,True,2026-01-17 20:00:00
7700,140,Brock,Monte Moon,3,21,False,2026-02-09 14:00:00
7701,67,Blue,Ruta 1,1,14,False,2026-04-24 19:00:00
7702,123,Misty,Ruta 1,3,30,True,2026-04-24 11:00:00
7703,18,Red,Ruta 1,65,1404,False,2026-02-20 19:00:00
7704,1,Red,Cueva Celeste,82,524,True,2026-02-12 07:00:00
7705,179,Brock,Isla Canela,73,408,False,2026-04-10 14:00:00
7706,174,Red,Cueva Celeste,26,109,False,2026-04-17 03:00:00
7707,187,Brock,Monte Moon,40,200,True,2026-05-26 04:00:00
7708,49,Blue,Cueva Celeste,15,237,True,2026-01-02 17:00:00
7709,15,Misty,Ruta 1,100,1780,True,2026-05-08 05:00:00
7710,65,Red,Ruta 1,60,1350,False,2026-04-15 16:00:00
7711,49,Brock,Cueva Celeste,46,726,True,2026-06-14 06:00:00
7712,85,Misty,Ruta 1,3,49,False,2026-01-22 07:00:00
7713,6,Leaf,Cueva Celeste,21,504,False,2026-04-05 05:00:00
7714,16,Misty,Monte Moon,13,65,False,2026-02-19 00:00:00
7715,195,Misty,Zona Safari,38,573,False,2026-02-10 05:00:00
7716,109,Ash,Ruta 1,44,299,False,2026-03-04 02:00:00
7717,148,Misty,Ruta 1,46,676,True,2026-04-02 21:00:00
7718,20,Blue,Cueva Celeste,52,754,False,2026-06-16 09:00:00
7719,166,Brock,Zona Safari,51,698,False,2026-06-22 13:00:00
7720,39,Ash,Isla Canela,52,494,True,2026-05-27 17:00:00
7721,146,Red,Ruta 1,18,469,True,2026-05-20 01:00:00
7722,95,Leaf,Ruta 1,30,231,True,2026-03-31 06:00:00
7723,156,Ash,Monte Moon,72,1022,False,2026-02-15 18:00:00
7724,130,Blue,Isla Canela,51,963,False,2026-02-09 17:00:00
7725,51,Leaf,Monte Moon,30,447,False,2026-04-05 13:00:00
7726,25,Leaf,Bosque Verde,19,212,False,2026-05-14 00:00:00
7727,112,Leaf,Zona Safari,46,781,False,2026-02-25 18:00:00
7728,7,Blue,Ruta 1,89,560,False,2026-03-27 08:00:00
7729,184,Ash,Zona Safari,39,737,False,2026-02-21 08:00:00
7730,93,Red,Zona Safari,77,1093,False,2026-06-27 15:00:00
7731,138,Misty,Zona Safari,89,631,False,2026-05-17 01:00:00
7732,88,Leaf,Zona Safari,79,513,False,2026-03-07 22:00:00
7733,146,Blue,Zona Safari,61,1592,True,2026-01-31 12:00:00
7734,80,Red,Isla Canela,88,1513,False,2026-04-07 18:00:00
7735,147,Misty,Bosque Verde,44,264,True,2026-02-09 09:00:00
7736,114,Ash,Monte Moon,72,626,True,2026-05-17 07:00:00
7737,6,Misty,Bosque Verde,48,1152,False,2026-01-21 09:00:00
7738,115,Blue,Ruta 1,46,791,True,2026-06-12 18:00:00
7739,9,Red,Ruta 1,40,956,True,2026-04-10 20:00:00
7740,102,Misty,Cueva Celeste,34,221,True,2026-01-29 20:00:00
7741,17,Brock,Zona Safari,8,97,True,2026-06-01 23:00:00
7742,105,Ash,Zona Safari,61,908,False,2026-03-19 04:00:00
7743,71,Leaf,Zona Safari,20,442,True,2026-05-30 15:00:00
7744,35,Misty,Ruta 1,4,45,False,2026-01-05 17:00:00
7745,56,Ash,Zona Safari,31,189,True,2026-04-19 02:00:00
7746,117,Misty,Isla Canela,21,323,False,2026-01-29 20:00:00
7747,78,Red,Zona Safari,30,525,False,2026-06-02 05:00:00
7748,107,Ash,Ruta 1,23,365,False,2026-06-29 10:00:00
7749,115,Blue,Bosque Verde,93,1599,True,2026-03-29 14:00:00
7750,175,Misty,Monte Moon,23,112,False,2026-02-16 18:00:00
7751,122,Leaf,Isla Canela,64,1030,False,2026-02-13 12:00:00
7752,95,Blue,Monte Moon,96,739,True,2026-05-11 13:00:00
7753,55,Red,Isla Canela,37,647,True,2026-03-17 12:00:00
7754,175,Blue,Cueva Celeste,96,470,False,2026-05-02 07:00:00
7755,99,Blue,Isla Canela,46,763,False,2026-05-31 08:00:00
7756,191,Blue,Zona Safari,25,90,True,2026-03-11 21:00:00
7757,198,Blue,Isla Canela,9,72,False,2026-05-06 16:00:00
7758,164,Ash,Zona Safari,17,268,True,2026-05-17 23:00:00
7759,18,Brock,Zona Safari,98,2116,False,2026-06-22 07:00:00
7760,179,Red,Ruta 1,40,224,False,2026-04-13 20:00:00
7761,89,Ash,Ruta 1,56,979,False,2026-06-10 17:00:00
7762,157,Brock,Cueva Celeste,78,1872,False,2026-01-22 17:00:00
7763,58,Misty,Isla Canela,83,581,False,2026-02-20 17:00:00
7764,188,Misty,Cueva Celeste,79,940,False,2026-04-03 17:00:00
7765,105,Leaf,Cueva Celeste,81,1206,False,2026-06-21 08:00:00
7766,183,Brock,Isla Canela,32,281,True,2026-04-08 18:00:00
7767,133,Misty,Monte Moon,43,279,True,2026-04-24 12:00:00
7768,9,Blue,Zona Safari,17,406,False,2026-05-19 07:00:00
7769,169,Ash,Ruta 1,7,168,False,2026-04-23 16:00:00
7770,66,Brock,Isla Canela,15,91,False,2026-06-06 06:00:00
7771,113,Misty,Zona Safari,37,1461,False,2026-01-06 11:00:00
7772,27,Red,Bosque Verde,63,378,False,2026-03-27 16:00:00
7773,96,Red,Zona Safari,12,79,True,2026-03-29 06:00:00
7774,6,Leaf,Ruta 1,72,1728,True,2026-02-20 21:00:00
7775,165,Ash,Isla Canela,47,249,True,2026-04-05 16:00:00
7776,190,Blue,Bosque Verde,8,57,True,2026-04-05 15:00:00
7777,107,Misty,Bosque Verde,31,492,True,2026-01-27 11:00:00
7778,137,Red,Zona Safari,26,205,False,2026-01-04 03:00:00
7779,86,Leaf,Cueva Celeste,7,45,False,2026-01-16 20:00:00
7780,141,Red,Zona Safari,44,761,True,2026-05-07 21:00:00
7781,164,Misty,Zona Safari,100,1580,False,2026-02-01 01:00:00
7782,124,Leaf,Cueva Celeste,51,810,False,2026-02-24 12:00:00
7783,174,Red,Monte Moon,99,415,True,2026-03-23 17:00:00
7784,28,Blue,Isla Canela,11,173,False,2026-05-11 14:00:00
7785,120,Red,Zona Safari,74,503,False,2026-04-09 15:00:00
7786,87,Leaf,Isla Canela,71,1178,False,2026-04-14 07:00:00
7787,98,Ash,Isla Canela,31,201,True,2026-04-30 20:00:00
7788,197,Brock,Cueva Celeste,26,478,True,2026-02-08 09:00:00
7789,142,Misty,Cueva Celeste,39,702,False,2026-02-23 00:00:00
7790,106,Misty,Zona Safari,28,445,True,2026-03-08 12:00:00
7791,177,Ash,Monte Moon,33,211,True,2026-04-26 21:00:00
7792,171,Misty,Bosque Verde,78,1255,False,2026-04-04 04:00:00
7793,68,Misty,Isla Canela,75,1702,True,2026-06-03 22:00:00
7794,11,Ash,Monte Moon,13,93,False,2026-05-01 20:00:00
7795,122,Brock,Cueva Celeste,71,1143,False,2026-01-30 18:00:00
7796,162,Brock,Zona Safari,96,1392,True,2026-04-19 16:00:00
7797,114,Leaf,Monte Moon,42,365,False,2026-02-02 15:00:00
7798,3,Red,Bosque Verde,55,1298,True,2026-03-14 08:00:00
7799,102,Blue,Bosque Verde,33,214,True,2026-03-21 05:00:00
7800,120,Misty,Isla Canela,91,618,False,2026-01-14 10:00:00
7801,8,Ash,Zona Safari,97,1377,True,2026-04-05 02:00:00
7802,35,Misty,Ruta 1,41,463,False,2026-06-08 09:00:00
7803,64,Brock,Zona Safari,51,714,False,2026-04-20 08:00:00
7804,25,Brock,Monte Moon,68,761,True,2026-02-25 03:00:00
7805,185,Brock,Bosque Verde,96,1382,False,2026-04-07 04:00:00
7806,157,Red,Zona Safari,13,312,True,2026-06-08 12:00:00
7807,10,Blue,Ruta 1,42,163,True,2026-05-28 21:00:00
7808,155,Brock,Ruta 1,2,12,True,2026-06-23 14:00:00
7809,139,Brock,Bosque Verde,78,1349,True,2026-06-25 12:00:00
7810,152,Misty,Isla Canela,17,108,True,2026-03-04 21:00:00
7811,94,Ash,Ruta 1,41,922,False,2026-05-23 06:00:00
7812,146,Leaf,Ruta 1,33,861,True,2026-06-06 14:00:00
7813,173,Blue,Zona Safari,83,365,True,2026-01-08 00:00:00
7814,82,Misty,Cueva Celeste,37,603,True,2026-01-08 09:00:00
7815,166,Misty,Cueva Celeste,47,643,True,2026-01-05 18:00:00
7816,18,Blue,Bosque Verde,40,864,True,2026-03-24 14:00:00
7817,146,Brock,Ruta 1,80,2088,False,2026-01-22 09:00:00
7818,139,Ash,Bosque Verde,4,69,True,2026-04-11 19:00:00
7819,39,Blue,Cueva Celeste,89,845,False,2026-03-24 01:00:00
7820,30,Misty,Isla Canela,71,908,False,2026-03-21 06:00:00
7821,131,Ash,Monte Moon,23,430,False,2026-04-19 21:00:00
7822,20,Red,Zona Safari,81,1174,False,2026-05-26 08:00:00
7823,7,Misty,Zona Safari,55,346,True,2026-03-06 17:00:00
7824,25,Red,Ruta 1,84,940,False,2026-01-16 09:00:00
7825,159,Red,Cueva Celeste,27,383,True,2026-01-13 12:00:00
7826,77,Misty,Cueva Celeste,24,196,True,2026-04-30 13:00:00
7827,33,Ash,Cueva Celeste,88,1126,False,2026-05-10 08:00:00
7828,129,Red,Zona Safari,11,44,False,2026-06-13 09:00:00
7829,56,Brock,Cueva Celeste,73,445,False,2026-03-23 20:00:00
7830,133,Misty,Isla Canela,6,39,True,2026-05-14 03:00:00
7831,181,Leaf,Ruta 1,16,368,False,2026-06-29 15:00:00
7832,64,Brock,Isla Canela,66,924,False,2026-01-03 20:00:00
7833,24,Brock,Cueva Celeste,87,1365,True,2026-03-08 08:00:00
7834,79,Red,Zona Safari,5,31,True,2026-06-09 15:00:00
7835,66,Ash,Isla Canela,42,256,False,2026-03-07 00:00:00
7836,151,Red,Cueva Celeste,2,54,False,2026-04-21 21:00:00
7837,75,Blue,Zona Safari,45,616,True,2026-03-10 23:00:00
7838,198,Red,Zona Safari,34,275,False,2026-04-20 09:00:00
7839,88,Brock,Bosque Verde,65,422,True,2026-02-08 05:00:00
7840,174,Leaf,Monte Moon,39,163,True,2026-01-18 07:00:00
7841,80,Leaf,Bosque Verde,72,1238,False,2026-01-28 17:00:00
7842,196,Blue,Bosque Verde,95,1748,True,2026-04-01 09:00:00
7843,144,Blue,Isla Canela,38,991,False,2026-05-14 05:00:00
7844,6,Red,Zona Safari,34,816,True,2026-05-10 16:00:00
7845,86,Red,Isla Canela,81,526,False,2026-02-06 22:00:00
7846,35,Misty,Ruta 1,14,158,True,2026-02-10 16:00:00
7847,107,Brock,Isla Canela,82,1303,True,2026-01-01 15:00:00
7848,3,Brock,Monte Moon,1,23,False,2026-05-08 21:00:00
7849,137,Leaf,Ruta 1,51,402,True,2026-01-22 03:00:00
7850,49,Blue,Monte Moon,28,442,False,2026-03-01 13:00:00
7851,105,Red,Monte Moon,56,834,False,2026-01-06 16:00:00
7852,169,Red,Bosque Verde,24,578,True,2026-06-07 01:00:00
7853,67,Blue,Monte Moon,19,269,True,2026-02-19 04:00:00
7854,111,Red,Bosque Verde,58,400,False,2026-02-20 00:00:00
7855,157,Misty,Isla Canela,95,2280,False,2026-03-31 12:00:00
7856,100,Ash,Isla Canela,57,376,False,2026-01-09 19:00:00
7857,51,Blue,Zona Safari,59,879,False,2026-05-22 15:00:00
7858,43,Red,Monte Moon,77,492,True,2026-04-01 08:00:00
7859,131,Misty,Monte Moon,59,1103,False,2026-04-01 12:00:00
7860,120,Blue,Bosque Verde,96,652,False,2026-01-01 12:00:00
7861,45,Ash,Ruta 1,88,1944,False,2026-04-01 06:00:00
7862,200,Red,Isla Canela,95,826,True,2026-04-30 02:00:00
7863,187,Red,Bosque Verde,31,155,True,2026-05-31 07:00:00
7864,130,Red,Cueva Celeste,36,680,True,2026-01-21 19:00:00
7865,135,Ash,Bosque Verde,26,478,False,2026-01-29 19:00:00
7866,108,Red,Ruta 1,13,100,False,2026-06-09 23:00:00
7867,135,Misty,Monte Moon,87,1600,False,2026-02-02 06:00:00
7868,55,Brock,Monte Moon,83,1452,False,2026-02-24 04:00:00
7869,183,Leaf,Ruta 1,7,61,False,2026-04-02 03:00:00
7870,78,Blue,Bosque Verde,80,1400,True,2026-06-24 04:00:00
7871,36,Red,Monte Moon,45,976,True,2026-01-29 00:00:00
7872,163,Red,Ruta 1,41,213,True,2026-04-22 16:00:00
7873,59,Leaf,Bosque Verde,31,601,False,2026-06-17 08:00:00
7874,79,Red,Cueva Celeste,26,163,True,2026-03-23 15:00:00
7875,48,Brock,Ruta 1,31,189,False,2026-02-19 15:00:00
7876,81,Misty,Bosque Verde,26,169,False,2026-03-06 16:00:00
7877,167,Ash,Cueva Celeste,73,365,True,2026-02-15 09:00:00
7878,32,Leaf,Bosque Verde,92,505,False,2026-02-24 06:00:00
7879,100,Blue,Bosque Verde,77,508,False,2026-02-05 08:00:00
7880,1,Leaf,Bosque Verde,18,115,False,2026-06-19 18:00:00
7881,136,Leaf,Ruta 1,91,1674,False,2026-06-11 20:00:00
7882,77,Ash,Ruta 1,91,746,False,2026-04-10 14:00:00
7883,153,Ash,Zona Safari,87,1235,False,2026-01-14 19:00:00
7884,46,Brock,Cueva Celeste,27,153,True,2026-01-26 15:00:00
7885,127,Leaf,Cueva Celeste,66,1155,False,2026-06-20 06:00:00
7886,109,Brock,Ruta 1,16,108,False,2026-02-13 21:00:00
7887,88,Misty,Isla Canela,39,253,True,2026-01-28 12:00:00
7888,139,Misty,Bosque Verde,77,1332,True,2026-02-10 15:00:00
7889,83,Ash,Bosque Verde,30,396,True,2026-04-17 19:00:00
7890,177,Leaf,Ruta 1,90,576,True,2026-04-24 06:00:00
7891,137,Blue,Monte Moon,81,639,True,2026-05-06 00:00:00
7892,22,Leaf,Cueva Celeste,1,15,False,2026-06-20 09:00:00
7893,189,Red,Bosque Verde,81,1676,True,2026-02-06 05:00:00
7894,147,Ash,Zona Safari,53,318,True,2026-04-05 21:00:00
7895,163,Blue,Cueva Celeste,83,431,True,2026-05-07 01:00:00
7896,40,Misty,Cueva Celeste,53,1038,True,2026-04-18 19:00:00
7897,166,Misty,Cueva Celeste,32,438,False,2026-06-05 20:00:00
7898,140,Misty,Monte Moon,7,49,True,2026-05-11 00:00:00
7899,32,Ash,Ruta 1,27,148,True,2026-02-03 14:00:00
7900,49,Blue,Zona Safari,61,963,True,2026-03-19 01:00:00
7901,74,Brock,Isla Canela,12,72,False,2026-05-27 11:00:00
7902,103,Leaf,Zona Safari,37,688,False,2026-01-16 10:00:00
7903,31,Misty,Ruta 1,83,1884,False,2026-04-20 21:00:00
7904,2,Blue,Bosque Verde,1,14,False,2026-01-17 01:00:00
7905,54,Misty,Zona Safari,67,428,True,2026-03-04 21:00:00
7906,31,Red,Bosque Verde,22,499,True,2026-05-07 07:00:00
7907,38,Leaf,Ruta 1,10,177,False,2026-04-13 18:00:00
7908,4,Red,Zona Safari,68,421,True,2026-02-08 00:00:00
7909,147,Leaf,Zona Safari,80,480,False,2026-04-13 23:00:00
7910,154,Misty,Cueva Celeste,68,1604,True,2026-02-02 14:00:00
7911,125,Brock,Cueva Celeste,15,258,True,2026-06-08 09:00:00
7912,49,Ash,Cueva Celeste,90,1422,True,2026-01-08 21:00:00
7913,87,Misty,Isla Canela,1,16,True,2026-05-25 11:00:00
7914,117,Ash,Isla Canela,57,877,True,2026-04-14 19:00:00
7915,136,Misty,Cueva Celeste,71,1306,True,2026-06-04 03:00:00
7916,25,Leaf,Cueva Celeste,39,436,False,2026-05-25 10:00:00
7917,169,Red,Isla Canela,77,1855,True,2026-06-14 12:00:00
7918,115,Brock,Zona Safari,44,756,True,2026-06-12 22:00:00
7919,41,Red,Ruta 1,78,382,True,2026-01-07 12:00:00
7920,60,Leaf,Ruta 1,93,558,True,2026-06-08 06:00:00
7921,13,Red,Monte Moon,75,292,True,2026-02-15 23:00:00
7922,27,Ash,Zona Safari,30,180,False,2026-04-18 07:00:00
7923,80,Blue,Bosque Verde,94,1616,False,2026-01-20 09:00:00
7924,183,Misty,Cueva Celeste,27,237,True,2026-01-26 05:00:00
7925,45,Blue,Bosque Verde,50,1105,False,2026-03-20 03:00:00
7926,87,Misty,Cueva Celeste,100,1660,True,2026-05-30 02:00:00
7927,163,Leaf,Monte Moon,87,452,True,2026-06-22 23:00:00
7928,180,Ash,Isla Canela,31,396,False,2026-05-12 01:00:00
7929,190,Misty,Ruta 1,9,64,True,2026-06-18 06:00:00
7930,66,Leaf,Bosque Verde,27,164,True,2026-04-12 05:00:00
7931,69,Ash,Zona Safari,80,480,True,2026-05-25 08:00:00
7932,129,Leaf,Bosque Verde,41,164,True,2026-06-20 06:00:00
7933,26,Brock,Monte Moon,82,1787,True,2026-03-12 14:00:00
7934,157,Misty,Zona Safari,59,1416,True,2026-06-07 15:00:00
7935,88,Ash,Cueva Celeste,17,110,True,2026-05-11 01:00:00
7936,158,Ash,Zona Safari,49,308,False,2026-01-16 00:00:00
7937,46,Ash,Monte Moon,21,119,False,2026-01-09 23:00:00
7938,128,Misty,Monte Moon,81,1393,True,2026-01-30 12:00:00
7939,111,Brock,Zona Safari,7,48,False,2026-01-10 09:00:00
7940,130,Red,Zona Safari,65,1228,False,2026-01-25 19:00:00
7941,186,Ash,Monte Moon,88,1980,False,2026-03-08 17:00:00
7942,158,Misty,Zona Safari,25,157,False,2026-01-13 07:00:00
7943,193,Ash,Ruta 1,9,70,False,2026-04-17 10:00:00
7944,85,Red,Ruta 1,67,1105,False,2026-03-04 20:00:00
7945,156,Red,Monte Moon,22,312,False,2026-04-12 21:00:00
7946,168,Blue,Cueva Celeste,10,140,False,2026-04-12 03:00:00
7947,60,Blue,Zona Safari,79,474,False,2026-05-29 09:00:00
7948,67,Red,Isla Canela,8,113,True,2026-06-14 00:00:00
7949,117,Leaf,Cueva Celeste,80,1232,True,2026-03-08 00:00:00
7950,196,Ash,Monte Moon,85,1564,True,2026-04-08 08:00:00
7951,15,Brock,Zona Safari,68,1210,False,2026-02-22 16:00:00
7952,25,Leaf,Monte Moon,16,179,True,2026-06-29 07:00:00
7953,173,Blue,Zona Safari,63,277,False,2026-02-21 04:00:00
7954,69,Misty,Ruta 1,61,366,False,2026-05-31 19:00:00
7955,98,Misty,Isla Canela,60,390,False,2026-03-03 09:00:00
7956,3,Leaf,Monte Moon,89,2100,True,2026-04-25 17:00:00
7957,12,Brock,Ruta 1,10,178,True,2026-01-15 15:00:00
7958,32,Misty,Bosque Verde,58,319,True,2026-05-10 03:00:00
7959,69,Leaf,Ruta 1,24,144,False,2026-01-31 10:00:00
7960,192,Brock,Bosque Verde,89,1326,False,2026-02-22 14:00:00
7961,171,Misty,Isla Canela,63,1014,True,2026-04-21 09:00:00
7962,156,Ash,Bosque Verde,64,908,False,2026-03-28 08:00:00
7963,9,Ash,Ruta 1,66,1577,True,2026-02-26 02:00:00
7964,63,Blue,Cueva Celeste,11,68,False,2026-05-15 08:00:00
7965,3,Blue,Cueva Celeste,49,1156,False,2026-04-10 23:00:00
7966,102,Red,Cueva Celeste,99,643,False,2026-02-09 16:00:00
7967,170,Misty,Monte Moon,84,554,True,2026-01-05 22:00:00
7968,144,Brock,Zona Safari,99,2583,False,2026-03-07 13:00:00
7969,120,Ash,Bosque Verde,10,68,False,2026-01-28 01:00:00
7970,55,Ash,Ruta 1,55,962,False,2026-05-16 21:00:00
7971,105,Ash,Zona Safari,81,1206,False,2026-01-02 12:00:00
7972,165,Blue,Bosque Verde,58,307,True,2026-03-17 08:00:00
7973,20,Ash,Cueva Celeste,34,493,True,2026-01-13 23:00:00
7974,143,Ash,Zona Safari,32,604,True,2026-05-30 05:00:00
7975,10,Misty,Cueva Celeste,52,202,True,2026-05-17 07:00:00
7976,115,Brock,Isla Canela,72,1238,False,2026-03-22 17:00:00
7977,6,Red,Isla Canela,69,1656,True,2026-04-29 19:00:00
7978,106,Blue,Bosque Verde,89,1415,True,2026-06-20 09:00:00
7979,177,Brock,Isla Canela,88,563,False,2026-04-24 17:00:00
7980,193,Brock,Zona Safari,44,343,True,2026-02-01 19:00:00
7981,115,Blue,Ruta 1,10,172,True,2026-02-21 14:00:00
7982,185,Brock,Isla Canela,48,691,False,2026-06-12 19:00:00
7983,144,Blue,Cueva Celeste,93,2427,False,2026-04-29 19:00:00
7984,81,Red,Isla Canela,54,351,True,2026-06-29 18:00:00
7985,42,Blue,Isla Canela,25,397,False,2026-05-17 03:00:00
7986,77,Red,Zona Safari,4,32,True,2026-03-24 15:00:00
7987,112,Ash,Monte Moon,59,1003,False,2026-03-25 18:00:00
7988,96,Ash,Ruta 1,13,85,False,2026-02-03 13:00:00
7989,127,Red,Bosque Verde,61,1067,True,2026-04-13 19:00:00
7990,109,Blue,Bosque Verde,81,550,True,2026-03-10 19:00:00
7991,157,Blue,Bosque Verde,85,2040,False,2026-05-20 06:00:00
7992,96,Blue,Cueva Celeste,91,600,False,2026-04-04 17:00:00
7993,14,Ash,Isla Canela,62,446,True,2026-06-26 01:00:00
7994,48,Brock,Ruta 1,67,408,True,2026-01-10 10:00:00
7995,89,Misty,Monte Moon,1,17,True,2026-06-08 15:00:00
7996,198,Misty,Isla Canela,65,526,True,2026-01-26 00:00:00
7997,10,Red,Zona Safari,53,206,False,2026-06-02 13:00:00
7998,164,Brock,Monte Moon,50,790,True,2026-01-15 16:00:00
7999,124,Blue,Monte Moon,69,1097,False,2026-04-07 06:00:00
8000,92,Blue,Monte Moon,6,37,True,2026-03-27 19:00:00
8001,182,Ash,Zona Safari,3,66,False,2026-06-01 12:00:00
8002,125,Leaf,Monte Moon,66,1135,False,2026-04-04 14:00:00
8003,125,Red,Cueva Celeste,17,292,True,2026-02-02 02:00:00
8004,1,Leaf,Bosque Verde,47,300,False,2026-06-03 13:00:00
8005,105,Brock,Bosque Verde,45,670,False,2026-02-14 12:00:00
8006,19,Red,Cueva Celeste,85,433,False,2026-06-28 15:00:00
8007,159,Red,Cueva Celeste,74,1050,True,2026-02-09 05:00:00
8008,102,Misty,Ruta 1,14,91,True,2026-01-08 00:00:00
8009,61,Misty,Zona Safari,69,931,False,2026-04-09 19:00:00
8010,33,Blue,Zona Safari,25,320,False,2026-03-19 17:00:00
8011,99,Blue,Monte Moon,54,896,True,2026-04-18 00:00:00
8012,181,Leaf,Monte Moon,22,506,False,2026-05-26 00:00:00
8013,141,Red,Ruta 1,36,622,True,2026-06-09 00:00:00
8014,108,Blue,Monte Moon,26,200,False,2026-03-03 15:00:00
8015,164,Leaf,Isla Canela,95,1501,False,2026-02-08 09:00:00
8016,200,Red,Isla Canela,85,739,False,2026-03-04 05:00:00
8017,188,Brock,Zona Safari,44,523,False,2026-03-01 04:00:00
8018,133,Red,Bosque Verde,17,110,False,2026-02-19 11:00:00
8019,117,Ash,Ruta 1,34,523,True,2026-02-12 03:00:00
8020,101,Misty,Monte Moon,23,395,True,2026-03-12 16:00:00
8021,95,Blue,Bosque Verde,4,30,False,2026-01-02 19:00:00
8022,98,Blue,Bosque Verde,47,305,True,2026-04-16 23:00:00
8023,97,Red,Ruta 1,53,895,False,2026-05-12 21:00:00
8024,174,Leaf,Zona Safari,54,226,False,2026-04-12 10:00:00
8025,115,Ash,Monte Moon,32,550,False,2026-01-19 01:00:00
8026,86,Red,Bosque Verde,54,351,True,2026-06-16 02:00:00
8027,76,Misty,Monte Moon,17,379,False,2026-04-11 22:00:00
8028,177,Red,Ruta 1,77,492,True,2026-03-01 22:00:00
8029,58,Leaf,Zona Safari,14,98,True,2026-03-05 23:00:00
8030,30,Leaf,Zona Safari,59,755,True,2026-05-15 09:00:00
8031,163,Blue,Cueva Celeste,2,10,True,2026-03-30 23:00:00
8032,169,Blue,Ruta 1,51,1229,True,2026-06-14 16:00:00
8033,115,Brock,Isla Canela,6,103,False,2026-06-21 01:00:00
8034,34,Ash,Cueva Celeste,51,1157,False,2026-04-09 19:00:00
8035,179,Red,Monte Moon,10,56,True,2026-06-04 03:00:00
8036,167,Leaf,Cueva Celeste,10,50,False,2026-02-26 10:00:00
8037,161,Ash,Monte Moon,86,369,False,2026-05-23 06:00:00
8038,32,Brock,Ruta 1,99,544,True,2026-01-25 03:00:00
8039,190,Misty,Cueva Celeste,96,691,False,2026-01-14 05:00:00
8040,74,Ash,Ruta 1,25,150,False,2026-02-19 14:00:00
8041,200,Leaf,Bosque Verde,24,208,True,2026-05-02 12:00:00
8042,187,Ash,Bosque Verde,71,355,True,2026-02-28 18:00:00
8043,113,Red,Isla Canela,26,1027,True,2026-01-21 16:00:00
8044,69,Blue,Ruta 1,53,318,True,2026-01-01 06:00:00
8045,170,Red,Bosque Verde,14,92,False,2026-03-06 03:00:00
8046,165,Misty,Monte Moon,32,169,True,2026-04-12 18:00:00
8047,169,Ash,Monte Moon,46,1108,False,2026-04-25 06:00:00
8048,53,Blue,Cueva Celeste,54,831,True,2026-05-22 07:00:00
8049,1,Blue,Monte Moon,95,608,False,2026-02-01 17:00:00
8050,75,Brock,Cueva Celeste,53,726,False,2026-04-06 14:00:00
8051,122,Ash,Isla Canela,41,660,True,2026-06-13 07:00:00
8052,180,Ash,Isla Canela,50,640,True,2026-04-18 01:00:00
8053,13,Misty,Cueva Celeste,74,288,False,2026-03-22 13:00:00
8054,25,Leaf,Zona Safari,45,504,False,2026-01-10 09:00:00
8055,119,Misty,Monte Moon,91,1437,True,2026-01-04 17:00:00
8056,61,Ash,Monte Moon,93,1255,False,2026-01-16 01:00:00
8057,124,Leaf,Bosque Verde,75,1192,False,2026-06-20 12:00:00
8058,98,Misty,Monte Moon,90,585,False,2026-05-02 02:00:00
8059,8,Misty,Ruta 1,37,525,True,2026-03-19 23:00:00
8060,117,Misty,Zona Safari,64,985,False,2026-02-22 16:00:00
8061,186,Ash,Monte Moon,36,810,False,2026-06-06 03:00:00
8062,117,Red,Bosque Verde,81,1247,True,2026-06-11 06:00:00
8063,8,Leaf,Isla Canela,62,880,False,2026-03-10 00:00:00
8064,194,Misty,Monte Moon,25,105,False,2026-03-26 20:00:00
8065,28,Brock,Zona Safari,48,758,True,2026-05-03 09:00:00
8066,14,Ash,Cueva Celeste,76,547,False,2026-04-28 02:00:00
8067,6,Blue,Zona Safari,8,192,False,2026-01-30 06:00:00
8068,141,Leaf,Ruta 1,28,484,True,2026-05-25 20:00:00
8069,24,Ash,Monte Moon,91,1428,False,2026-02-07 23:00:00
8070,94,Brock,Zona Safari,68,1530,True,2026-06-24 02:00:00
8071,30,Brock,Zona Safari,26,332,True,2026-04-28 05:00:00
8072,63,Ash,Zona Safari,79,489,True,2026-01-21 00:00:00
8073,25,Misty,Monte Moon,79,884,True,2026-03-21 01:00:00
8074,183,Misty,Ruta 1,7,61,True,2026-01-09 10:00:00
8075,162,Misty,Bosque Verde,45,652,False,2026-01-16 03:00:00
8076,189,Blue,Bosque Verde,73,1511,True,2026-01-30 05:00:00
8077,160,Red,Ruta 1,14,334,False,2026-04-30 19:00:00
8078,191,Ash,Cueva Celeste,80,288,False,2026-05-26 01:00:00
8079,43,Red,Zona Safari,47,300,True,2026-01-04 07:00:00
8080,154,Misty,Isla Canela,69,1628,True,2026-06-06 07:00:00
8081,130,Misty,Cueva Celeste,93,1757,True,2026-05-13 23:00:00
8082,114,Leaf,Isla Canela,78,678,True,2026-05-30 23:00:00
8083,154,Ash,Isla Canela,51,1203,False,2026-03-19 04:00:00
8084,71,Brock,Cueva Celeste,36,795,True,2026-06-01 05:00:00
8085,196,Red,Monte Moon,58,1067,False,2026-06-19 03:00:00
8086,197,Ash,Isla Canela,71,1306,True,2026-02-18 20:00:00
8087,147,Ash,Cueva Celeste,62,372,True,2026-02-26 19:00:00
8088,103,Ash,Bosque Verde,13,241,True,2026-03-21 06:00:00
8089,176,Brock,Cueva Celeste,43,610,True,2026-05-06 11:00:00
8090,1,Brock,Ruta 1,76,486,False,2026-01-25 12:00:00
8091,92,Leaf,Zona Safari,5,31,True,2026-04-18 07:00:00
8092,38,Red,Zona Safari,55,973,False,2026-01-05 21:00:00
8093,20,Red,Bosque Verde,45,652,False,2026-03-22 13:00:00
8094,163,Ash,Ruta 1,8,41,True,2026-04-14 20:00:00
8095,92,Ash,Ruta 1,54,334,True,2026-01-09 15:00:00
8096,24,Misty,Monte Moon,81,1271,False,2026-04-15 09:00:00
8097,74,Red,Monte Moon,69,414,True,2026-02-07 06:00:00
8098,192,Leaf,Monte Moon,68,1013,True,2026-02-06 21:00:00
8099,133,Brock,Zona Safari,40,260,False,2026-03-12 17:00:00
8100,108,Brock,Monte Moon,33,254,False,2026-01-13 20:00:00
8101,65,Blue,Cueva Celeste,8,180,True,2026-02-03 07:00:00
8102,98,Blue,Isla Canela,5,32,True,2026-01-06 23:00:00
8103,150,Blue,Cueva Celeste,70,2142,False,2026-02-25 01:00:00
8104,42,Brock,Bosque Verde,28,445,True,2026-06-19 18:00:00
8105,89,Leaf,Bosque Verde,22,385,False,2026-02-09 10:00:00
8106,117,Misty,Cueva Celeste,56,862,False,2026-01-26 17:00:00
8107,50,Blue,Cueva Celeste,10,53,False,2026-03-31 09:00:00
8108,108,Blue,Cueva Celeste,10,77,False,2026-02-05 09:00:00
8109,114,Blue,Zona Safari,34,295,False,2026-02-18 05:00:00
8110,31,Red,Isla Canela,63,1430,True,2026-02-27 17:00:00
8111,128,Leaf,Cueva Celeste,87,1496,True,2026-04-22 20:00:00
8112,96,Red,Bosque Verde,26,171,True,2026-03-02 08:00:00
8113,79,Red,Zona Safari,77,485,True,2026-04-07 18:00:00
8114,160,Leaf,Bosque Verde,86,2055,False,2026-04-15 19:00:00
8115,77,Blue,Bosque Verde,60,492,True,2026-03-03 19:00:00
8116,175,Blue,Isla Canela,58,284,False,2026-05-12 18:00:00
8117,60,Misty,Bosque Verde,1,6,True,2026-04-08 03:00:00
8118,25,Brock,Isla Canela,10,112,True,2026-02-03 00:00:00
8119,180,Blue,Bosque Verde,33,422,True,2026-05-02 09:00:00
8120,108,Brock,Bosque Verde,22,169,True,2026-03-26 23:00:00
8121,152,Brock,Isla Canela,57,364,True,2026-01-04 22:00:00
8122,158,Misty,Isla Canela,36,226,False,2026-01-04 05:00:00
8123,140,Blue,Zona Safari,50,355,False,2026-04-13 07:00:00
8124,109,Brock,Cueva Celeste,44,299,False,2026-05-13 01:00:00
8125,145,Leaf,Bosque Verde,45,1174,True,2026-04-01 09:00:00
8126,118,Misty,Monte Moon,59,377,True,2026-02-08 17:00:00
8127,20,Misty,Ruta 1,41,594,True,2026-04-14 05:00:00
8128,58,Brock,Monte Moon,38,266,False,2026-03-31 04:00:00
8129,44,Ash,Isla Canela,21,289,True,2026-02-01 01:00:00
8130,51,Ash,Ruta 1,69,1028,False,2026-02-05 00:00:00
8131,105,Leaf,Cueva Celeste,100,1490,False,2026-05-03 17:00:00
8132,180,Ash,Monte Moon,71,908,False,2026-02-05 01:00:00
8133,147,Ash,Zona Safari,64,384,True,2026-02-27 04:00:00
8134,72,Ash,Bosque Verde,86,576,False,2026-01-12 09:00:00
8135,72,Blue,Bosque Verde,27,180,False,2026-02-07 19:00:00
8136,128,Red,Ruta 1,20,344,True,2026-06-12 11:00:00
8137,176,Red,Monte Moon,91,1292,True,2026-03-03 10:00:00
8138,141,Ash,Ruta 1,87,1505,True,2026-02-21 18:00:00
8139,25,Ash,Isla Canela,57,638,True,2026-02-19 12:00:00
8140,146,Blue,Cueva Celeste,97,2531,False,2026-01-16 11:00:00
8141,175,Misty,Isla Canela,20,98,True,2026-02-21 10:00:00
8142,132,Leaf,Cueva Celeste,24,242,False,2026-01-04 21:00:00
8143,127,Red,Bosque Verde,69,1207,False,2026-03-15 06:00:00
8144,31,Misty,Isla Canela,61,1384,True,2026-01-31 16:00:00
8145,2,Brock,Cueva Celeste,57,809,True,2026-03-25 23:00:00
8146,163,Ash,Zona Safari,60,312,False,2026-06-20 05:00:00
8147,96,Leaf,Cueva Celeste,64,422,True,2026-06-14 11:00:00
8148,108,Ash,Cueva Celeste,25,192,False,2026-06-09 13:00:00
8149,31,Ash,Zona Safari,49,1112,True,2026-04-08 09:00:00
8150,129,Misty,Zona Safari,24,96,False,2026-05-10 00:00:00
8151,129,Brock,Monte Moon,81,324,False,2026-04-06 12:00:00
8152,156,Misty,Cueva Celeste,31,440,True,2026-01-22 23:00:00
8153,8,Brock,Cueva Celeste,52,738,True,2026-02-25 07:00:00
8154,78,Brock,Isla Canela,95,1662,True,2026-04-13 16:00:00
8155,86,Blue,Monte Moon,10,65,True,2026-01-31 07:00:00
8156,56,Misty,Monte Moon,98,597,True,2026-02-10 08:00:00
8157,149,Brock,Monte Moon,49,1323,False,2026-03-16 13:00:00
8158,155,Misty,Zona Safari,44,272,False,2026-01-02 08:00:00
8159,151,Ash,Bosque Verde,95,2565,False,2026-01-24 14:00:00
8160,191,Misty,Isla Canela,50,180,True,2026-04-05 02:00:00
8161,47,Leaf,Isla Canela,14,198,False,2026-06-25 09:00:00
8162,111,Brock,Cueva Celeste,62,427,False,2026-02-15 08:00:00
8163,6,Red,Bosque Verde,53,1272,True,2026-01-02 12:00:00
8164,82,Ash,Zona Safari,31,505,True,2026-03-03 19:00:00
8165,33,Misty,Monte Moon,41,524,True,2026-01-23 15:00:00
8166,171,Red,Zona Safari,9,144,True,2026-05-16 03:00:00
8167,71,Brock,Zona Safari,94,2077,False,2026-04-09 19:00:00
8168,32,Leaf,Cueva Celeste,24,132,True,2026-04-10 21:00:00
8169,38,Red,Monte Moon,90,1593,True,2026-01-19 02:00:00
8170,46,Brock,Zona Safari,51,290,False,2026-04-23 00:00:00
8171,85,Ash,Zona Safari,2,33,True,2026-06-02 11:00:00
8172,185,Misty,Bosque Verde,94,1353,True,2026-01-01 10:00:00
8173,171,Ash,Zona Safari,81,1304,False,2026-04-24 03:00:00
8174,39,Leaf,Zona Safari,87,826,True,2026-02-16 15:00:00
8175,130,Misty,Isla Canela,93,1757,True,2026-06-06 11:00:00
8176,160,Red,Zona Safari,6,143,True,2026-01-31 07:00:00
8177,150,Brock,Zona Safari,60,1836,True,2026-03-04 12:00:00
8178,83,Red,Cueva Celeste,86,1135,False,2026-04-02 22:00:00
8179,143,Brock,Cueva Celeste,33,623,False,2026-02-23 00:00:00
8180,123,Red,Cueva Celeste,79,790,False,2026-03-20 08:00:00
8181,143,Brock,Zona Safari,68,1285,False,2026-05-10 16:00:00
8182,157,Leaf,Bosque Verde,83,1992,True,2026-04-18 15:00:00
8183,191,Leaf,Isla Canela,40,144,True,2026-04-19 06:00:00
8184,118,Ash,Zona Safari,36,230,True,2026-04-12 03:00:00
8185,171,Brock,Cueva Celeste,29,466,False,2026-05-31 03:00:00
8186,80,Brock,Ruta 1,3,51,False,2026-03-15 18:00:00
8187,86,Misty,Isla Canela,44,286,True,2026-01-17 02:00:00
8188,117,Misty,Isla Canela,41,631,True,2026-01-26 20:00:00
8189,191,Blue,Isla Canela,72,259,True,2026-04-20 16:00:00
8190,76,Misty,Monte Moon,14,312,False,2026-04-18 09:00:00
8191,58,Blue,Cueva Celeste,84,588,False,2026-02-26 15:00:00
8192,119,Blue,Cueva Celeste,66,1042,False,2026-05-09 09:00:00
8193,128,Brock,Ruta 1,51,877,False,2026-05-18 17:00:00
8194,103,Leaf,Ruta 1,80,1488,False,2026-06-28 07:00:00
8195,38,Blue,Ruta 1,50,885,True,2026-04-06 13:00:00
8196,88,Misty,Monte Moon,26,169,True,2026-01-31 07:00:00
8197,125,Red,Cueva Celeste,36,619,True,2026-02-22 22:00:00
8198,44,Misty,Cueva Celeste,39,538,True,2026-06-29 14:00:00
8199,47,Red,Ruta 1,12,170,False,2026-05-13 06:00:00
8200,11,Blue,Isla Canela,42,302,True,2026-06-24 00:00:00
8201,172,Leaf,Zona Safari,64,262,False,2026-03-12 23:00:00
8202,33,Misty,Ruta 1,62,793,False,2026-02-03 12:00:00
8203,33,Misty,Monte Moon,53,678,False,2026-04-27 03:00:00
8204,76,Ash,Ruta 1,28,624,True,2026-05-04 04:00:00
8205,97,Blue,Ruta 1,47,794,False,2026-03-02 13:00:00
8206,88,Blue,Isla Canela,23,149,False,2026-02-05 20:00:00
8207,5,Misty,Ruta 1,38,539,False,2026-05-14 23:00:00
8208,99,Blue,Isla Canela,76,1261,False,2026-02-18 20:00:00
8209,45,Leaf,Cueva Celeste,21,464,True,2026-03-24 22:00:00
8210,6,Ash,Zona Safari,81,1944,True,2026-02-23 09:00:00
8211,51,Red,Zona Safari,48,715,False,2026-05-28 23:00:00
8212,74,Brock,Bosque Verde,26,156,False,2026-03-18 02:00:00
8213,17,Red,Zona Safari,69,841,False,2026-05-31 23:00:00
8214,75,Misty,Monte Moon,26,356,False,2026-03-17 04:00:00
8215,150,Red,Ruta 1,11,336,False,2026-05-05 10:00:00
8216,155,Red,Zona Safari,78,483,False,2026-04-05 23:00:00
8217,148,Blue,Monte Moon,30,441,True,2026-03-15 16:00:00
8218,53,Blue,Bosque Verde,90,1386,True,2026-03-17 20:00:00
8219,53,Leaf,Isla Canela,59,908,True,2026-01-13 17:00:00
8220,17,Brock,Ruta 1,32,390,True,2026-03-01 22:00:00
8221,180,Brock,Zona Safari,91,1164,False,2026-04-22 19:00:00
8222,155,Red,Cueva Celeste,47,291,False,2026-04-13 13:00:00
8223,7,Blue,Zona Safari,2,12,True,2026-04-22 11:00:00
8224,65,Blue,Ruta 1,92,2070,True,2026-05-26 07:00:00
8225,29,Red,Zona Safari,1,5,True,2026-02-06 23:00:00
8226,177,Blue,Isla Canela,92,588,False,2026-02-14 03:00:00
8227,117,Leaf,Cueva Celeste,91,1401,True,2026-03-25 06:00:00
8228,173,Misty,Zona Safari,23,101,True,2026-03-27 22:00:00
8229,119,Brock,Ruta 1,80,1264,True,2026-04-03 06:00:00
8230,75,Blue,Bosque Verde,7,95,False,2026-01-15 02:00:00
8231,58,Blue,Bosque Verde,67,469,True,2026-06-01 02:00:00
8232,3,Ash,Zona Safari,63,1486,True,2026-06-07 03:00:00
8233,141,Blue,Zona Safari,26,449,True,2026-06-08 02:00:00
8234,75,Misty,Monte Moon,10,137,False,2026-02-19 15:00:00
8235,141,Brock,Cueva Celeste,50,865,True,2026-04-07 18:00:00
8236,24,Ash,Isla Canela,9,141,True,2026-03-02 18:00:00
8237,163,Ash,Bosque Verde,83,431,True,2026-02-01 00:00:00
8238,117,Misty,Ruta 1,89,1370,False,2026-06-28 06:00:00
8239,130,Brock,Ruta 1,34,642,True,2026-05-16 09:00:00
8240,23,Misty,Zona Safari,63,365,False,2026-01-22 13:00:00
8241,142,Red,Cueva Celeste,39,702,False,2026-04-07 20:00:00
8242,120,Leaf,Ruta 1,81,550,False,2026-04-20 06:00:00
8243,115,Misty,Isla Canela,6,103,True,2026-05-10 17:00:00
8244,11,Leaf,Monte Moon,93,669,False,2026-04-23 00:00:00
8245,108,Misty,Ruta 1,20,154,False,2026-02-17 01:00:00
8246,137,Ash,Zona Safari,42,331,True,2026-02-09 21:00:00
8247,33,Brock,Monte Moon,42,537,True,2026-02-25 04:00:00
8248,190,Leaf,Monte Moon,74,532,True,2026-05-21 11:00:00
8249,157,Ash,Isla Canela,26,624,True,2026-05-29 01:00:00
8250,191,Brock,Bosque Verde,79,284,True,2026-06-26 00:00:00
8251,139,Blue,Zona Safari,16,276,False,2026-04-22 00:00:00
8252,197,Brock,Bosque Verde,39,717,True,2026-05-28 14:00:00
8253,102,Blue,Zona Safari,100,650,False,2026-04-28 20:00:00
8254,32,Red,Zona Safari,33,181,True,2026-01-17 01:00:00
8255,70,Misty,Monte Moon,53,726,False,2026-05-21 05:00:00
8256,60,Ash,Zona Safari,16,96,False,2026-03-27 16:00:00
8257,178,Misty,Zona Safari,43,709,True,2026-02-10 03:00:00
8258,1,Leaf,Ruta 1,13,83,True,2026-01-01 17:00:00
8259,106,Blue,Cueva Celeste,71,1128,False,2026-06-17 02:00:00
8260,2,Blue,Monte Moon,19,269,True,2026-04-25 00:00:00
8261,91,Brock,Ruta 1,31,570,True,2026-04-17 17:00:00
8262,164,Brock,Ruta 1,42,663,True,2026-03-03 16:00:00
8263,170,Red,Isla Canela,50,330,True,2026-05-07 06:00:00
8264,170,Red,Isla Canela,80,528,False,2026-01-07 17:00:00
8265,75,Red,Monte Moon,57,780,True,2026-03-08 12:00:00
8266,83,Blue,Bosque Verde,3,39,False,2026-03-12 12:00:00
8267,182,Misty,Isla Canela,36,795,True,2026-05-10 21:00:00
8268,37,Ash,Isla Canela,20,120,True,2026-02-24 09:00:00
8269,41,Brock,Ruta 1,98,480,True,2026-02-14 08:00:00
8270,9,Red,Bosque Verde,49,1171,True,2026-03-08 17:00:00
8271,121,Red,Monte Moon,68,1237,False,2026-01-24 09:00:00
8272,5,Brock,Ruta 1,66,937,False,2026-02-24 08:00:00
8273,114,Ash,Zona Safari,94,817,False,2026-02-28 21:00:00
8274,195,Misty,Zona Safari,14,211,True,2026-01-09 11:00:00
8275,6,Brock,Isla Canela,53,1272,True,2026-01-14 12:00:00
8276,128,Misty,Bosque Verde,59,1014,True,2026-02-01 21:00:00
8277,66,Leaf,Isla Canela,71,433,False,2026-01-04 04:00:00
8278,87,Blue,Isla Canela,6,99,True,2026-06-22 02:00:00
8279,36,Brock,Monte Moon,46,998,True,2026-04-03 10:00:00
8280,56,Misty,Isla Canela,23,140,True,2026-03-25 08:00:00
8281,88,Brock,Cueva Celeste,81,526,False,2026-05-27 05:00:00
8282,61,Ash,Zona Safari,2,27,True,2026-05-13 13:00:00
8283,38,Misty,Isla Canela,52,920,True,2026-05-28 09:00:00
8284,133,Red,Cueva Celeste,43,279,True,2026-04-11 06:00:00
8285,95,Leaf,Bosque Verde,77,592,True,2026-06-16 15:00:00
8286,125,Brock,Zona Safari,20,344,True,2026-02-02 11:00:00
8287,145,Misty,Ruta 1,44,1148,False,2026-01-13 13:00:00
8288,196,Misty,Zona Safari,80,1472,True,2026-06-10 05:00:00
8289,102,Misty,Monte Moon,99,643,False,2026-06-25 14:00:00
8290,198,Leaf,Monte Moon,72,583,False,2026-01-14 21:00:00
8291,184,Ash,Isla Canela,49,926,False,2026-04-05 16:00:00
8292,181,Brock,Bosque Verde,94,2162,True,2026-04-10 18:00:00
8293,157,Brock,Isla Canela,42,1008,True,2026-04-30 04:00:00
8294,7,Brock,Bosque Verde,53,333,False,2026-03-20 12:00:00
8295,71,Leaf,Bosque Verde,3,66,False,2026-04-12 09:00:00
8296,73,Blue,Monte Moon,48,864,False,2026-05-18 01:00:00
8297,91,Ash,Ruta 1,100,1840,True,2026-03-23 14:00:00
8298,186,Leaf,Bosque Verde,14,315,True,2026-02-14 14:00:00
8299,143,Red,Isla Canela,35,661,True,2026-01-19 20:00:00
8300,39,Misty,Cueva Celeste,75,712,False,2026-02-14 17:00:00
8301,146,Blue,Isla Canela,62,1618,False,2026-04-06 02:00:00
8302,188,Leaf,Zona Safari,61,725,True,2026-06-23 23:00:00
8303,104,Brock,Zona Safari,57,364,True,2026-02-09 09:00:00
8304,186,Brock,Bosque Verde,41,922,True,2026-05-24 22:00:00
8305,150,Blue,Ruta 1,81,2478,False,2026-01-10 11:00:00
8306,153,Misty,Zona Safari,28,397,True,2026-04-15 10:00:00
8307,13,Misty,Cueva Celeste,48,187,True,2026-04-02 14:00:00
8308,8,Ash,Bosque Verde,81,1150,True,2026-03-17 14:00:00
8309,56,Leaf,Monte Moon,19,115,False,2026-06-12 06:00:00
8310,148,Leaf,Ruta 1,23,338,False,2026-03-16 19:00:00
8311,36,Leaf,Cueva Celeste,90,1953,False,2026-02-25 20:00:00
8312,32,Leaf,Zona Safari,68,374,False,2026-06-29 11:00:00
8313,137,Blue,Bosque Verde,3,23,False,2026-04-14 13:00:00
8314,53,Blue,Ruta 1,6,92,True,2026-03-12 12:00:00
8315,69,Misty,Isla Canela,97,582,False,2026-03-10 18:00:00
8316,107,Red,Cueva Celeste,46,731,False,2026-02-11 19:00:00
8317,69,Red,Bosque Verde,54,324,True,2026-04-19 19:00:00
8318,18,Misty,Ruta 1,46,993,False,2026-06-11 04:00:00
8319,123,Misty,Cueva Celeste,75,750,False,2026-02-27 23:00:00
8320,104,Ash,Isla Canela,73,467,True,2026-04-23 07:00:00
8321,67,Leaf,Cueva Celeste,93,1320,True,2026-05-24 16:00:00
8322,200,Blue,Isla Canela,80,696,False,2026-03-08 07:00:00
8323,153,Red,Ruta 1,36,511,True,2026-03-20 21:00:00
8324,198,Leaf,Monte Moon,41,332,False,2026-06-15 16:00:00
8325,98,Red,Ruta 1,9,58,True,2026-03-28 00:00:00
8326,36,Ash,Zona Safari,98,2126,True,2026-02-04 06:00:00
8327,148,Leaf,Cueva Celeste,23,338,True,2026-05-25 17:00:00
8328,157,Leaf,Monte Moon,40,960,True,2026-04-16 15:00:00
8329,57,Ash,Cueva Celeste,13,206,True,2026-02-04 07:00:00
8330,170,Brock,Cueva Celeste,69,455,False,2026-06-06 23:00:00
8331,156,Blue,Bosque Verde,18,255,True,2026-05-10 12:00:00
8332,166,Leaf,Ruta 1,4,54,False,2026-01-21 16:00:00
8333,49,Ash,Isla Canela,20,316,True,2026-05-07 01:00:00
8334,63,Red,Ruta 1,81,502,False,2026-06-02 19:00:00
8335,137,Leaf,Zona Safari,69,545,False,2026-04-06 17:00:00
8336,26,Ash,Monte Moon,59,1286,False,2026-06-06 08:00:00
8337,125,Ash,Cueva Celeste,50,860,True,2026-04-08 17:00:00
8338,129,Blue,Ruta 1,20,80,True,2026-03-29 12:00:00
8339,171,Ash,Cueva Celeste,91,1465,False,2026-04-11 10:00:00
8340,160,Brock,Zona Safari,48,1147,False,2026-03-05 07:00:00
8341,4,Leaf,Isla Canela,28,173,False,2026-05-25 05:00:00
8342,15,Ash,Ruta 1,37,658,False,2026-05-27 06:00:00
8343,99,Red,Cueva Celeste,16,265,True,2026-01-13 05:00:00
8344,196,Blue,Zona Safari,70,1288,False,2026-05-26 12:00:00
8345,36,Ash,Monte Moon,33,716,True,2026-03-15 09:00:00
8346,199,Red,Monte Moon,82,1410,False,2026-03-26 15:00:00
8347,38,Blue,Isla Canela,73,1292,True,2026-03-10 04:00:00
8348,118,Blue,Ruta 1,97,620,False,2026-02-25 13:00:00
8349,174,Blue,Zona Safari,55,231,True,2026-04-06 22:00:00
8350,127,Red,Ruta 1,90,1575,True,2026-01-20 07:00:00
8351,123,Ash,Ruta 1,39,390,False,2026-04-29 08:00:00
8352,96,Leaf,Monte Moon,62,409,False,2026-06-13 05:00:00
8353,180,Red,Isla Canela,35,448,False,2026-04-20 10:00:00
8354,18,Misty,Zona Safari,78,1684,False,2026-02-24 05:00:00
8355,132,Leaf,Monte Moon,50,505,True,2026-03-17 07:00:00
8356,14,Ash,Zona Safari,38,273,True,2026-01-13 21:00:00
8357,168,Misty,Bosque Verde,19,266,True,2026-01-14 01:00:00
8358,44,Brock,Ruta 1,70,966,False,2026-05-03 17:00:00
8359,71,Leaf,Monte Moon,3,66,True,2026-01-11 13:00:00
8360,79,Brock,Cueva Celeste,18,113,False,2026-03-11 18:00:00
8361,133,Blue,Cueva Celeste,64,416,True,2026-06-11 04:00:00
8362,185,Leaf,Ruta 1,1,14,True,2026-03-03 19:00:00
8363,58,Misty,Bosque Verde,72,504,False,2026-01-03 02:00:00
8364,58,Ash,Monte Moon,3,21,False,2026-05-09 03:00:00
8365,95,Leaf,Monte Moon,20,154,True,2026-02-20 10:00:00
8366,186,Brock,Cueva Celeste,73,1642,True,2026-03-13 08:00:00
8367,106,Misty,Monte Moon,65,1033,True,2026-02-15 11:00:00
8368,113,Red,Ruta 1,61,2409,True,2026-03-10 01:00:00
8369,15,Brock,Isla Canela,29,516,False,2026-01-17 00:00:00
8370,154,Brock,Isla Canela,31,731,True,2026-01-11 08:00:00
8371,142,Leaf,Monte Moon,99,1782,True,2026-04-21 00:00:00
8372,20,Brock,Cueva Celeste,24,348,True,2026-01-16 17:00:00
8373,10,Ash,Ruta 1,27,105,True,2026-02-12 02:00:00
8374,78,Brock,Zona Safari,70,1225,False,2026-06-07 10:00:00
8375,13,Leaf,Isla Canela,5,19,True,2026-06-29 11:00:00
8376,20,Misty,Bosque Verde,42,609,False,2026-02-08 10:00:00
8377,151,Ash,Bosque Verde,86,2322,False,2026-02-06 03:00:00
8378,191,Ash,Bosque Verde,89,320,True,2026-06-10 08:00:00
8379,90,Ash,Isla Canela,71,433,False,2026-06-17 00:00:00
8380,105,Red,Bosque Verde,40,596,True,2026-04-24 19:00:00
8381,101,Misty,Isla Canela,32,550,False,2026-03-13 12:00:00
8382,27,Red,Ruta 1,49,294,True,2026-02-20 09:00:00
8383,147,Leaf,Cueva Celeste,24,144,False,2026-06-30 13:00:00
8384,86,Leaf,Monte Moon,18,117,False,2026-01-10 08:00:00
8385,112,Misty,Ruta 1,81,1377,True,2026-02-19 03:00:00
8386,47,Blue,Bosque Verde,10,142,False,2026-03-28 07:00:00
8387,5,Brock,Monte Moon,63,894,True,2026-03-21 02:00:00
8388,67,Ash,Cueva Celeste,8,113,False,2026-02-01 09:00:00
8389,79,Blue,Ruta 1,50,315,True,2026-04-26 23:00:00
8390,126,Red,Isla Canela,62,1072,False,2026-06-08 13:00:00
8391,6,Brock,Ruta 1,70,1680,False,2026-04-18 11:00:00
8392,148,Misty,Cueva Celeste,73,1073,True,2026-04-01 00:00:00
8393,161,Blue,Zona Safari,94,404,False,2026-06-21 00:00:00
8394,178,Brock,Bosque Verde,86,1419,False,2026-03-25 07:00:00
8395,55,Brock,Zona Safari,12,210,False,2026-02-07 03:00:00
8396,43,Blue,Isla Canela,9,57,True,2026-06-30 02:00:00
8397,98,Red,Bosque Verde,68,442,False,2026-06-06 07:00:00
8398,162,Leaf,Ruta 1,78,1131,True,2026-03-13 14:00:00
8399,1,Brock,Ruta 1,45,288,False,2026-02-03 01:00:00
8400,129,Brock,Zona Safari,93,372,True,2026-06-10 09:00:00
8401,105,Brock,Cueva Celeste,75,1117,False,2026-04-16 06:00:00
8402,78,Red,Cueva Celeste,73,1277,True,2026-05-10 11:00:00
8403,185,Blue,Bosque Verde,10,144,False,2026-04-16 23:00:00
8404,31,Brock,Bosque Verde,41,930,False,2026-02-24 19:00:00
8405,68,Red,Isla Canela,84,1906,False,2026-06-02 12:00:00
8406,142,Red,Monte Moon,83,1494,True,2026-05-18 00:00:00
8407,126,Blue,Isla Canela,26,449,True,2026-06-21 14:00:00
8408,50,Ash,Zona Safari,5,26,False,2026-06-07 12:00:00
8409,143,Leaf,Bosque Verde,5,94,False,2026-03-27 15:00:00
8410,77,Misty,Zona Safari,85,697,False,2026-06-16 17:00:00
8411,149,Misty,Isla Canela,8,216,True,2026-05-30 03:00:00
8412,15,Blue,Monte Moon,17,302,True,2026-06-20 06:00:00
8413,93,Leaf,Bosque Verde,37,525,True,2026-05-25 04:00:00
8414,183,Red,Zona Safari,88,774,True,2026-05-25 00:00:00
8415,68,Misty,Bosque Verde,97,2201,False,2026-05-10 04:00:00
8416,80,Ash,Bosque Verde,18,309,False,2026-02-07 07:00:00
8417,184,Red,Isla Canela,13,245,False,2026-06-03 12:00:00
8418,4,Misty,Cueva Celeste,82,508,False,2026-01-17 06:00:00
8419,154,Misty,Ruta 1,59,1392,True,2026-01-07 19:00:00
8420,35,Ash,Isla Canela,57,644,True,2026-02-09 02:00:00
8421,192,Blue,Isla Canela,29,432,False,2026-03-24 04:00:00
8422,26,Ash,Bosque Verde,35,763,False,2026-03-11 06:00:00
8423,15,Blue,Monte Moon,98,1744,True,2026-01-24 17:00:00
8424,174,Brock,Zona Safari,35,147,False,2026-01-31 00:00:00
8425,173,Ash,Isla Canela,100,440,False,2026-06-22 05:00:00
8426,135,Red,Monte Moon,53,975,True,2026-03-14 13:00:00
8427,56,Brock,Isla Canela,24,146,True,2026-03-11 11:00:00
8428,83,Misty,Monte Moon,89,1174,True,2026-06-27 08:00:00
8429,31,Blue,Isla Canela,9,204,True,2026-02-18 13:00:00
8430,8,Red,Ruta 1,78,1107,True,2026-06-26 03:00:00
8431,110,Misty,Isla Canela,95,1634,True,2026-04-04 00:00:00
8432,46,Blue,Zona Safari,75,427,True,2026-04-23 21:00:00
8433,69,Leaf,Cueva Celeste,84,504,True,2026-01-04 01:00:00
8434,198,Red,Bosque Verde,68,550,True,2026-04-13 10:00:00
8435,41,Misty,Isla Canela,52,254,False,2026-06-01 17:00:00
8436,42,Ash,Bosque Verde,93,1478,False,2026-04-12 14:00:00
8437,26,Leaf,Ruta 1,93,2027,False,2026-06-17 20:00:00
8438,102,Brock,Bosque Verde,2,13,False,2026-03-06 16:00:00
8439,63,Leaf,Bosque Verde,77,477,False,2026-03-07 06:00:00
8440,93,Red,Zona Safari,99,1405,False,2026-04-10 22:00:00
8441,126,Red,Cueva Celeste,69,1193,True,2026-04-01 06:00:00
8442,15,Leaf,Monte Moon,14,249,False,2026-03-30 05:00:00
8443,55,Ash,Zona Safari,69,1207,True,2026-05-01 15:00:00
8444,199,Red,Ruta 1,47,808,False,2026-01-17 04:00:00
8445,186,Red,Cueva Celeste,37,832,True,2026-05-30 23:00:00
8446,9,Leaf,Bosque Verde,58,1386,True,2026-04-04 18:00:00
8447,51,Blue,Cueva Celeste,77,1147,False,2026-02-23 16:00:00
8448,91,Brock,Ruta 1,96,1766,True,2026-06-13 20:00:00
8449,159,Red,Bosque Verde,77,1093,True,2026-06-09 19:00:00
8450,23,Leaf,Monte Moon,20,116,False,2026-04-18 23:00:00
8451,186,Leaf,Monte Moon,66,1485,True,2026-02-04 01:00:00
8452,94,Red,Bosque Verde,6,135,False,2026-04-30 18:00:00
8453,120,Leaf,Cueva Celeste,32,217,True,2026-06-15 15:00:00
8454,200,Brock,Cueva Celeste,53,461,True,2026-05-08 05:00:00
8455,148,Ash,Isla Canela,30,441,True,2026-05-25 16:00:00
8456,39,Ash,Cueva Celeste,94,893,False,2026-06-12 15:00:00
8457,25,Brock,Ruta 1,63,705,False,2026-02-08 06:00:00
8458,160,Misty,Cueva Celeste,81,1935,False,2026-04-30 14:00:00
8459,178,Red,Cueva Celeste,86,1419,False,2026-06-13 04:00:00
8460,24,Blue,Zona Safari,100,1570,False,2026-05-15 19:00:00
8461,50,Leaf,Monte Moon,44,233,True,2026-04-07 01:00:00
8462,200,Leaf,Zona Safari,1,8,True,2026-02-28 17:00:00
8463,122,Blue,Bosque Verde,83,1336,False,2026-02-25 09:00:00
8464,77,Red,Monte Moon,39,319,True,2026-02-24 10:00:00
8465,126,Ash,Isla Canela,56,968,True,2026-02-02 11:00:00
8466,49,Leaf,Cueva Celeste,84,1327,False,2026-01-13 06:00:00
8467,114,Red,Cueva Celeste,1,8,True,2026-03-24 02:00:00
8468,70,Brock,Isla Canela,70,959,False,2026-03-11 13:00:00
8469,6,Brock,Isla Canela,23,552,False,2026-05-21 20:00:00
8470,183,Red,Zona Safari,77,677,True,2026-04-09 23:00:00
8471,195,Misty,Ruta 1,60,906,True,2026-06-09 09:00:00
8472,106,Misty,Ruta 1,20,318,True,2026-05-07 08:00:00
8473,54,Leaf,Ruta 1,35,224,True,2026-02-03 19:00:00
8474,1,Misty,Ruta 1,6,38,True,2026-03-21 17:00:00
8475,128,Ash,Isla Canela,52,894,True,2026-02-02 17:00:00
8476,118,Red,Cueva Celeste,82,524,True,2026-04-30 06:00:00
8477,162,Misty,Cueva Celeste,7,101,False,2026-04-01 20:00:00
8478,48,Brock,Ruta 1,46,280,True,2026-06-03 12:00:00
8479,199,Blue,Bosque Verde,30,516,True,2026-02-05 03:00:00
8480,149,Blue,Ruta 1,56,1512,True,2026-03-09 08:00:00
8481,93,Misty,Isla Canela,37,525,True,2026-05-03 07:00:00
8482,94,Leaf,Isla Canela,24,540,True,2026-03-18 04:00:00
8483,32,Leaf,Ruta 1,24,132,False,2026-06-18 18:00:00
8484,4,Misty,Bosque Verde,44,272,True,2026-04-09 13:00:00
8485,163,Misty,Bosque Verde,65,338,False,2026-02-18 08:00:00
8486,8,Red,Ruta 1,98,1391,False,2026-02-18 17:00:00
8487,118,Red,Bosque Verde,10,64,False,2026-05-09 20:00:00
8488,169,Ash,Isla Canela,21,506,False,2026-06-14 03:00:00
8489,35,Brock,Bosque Verde,22,248,True,2026-05-04 15:00:00
8490,155,Leaf,Isla Canela,69,427,False,2026-02-04 16:00:00
8491,194,Leaf,Bosque Verde,88,369,True,2026-03-13 11:00:00
8492,95,Misty,Zona Safari,31,238,False,2026-04-26 08:00:00
8493,197,Blue,Bosque Verde,49,901,False,2026-04-24 00:00:00
8494,105,Ash,Bosque Verde,58,864,True,2026-05-25 23:00:00
8495,197,Leaf,Ruta 1,21,386,False,2026-03-07 12:00:00
8496,114,Ash,Ruta 1,71,617,True,2026-05-12 01:00:00
8497,189,Red,Bosque Verde,89,1842,True,2026-02-19 22:00:00
8498,165,Blue,Bosque Verde,6,31,True,2026-04-29 11:00:00
8499,73,Misty,Ruta 1,81,1458,True,2026-06-18 14:00:00
8500,193,Ash,Bosque Verde,90,702,True,2026-02-21 22:00:00
8501,105,Misty,Bosque Verde,2,29,False,2026-02-25 12:00:00
8502,166,Red,Isla Canela,78,1068,True,2026-05-16 17:00:00
8503,55,Red,Bosque Verde,41,717,True,2026-05-17 05:00:00
8504,171,Blue,Bosque Verde,91,1465,False,2026-02-15 04:00:00
8505,8,Red,Monte Moon,31,440,True,2026-05-17 13:00:00
8506,5,Leaf,Isla Canela,83,1178,False,2026-04-14 09:00:00
8507,142,Misty,Monte Moon,27,486,True,2026-05-11 20:00:00
8508,66,Brock,Cueva Celeste,30,183,True,2026-03-04 20:00:00
8509,3,Red,Zona Safari,58,1368,True,2026-02-14 18:00:00
8510,184,Blue,Cueva Celeste,50,945,True,2026-06-07 22:00:00
8511,140,Misty,Zona Safari,17,120,True,2026-02-27 15:00:00
8512,4,Red,Bosque Verde,11,68,False,2026-04-13 07:00:00
8513,55,Red,Bosque Verde,20,350,False,2026-03-14 12:00:00
8514,190,Misty,Ruta 1,36,259,True,2026-05-01 08:00:00
8515,88,Leaf,Bosque Verde,91,591,False,2026-06-30 05:00:00
8516,129,Misty,Zona Safari,28,112,True,2026-05-20 10:00:00
8517,169,Ash,Ruta 1,13,313,True,2026-03-10 02:00:00
8518,63,Blue,Isla Canela,10,62,True,2026-04-11 07:00:00
8519,168,Leaf,Ruta 1,74,1036,True,2026-06-22 06:00:00
8520,150,Blue,Isla Canela,73,2233,False,2026-05-06 05:00:00
8521,78,Ash,Cueva Celeste,14,244,False,2026-06-02 13:00:00
8522,17,Misty,Ruta 1,16,195,True,2026-03-29 02:00:00
8523,194,Misty,Zona Safari,7,29,True,2026-02-09 20:00:00
8524,165,Misty,Zona Safari,7,37,False,2026-04-15 11:00:00
8525,16,Leaf,Cueva Celeste,27,135,True,2026-05-25 11:00:00
8526,118,Misty,Ruta 1,79,505,False,2026-06-20 09:00:00
8527,123,Blue,Monte Moon,27,270,True,2026-05-23 15:00:00
8528,44,Ash,Ruta 1,56,772,False,2026-05-01 15:00:00
8529,150,Blue,Cueva Celeste,14,428,True,2026-06-27 06:00:00
8530,98,Leaf,Ruta 1,57,370,True,2026-06-26 16:00:00
8531,52,Blue,Bosque Verde,32,185,False,2026-05-31 04:00:00
8532,195,Misty,Ruta 1,20,302,False,2026-02-17 11:00:00
8533,177,Misty,Cueva Celeste,66,422,False,2026-06-19 11:00:00
8534,159,Brock,Cueva Celeste,12,170,True,2026-01-31 02:00:00
8535,118,Red,Bosque Verde,24,153,False,2026-02-04 04:00:00
8536,6,Red,Ruta 1,73,1752,True,2026-04-07 06:00:00
8537,144,Red,Monte Moon,76,1983,True,2026-02-02 14:00:00
8538,92,Brock,Cueva Celeste,25,155,False,2026-04-25 11:00:00
8539,5,Leaf,Cueva Celeste,49,695,False,2026-01-10 01:00:00
8540,51,Brock,Ruta 1,37,551,False,2026-06-01 10:00:00
8541,7,Misty,Bosque Verde,3,18,True,2026-06-29 02:00:00
8542,46,Misty,Bosque Verde,44,250,True,2026-01-31 02:00:00
8543,36,Brock,Ruta 1,65,1410,True,2026-04-08 13:00:00
8544,172,Brock,Cueva Celeste,55,225,False,2026-05-02 10:00:00
8545,184,Red,Bosque Verde,14,264,False,2026-01-31 00:00:00
8546,99,Leaf,Zona Safari,34,564,True,2026-03-16 13:00:00
8547,77,Ash,Isla Canela,68,557,True,2026-06-24 06:00:00
8548,88,Blue,Zona Safari,74,481,True,2026-04-28 07:00:00
8549,10,Blue,Bosque Verde,50,195,False,2026-03-10 18:00:00
8550,123,Red,Bosque Verde,77,770,True,2026-04-16 00:00:00
8551,106,Misty,Isla Canela,76,1208,True,2026-02-16 12:00:00
8552,193,Red,Monte Moon,60,468,True,2026-02-22 20:00:00
8553,55,Leaf,Ruta 1,56,979,True,2026-04-21 18:00:00
8554,138,Ash,Cueva Celeste,2,14,True,2026-02-25 05:00:00
8555,49,Misty,Cueva Celeste,88,1390,True,2026-03-15 10:00:00
8556,31,Blue,Zona Safari,31,703,True,2026-03-03 06:00:00
8557,99,Misty,Zona Safari,89,1477,False,2026-03-29 13:00:00
8558,70,Blue,Bosque Verde,43,589,False,2026-03-15 14:00:00
8559,59,Leaf,Bosque Verde,15,291,True,2026-02-14 01:00:00
8560,117,Ash,Bosque Verde,1,15,False,2026-01-12 05:00:00
8561,14,Leaf,Monte Moon,72,518,True,2026-05-03 13:00:00
8562,93,Misty,Isla Canela,69,979,True,2026-02-01 17:00:00
8563,42,Misty,Bosque Verde,81,1287,True,2026-05-15 08:00:00
8564,112,Leaf,Zona Safari,89,1513,False,2026-01-13 06:00:00
8565,27,Blue,Cueva Celeste,8,48,True,2026-02-05 10:00:00
8566,31,Red,Zona Safari,45,1021,True,2026-05-21 18:00:00
8567,121,Brock,Monte Moon,90,1638,False,2026-05-09 07:00:00
8568,179,Red,Monte Moon,89,498,False,2026-05-19 00:00:00
8569,76,Leaf,Zona Safari,70,1561,True,2026-03-22 14:00:00
8570,89,Leaf,Cueva Celeste,62,1085,True,2026-04-07 04:00:00
8571,51,Misty,Zona Safari,32,476,True,2026-04-29 17:00:00
8572,59,Misty,Monte Moon,34,659,False,2026-04-03 22:00:00
8573,130,Brock,Isla Canela,58,1096,True,2026-04-23 19:00:00
8574,84,Brock,Monte Moon,91,564,False,2026-01-14 18:00:00
8575,93,Ash,Ruta 1,67,951,False,2026-03-20 01:00:00
8576,124,Red,Zona Safari,17,270,True,2026-01-02 13:00:00
8577,122,Blue,Cueva Celeste,7,112,True,2026-06-17 09:00:00
8578,51,Misty,Ruta 1,54,804,False,2026-06-30 04:00:00
8579,181,Brock,Bosque Verde,10,230,False,2026-01-02 02:00:00
8580,55,Leaf,Ruta 1,7,122,True,2026-06-30 09:00:00
8581,26,Blue,Ruta 1,49,1068,False,2026-02-17 00:00:00
8582,156,Misty,Ruta 1,73,1036,True,2026-01-21 09:00:00
8583,25,Brock,Monte Moon,50,560,True,2026-06-17 10:00:00
8584,33,Ash,Ruta 1,24,307,True,2026-01-21 02:00:00
8585,108,Blue,Isla Canela,55,423,False,2026-02-11 15:00:00
8586,192,Red,Monte Moon,56,834,True,2026-04-22 16:00:00
8587,100,Ash,Ruta 1,46,303,False,2026-05-07 18:00:00
8588,64,Misty,Monte Moon,18,252,True,2026-05-23 00:00:00
8589,121,Ash,Bosque Verde,9,163,False,2026-06-10 19:00:00
8590,154,Red,Ruta 1,88,2076,True,2026-06-30 11:00:00
8591,138,Red,Zona Safari,90,639,False,2026-05-09 21:00:00
8592,5,Blue,Isla Canela,62,880,True,2026-06-10 02:00:00
8593,82,Brock,Monte Moon,54,880,True,2026-04-13 20:00:00
8594,6,Leaf,Monte Moon,90,2160,False,2026-06-18 23:00:00
8595,5,Red,Cueva Celeste,21,298,True,2026-05-04 02:00:00
8596,151,Red,Monte Moon,76,2052,False,2026-01-03 10:00:00
8597,110,Ash,Cueva Celeste,81,1393,False,2026-01-07 22:00:00
8598,22,Red,Isla Canela,68,1054,True,2026-01-12 13:00:00
8599,156,Misty,Cueva Celeste,56,795,True,2026-05-26 21:00:00
8600,94,Misty,Cueva Celeste,96,2160,False,2026-06-25 01:00:00
8601,179,Ash,Isla Canela,1,5,False,2026-01-23 23:00:00
8602,162,Brock,Ruta 1,80,1160,True,2026-06-09 10:00:00
8603,118,Misty,Ruta 1,19,121,False,2026-01-02 23:00:00
8604,78,Brock,Ruta 1,24,420,True,2026-05-27 20:00:00
8605,61,Ash,Zona Safari,27,364,False,2026-01-14 21:00:00
8606,200,Brock,Ruta 1,29,252,False,2026-03-04 20:00:00
8607,8,Misty,Cueva Celeste,74,1050,True,2026-02-18 21:00:00
8608,133,Brock,Monte Moon,22,143,True,2026-06-16 19:00:00
8609,40,Blue,Cueva Celeste,53,1038,True,2026-04-25 07:00:00
8610,174,Red,Ruta 1,99,415,True,2026-03-15 19:00:00
8611,16,Brock,Cueva Celeste,99,495,True,2026-01-13 20:00:00
8612,115,Red,Cueva Celeste,43,739,True,2026-04-24 05:00:00
8613,174,Misty,Isla Canela,19,79,True,2026-05-19 04:00:00
8614,147,Misty,Isla Canela,59,354,False,2026-05-17 04:00:00
8615,89,Red,Cueva Celeste,13,227,False,2026-03-23 01:00:00
8616,161,Red,Isla Canela,30,129,False,2026-02-10 15:00:00
8617,98,Red,Isla Canela,25,162,False,2026-03-02 02:00:00
8618,37,Ash,Zona Safari,91,546,True,2026-02-08 15:00:00
8619,153,Blue,Cueva Celeste,70,994,False,2026-06-09 06:00:00
8620,37,Red,Monte Moon,99,594,False,2026-06-28 19:00:00
8621,62,Red,Zona Safari,31,713,False,2026-06-18 11:00:00
8622,83,Brock,Zona Safari,46,607,False,2026-01-24 14:00:00
8623,180,Blue,Monte Moon,14,179,True,2026-04-25 10:00:00
8624,135,Brock,Monte Moon,99,1821,False,2026-02-21 02:00:00
8625,55,Ash,Monte Moon,8,140,False,2026-03-29 03:00:00
8626,61,Brock,Isla Canela,64,864,False,2026-04-29 08:00:00
8627,186,Ash,Bosque Verde,68,1530,True,2026-01-20 19:00:00
8628,139,Brock,Isla Canela,20,346,True,2026-03-15 16:00:00
8629,167,Red,Isla Canela,62,310,True,2026-05-16 00:00:00
8630,181,Misty,Ruta 1,71,1633,True,2026-05-14 19:00:00
8631,2,Blue,Zona Safari,59,837,False,2026-05-03 17:00:00
8632,185,Ash,Ruta 1,91,1310,True,2026-01-25 06:00:00
8633,156,Ash,Zona Safari,1,14,False,2026-03-03 10:00:00
8634,31,Red,Bosque Verde,3,68,False,2026-05-18 02:00:00
8635,194,Ash,Ruta 1,66,277,True,2026-03-07 23:00:00
8636,58,Red,Ruta 1,98,686,True,2026-04-17 19:00:00
8637,63,Misty,Ruta 1,12,74,True,2026-04-25 08:00:00
8638,137,Blue,Ruta 1,29,229,True,2026-02-15 21:00:00
8639,157,Leaf,Bosque Verde,58,1392,False,2026-03-24 19:00:00
8640,151,Ash,Bosque Verde,60,1620,False,2026-01-07 14:00:00
8641,45,Leaf,Cueva Celeste,40,884,True,2026-04-16 03:00:00
8642,15,Blue,Zona Safari,26,462,False,2026-01-18 18:00:00
8643,35,Blue,Monte Moon,77,870,True,2026-01-07 09:00:00
8644,45,Brock,Isla Canela,2,44,False,2026-05-31 06:00:00
8645,168,Leaf,Cueva Celeste,27,378,True,2026-03-13 19:00:00
8646,172,Leaf,Monte Moon,52,213,True,2026-01-09 05:00:00
8647,35,Ash,Isla Canela,83,937,True,2026-06-08 06:00:00
8648,1,Blue,Isla Canela,47,300,False,2026-01-01 23:00:00
8649,23,Blue,Isla Canela,76,440,False,2026-05-31 22:00:00
8650,135,Brock,Cueva Celeste,40,736,False,2026-02-16 16:00:00
8651,29,Blue,Bosque Verde,91,500,True,2026-06-29 08:00:00
8652,22,Brock,Isla Canela,66,1023,True,2026-04-13 05:00:00
8653,169,Brock,Ruta 1,7,168,True,2026-02-03 18:00:00
8654,177,Leaf,Cueva Celeste,93,595,True,2026-06-08 01:00:00
8655,54,Ash,Zona Safari,43,275,True,2026-02-25 18:00:00
8656,161,Ash,Bosque Verde,3,12,True,2026-01-16 01:00:00
8657,22,Blue,Ruta 1,73,1131,True,2026-03-30 02:00:00
8658,192,Ash,Cueva Celeste,6,89,True,2026-04-25 11:00:00
8659,40,Misty,Bosque Verde,74,1450,True,2026-05-12 04:00:00
8660,79,Ash,Zona Safari,5,31,True,2026-06-29 07:00:00
8661,100,Misty,Cueva Celeste,67,442,True,2026-06-04 13:00:00
8662,102,Ash,Ruta 1,56,364,True,2026-05-01 21:00:00
8663,96,Leaf,Ruta 1,31,204,False,2026-03-07 11:00:00
8664,64,Misty,Isla Canela,21,294,True,2026-05-13 00:00:00
8665,41,Misty,Isla Canela,78,382,False,2026-06-18 04:00:00
8666,181,Misty,Zona Safari,3,69,True,2026-01-07 13:00:00
8667,131,Blue,Ruta 1,92,1720,True,2026-06-25 18:00:00
8668,138,Misty,Ruta 1,10,71,False,2026-04-18 00:00:00
8669,85,Blue,Ruta 1,28,461,True,2026-04-05 23:00:00
8670,78,Red,Cueva Celeste,74,1295,True,2026-01-03 19:00:00
8671,193,Blue,Cueva Celeste,10,78,False,2026-02-13 01:00:00
8672,174,Blue,Zona Safari,52,218,False,2026-03-13 08:00:00
8673,53,Blue,Ruta 1,61,939,True,2026-06-14 00:00:00
8674,164,Leaf,Cueva Celeste,27,426,False,2026-03-15 17:00:00
8675,100,Brock,Cueva Celeste,76,501,False,2026-06-06 20:00:00
8676,47,Red,Zona Safari,69,979,True,2026-05-22 10:00:00
8677,198,Blue,Bosque Verde,85,688,True,2026-03-15 13:00:00
8678,95,Brock,Zona Safari,70,539,False,2026-03-06 15:00:00
8679,180,Blue,Ruta 1,66,844,True,2026-03-01 17:00:00
8680,146,Ash,Monte Moon,19,495,False,2026-01-19 12:00:00
8681,95,Ash,Ruta 1,32,246,True,2026-03-27 11:00:00
8682,174,Ash,Isla Canela,61,256,True,2026-05-14 01:00:00
8683,3,Red,Bosque Verde,86,2029,True,2026-03-26 20:00:00
8684,75,Blue,Cueva Celeste,60,822,False,2026-01-31 06:00:00
8685,42,Brock,Cueva Celeste,81,1287,False,2026-01-12 00:00:00
8686,197,Ash,Ruta 1,64,1177,True,2026-05-10 15:00:00
8687,90,Red,Isla Canela,82,500,True,2026-06-30 10:00:00
8688,38,Blue,Ruta 1,91,1610,True,2026-01-17 22:00:00
8689,55,Red,Ruta 1,51,892,True,2026-01-22 15:00:00
8690,84,Ash,Zona Safari,77,477,False,2026-06-21 05:00:00
8691,196,Ash,Isla Canela,76,1398,False,2026-01-15 06:00:00
8692,25,Blue,Monte Moon,31,347,True,2026-03-14 21:00:00
8693,176,Blue,Bosque Verde,44,624,False,2026-04-12 09:00:00
8694,161,Brock,Ruta 1,32,137,True,2026-01-26 05:00:00
8695,199,Red,Monte Moon,95,1634,True,2026-06-15 16:00:00
8696,191,Leaf,Cueva Celeste,66,237,True,2026-04-05 09:00:00
8697,3,Blue,Bosque Verde,49,1156,True,2026-01-24 14:00:00
8698,60,Misty,Isla Canela,39,234,False,2026-05-18 01:00:00
8699,73,Blue,Ruta 1,55,990,True,2026-02-18 10:00:00
8700,142,Red,Isla Canela,53,954,True,2026-05-03 04:00:00
8701,114,Brock,Monte Moon,32,278,True,2026-05-27 09:00:00
8702,87,Misty,Isla Canela,14,232,False,2026-03-17 00:00:00
8703,143,Blue,Bosque Verde,87,1644,True,2026-03-25 16:00:00
8704,64,Blue,Ruta 1,71,994,True,2026-02-08 09:00:00
8705,88,Red,Monte Moon,79,513,True,2026-06-25 00:00:00
8706,161,Misty,Bosque Verde,64,275,True,2026-03-15 17:00:00
8707,58,Blue,Monte Moon,43,301,True,2026-03-25 19:00:00
8708,8,Ash,Cueva Celeste,66,937,False,2026-02-12 06:00:00
8709,51,Red,Ruta 1,52,774,False,2026-01-20 21:00:00
8710,132,Blue,Isla Canela,60,606,True,2026-01-21 06:00:00
8711,19,Ash,Bosque Verde,50,255,False,2026-04-14 02:00:00
8712,199,Brock,Monte Moon,8,137,True,2026-06-24 00:00:00
8713,82,Ash,Cueva Celeste,79,1287,False,2026-01-09 21:00:00
8714,126,Ash,Isla Canela,38,657,True,2026-02-28 15:00:00
8715,188,Blue,Monte Moon,15,178,True,2026-06-13 09:00:00
8716,73,Blue,Isla Canela,16,288,True,2026-06-23 06:00:00
8717,92,Blue,Bosque Verde,96,595,False,2026-06-08 06:00:00
8718,68,Red,Monte Moon,26,590,False,2026-02-18 09:00:00
8719,148,Ash,Zona Safari,42,617,False,2026-03-12 06:00:00
8720,13,Misty,Bosque Verde,52,202,False,2026-04-19 04:00:00
8721,184,Blue,Ruta 1,77,1455,False,2026-05-03 10:00:00
8722,11,Misty,Bosque Verde,19,136,True,2026-01-19 22:00:00
8723,180,Brock,Isla Canela,35,448,True,2026-01-07 21:00:00
8724,130,Red,Isla Canela,22,415,False,2026-04-08 02:00:00
8725,103,Red,Ruta 1,21,390,True,2026-05-09 18:00:00
8726,171,Leaf,Ruta 1,64,1030,True,2026-01-08 06:00:00
8727,58,Brock,Zona Safari,29,203,True,2026-05-23 14:00:00
8728,157,Red,Monte Moon,39,936,False,2026-05-29 03:00:00
8729,85,Brock,Cueva Celeste,18,297,False,2026-03-14 16:00:00
8730,151,Blue,Bosque Verde,39,1053,False,2026-05-11 08:00:00
8731,4,Red,Cueva Celeste,32,198,False,2026-02-22 04:00:00
8732,78,Misty,Zona Safari,13,227,True,2026-03-12 13:00:00
8733,47,Red,Monte Moon,60,852,True,2026-03-01 05:00:00
8734,23,Ash,Bosque Verde,6,34,True,2026-05-10 04:00:00
8735,63,Misty,Cueva Celeste,86,533,False,2026-05-09 20:00:00
8736,24,Misty,Ruta 1,71,1114,False,2026-02-13 22:00:00
8737,164,Misty,Ruta 1,27,426,False,2026-01-24 22:00:00
8738,153,Red,Bosque Verde,66,937,True,2026-01-14 15:00:00
8739,71,Misty,Bosque Verde,51,1127,False,2026-04-08 09:00:00
8740,74,Red,Zona Safari,23,138,False,2026-02-19 17:00:00
8741,192,Misty,Bosque Verde,94,1400,True,2026-01-20 07:00:00
8742,10,Brock,Cueva Celeste,15,58,True,2026-03-16 17:00:00
8743,38,Brock,Cueva Celeste,42,743,True,2026-02-14 21:00:00
8744,166,Misty,Monte Moon,35,479,False,2026-04-23 15:00:00
8745,19,Leaf,Cueva Celeste,55,280,False,2026-05-31 02:00:00
8746,165,Misty,Monte Moon,70,371,False,2026-05-20 00:00:00
8747,49,Brock,Isla Canela,94,1485,True,2026-06-12 17:00:00
8748,32,Leaf,Isla Canela,3,16,False,2026-02-10 18:00:00
8749,131,Ash,Zona Safari,18,336,False,2026-01-16 19:00:00
8750,90,Leaf,Zona Safari,69,420,True,2026-05-06 13:00:00
8751,2,Brock,Monte Moon,44,624,False,2026-01-06 16:00:00
8752,170,Blue,Bosque Verde,87,574,False,2026-06-08 21:00:00
8753,59,Leaf,Cueva Celeste,59,1144,True,2026-05-06 23:00:00
8754,109,Misty,Monte Moon,97,659,False,2026-05-09 19:00:00
8755,113,Misty,Monte Moon,30,1185,False,2026-03-08 21:00:00
8756,4,Brock,Cueva Celeste,56,347,False,2026-01-22 11:00:00
8757,150,Ash,Cueva Celeste,67,2050,False,2026-06-23 00:00:00
8758,163,Ash,Zona Safari,71,369,False,2026-06-12 20:00:00
8759,4,Brock,Zona Safari,13,80,False,2026-02-04 21:00:00
8760,104,Red,Bosque Verde,97,620,False,2026-06-18 18:00:00
8761,6,Ash,Isla Canela,11,264,False,2026-01-21 04:00:00
8762,154,Ash,Ruta 1,31,731,False,2026-06-10 21:00:00
8763,56,Blue,Zona Safari,2,12,False,2026-02-24 06:00:00
8764,9,Leaf,Bosque Verde,92,2198,True,2026-06-06 15:00:00
8765,148,Red,Cueva Celeste,85,1249,False,2026-02-09 05:00:00
8766,65,Leaf,Monte Moon,11,247,True,2026-03-27 19:00:00
8767,171,Red,Bosque Verde,57,917,True,2026-03-13 05:00:00
8768,63,Misty,Isla Canela,66,409,True,2026-04-16 06:00:00
8769,92,Red,Zona Safari,23,142,True,2026-02-18 04:00:00
8770,27,Ash,Zona Safari,63,378,True,2026-03-04 15:00:00
8771,131,Leaf,Zona Safari,66,1234,True,2026-04-29 02:00:00
8772,24,Misty,Zona Safari,9,141,False,2026-06-13 18:00:00
8773,58,Leaf,Zona Safari,82,574,True,2026-06-30 14:00:00
8774,188,Misty,Zona Safari,48,571,False,2026-02-27 22:00:00
8775,118,Leaf,Cueva Celeste,67,428,False,2026-04-09 15:00:00
8776,68,Blue,Zona Safari,91,2065,False,2026-04-21 18:00:00
8777,142,Red,Ruta 1,89,1602,True,2026-02-04 18:00:00
8778,135,Ash,Cueva Celeste,11,202,True,2026-01-23 22:00:00
8779,160,Red,Isla Canela,46,1099,True,2026-06-01 08:00:00
8780,21,Misty,Cueva Celeste,99,514,True,2026-01-10 01:00:00
8781,111,Red,Zona Safari,71,489,False,2026-04-12 01:00:00
8782,28,Brock,Cueva Celeste,97,1532,True,2026-02-18 19:00:00
8783,170,Blue,Cueva Celeste,80,528,True,2026-05-17 05:00:00
8784,95,Blue,Monte Moon,16,123,False,2026-04-07 10:00:00
8785,53,Ash,Monte Moon,91,1401,True,2026-02-26 10:00:00
8786,1,Ash,Bosque Verde,98,627,True,2026-03-09 01:00:00
8787,55,Blue,Bosque Verde,81,1417,True,2026-04-10 05:00:00
8788,152,Ash,Cueva Celeste,18,115,True,2026-05-03 11:00:00
8789,79,Blue,Zona Safari,60,378,False,2026-05-14 09:00:00
8790,160,Misty,Monte Moon,59,1410,True,2026-06-24 07:00:00
8791,8,Blue,Isla Canela,9,127,False,2026-05-14 18:00:00
8792,70,Misty,Ruta 1,19,260,False,2026-04-24 20:00:00
8793,172,Leaf,Bosque Verde,73,299,True,2026-05-27 19:00:00
8794,27,Blue,Isla Canela,19,114,True,2026-02-01 16:00:00
8795,103,Ash,Bosque Verde,36,669,False,2026-05-31 05:00:00
8796,140,Ash,Bosque Verde,78,553,False,2026-02-01 21:00:00
8797,116,Blue,Isla Canela,9,53,False,2026-02-20 01:00:00
8798,64,Ash,Ruta 1,37,518,True,2026-02-07 02:00:00
8799,50,Leaf,Bosque Verde,90,477,False,2026-04-01 13:00:00
8800,16,Red,Monte Moon,13,65,False,2026-03-28 01:00:00
8801,53,Brock,Ruta 1,98,1509,True,2026-06-25 21:00:00
8802,167,Brock,Isla Canela,31,155,True,2026-06-18 17:00:00
8803,96,Brock,Monte Moon,95,627,False,2026-04-08 03:00:00
8804,25,Misty,Monte Moon,28,313,False,2026-03-21 22:00:00
8805,91,Blue,Zona Safari,91,1674,True,2026-05-22 20:00:00
8806,35,Red,Isla Canela,11,124,True,2026-05-28 02:00:00
8807,163,Misty,Cueva Celeste,7,36,True,2026-06-10 00:00:00
8808,197,Brock,Cueva Celeste,80,1472,False,2026-05-05 02:00:00
8809,63,Blue,Isla Canela,2,12,False,2026-01-01 11:00:00
8810,153,Ash,Zona Safari,50,710,False,2026-04-21 01:00:00
8811,14,Blue,Ruta 1,100,720,False,2026-03-29 04:00:00
8812,102,Red,Monte Moon,58,377,True,2026-01-16 06:00:00
8813,45,Misty,Ruta 1,73,1613,False,2026-06-08 06:00:00
8814,187,Leaf,Isla Canela,8,40,False,2026-03-03 10:00:00
8815,22,Misty,Bosque Verde,100,1550,False,2026-01-11 08:00:00
8816,188,Ash,Ruta 1,73,868,True,2026-06-23 20:00:00
8817,190,Leaf,Isla Canela,88,633,False,2026-01-17 00:00:00
8818,28,Misty,Monte Moon,3,47,True,2026-06-18 06:00:00
8819,144,Brock,Monte Moon,21,548,False,2026-05-14 03:00:00
8820,35,Leaf,Ruta 1,28,316,True,2026-03-28 07:00:00
8821,4,Leaf,Cueva Celeste,51,316,True,2026-02-17 15:00:00
8822,135,Ash,Ruta 1,86,1582,False,2026-01-16 11:00:00
8823,138,Leaf,Isla Canela,38,269,False,2026-06-10 02:00:00
8824,130,Red,Isla Canela,5,94,False,2026-05-29 11:00:00
8825,18,Blue,Zona Safari,52,1123,True,2026-05-20 02:00:00
8826,136,Blue,Ruta 1,61,1122,True,2026-03-10 06:00:00
8827,87,Misty,Zona Safari,56,929,False,2026-06-06 13:00:00
8828,54,Blue,Zona Safari,68,435,True,2026-02-22 07:00:00
8829,85,Blue,Bosque Verde,46,758,False,2026-02-25 23:00:00
8830,195,Misty,Zona Safari,61,921,True,2026-04-25 23:00:00
8831,100,Blue,Zona Safari,34,224,True,2026-06-05 14:00:00
8832,49,Ash,Monte Moon,64,1011,True,2026-01-24 04:00:00
8833,16,Misty,Bosque Verde,85,425,False,2026-06-06 17:00:00
8834,18,Blue,Cueva Celeste,29,626,True,2026-04-27 03:00:00
8835,147,Red,Isla Canela,35,210,False,2026-02-28 20:00:00
8836,197,Leaf,Zona Safari,19,349,False,2026-03-14 08:00:00
8837,17,Ash,Cueva Celeste,35,427,False,2026-02-27 08:00:00
8838,27,Red,Ruta 1,29,174,True,2026-03-04 01:00:00
8839,27,Brock,Bosque Verde,90,540,False,2026-02-11 15:00:00
8840,104,Misty,Ruta 1,96,614,True,2026-06-25 03:00:00
8841,175,Misty,Monte Moon,47,230,True,2026-04-29 14:00:00
8842,112,Red,Zona Safari,34,578,False,2026-04-16 19:00:00
8843,13,Ash,Isla Canela,92,358,False,2026-05-16 23:00:00
8844,152,Brock,Monte Moon,12,76,True,2026-03-05 09:00:00
8845,108,Brock,Cueva Celeste,7,53,False,2026-01-10 14:00:00
8846,65,Red,Monte Moon,42,945,True,2026-02-01 15:00:00
8847,83,Misty,Cueva Celeste,19,250,True,2026-02-06 18:00:00
8848,109,Red,Ruta 1,14,95,True,2026-05-23 07:00:00
8849,51,Misty,Ruta 1,16,238,False,2026-05-03 12:00:00
8850,183,Brock,Monte Moon,78,686,False,2026-05-22 03:00:00
8851,42,Leaf,Monte Moon,12,190,True,2026-04-17 01:00:00
8852,162,Red,Cueva Celeste,83,1203,False,2026-06-25 20:00:00
8853,21,Leaf,Monte Moon,56,291,False,2026-01-08 10:00:00
8854,171,Leaf,Monte Moon,94,1513,True,2026-04-02 10:00:00
8855,191,Blue,Ruta 1,21,75,False,2026-02-03 17:00:00
8856,164,Red,Zona Safari,84,1327,False,2026-03-20 21:00:00
8857,44,Brock,Zona Safari,42,579,False,2026-06-30 22:00:00
8858,102,Brock,Cueva Celeste,7,45,False,2026-05-01 13:00:00
8859,73,Blue,Monte Moon,61,1098,False,2026-03-19 06:00:00
8860,196,Ash,Isla Canela,55,1012,False,2026-05-19 16:00:00
8861,125,Red,Cueva Celeste,48,825,False,2026-03-09 20:00:00
8862,47,Brock,Ruta 1,78,1107,True,2026-05-08 08:00:00
8863,175,Ash,Isla Canela,39,191,True,2026-04-02 06:00:00
8864,145,Ash,Zona Safari,55,1435,False,2026-04-15 21:00:00
8865,149,Blue,Cueva Celeste,4,108,False,2026-01-10 08:00:00
8866,75,Red,Monte Moon,10,137,False,2026-01-06 22:00:00
8867,106,Leaf,Zona Safari,65,1033,False,2026-04-03 08:00:00
8868,13,Blue,Zona Safari,58,226,True,2026-06-07 12:00:00
8869,151,Leaf,Cueva Celeste,13,351,False,2026-06-18 19:00:00
8870,187,Blue,Monte Moon,58,290,True,2026-01-11 11:00:00
8871,110,Brock,Isla Canela,67,1152,False,2026-06-12 01:00:00
8872,96,Red,Ruta 1,29,191,True,2026-06-02 11:00:00
8873,138,Red,Isla Canela,55,390,False,2026-03-02 11:00:00
8874,146,Blue,Isla Canela,55,1435,True,2026-01-31 15:00:00
8875,197,Ash,Bosque Verde,4,73,False,2026-03-27 14:00:00
8876,29,Brock,Isla Canela,31,170,False,2026-05-30 06:00:00
8877,124,Red,Cueva Celeste,64,1017,True,2026-03-21 05:00:00
8878,130,Red,Isla Canela,18,340,False,2026-04-22 07:00:00
8879,116,Brock,Zona Safari,61,359,False,2026-05-05 08:00:00
8880,139,Leaf,Isla Canela,52,899,True,2026-03-27 05:00:00
8881,165,Red,Monte Moon,76,402,False,2026-04-18 05:00:00
8882,44,Leaf,Cueva Celeste,71,979,False,2026-04-19 01:00:00
8883,96,Leaf,Zona Safari,38,250,True,2026-04-23 15:00:00
8884,30,Misty,Ruta 1,88,1126,False,2026-03-06 18:00:00
8885,56,Blue,Cueva Celeste,65,396,True,2026-03-13 08:00:00
8886,153,Ash,Bosque Verde,93,1320,True,2026-05-31 22:00:00
8887,96,Blue,Bosque Verde,24,158,True,2026-03-31 17:00:00
8888,32,Ash,Cueva Celeste,89,489,True,2026-01-15 11:00:00
8889,77,Blue,Bosque Verde,5,41,True,2026-05-21 10:00:00
8890,52,Brock,Isla Canela,8,46,False,2026-06-11 12:00:00
8891,144,Ash,Monte Moon,10,261,True,2026-06-02 10:00:00
8892,41,Ash,Monte Moon,85,416,False,2026-02-19 09:00:00
8893,168,Ash,Monte Moon,74,1036,True,2026-04-07 02:00:00
8894,150,Brock,Ruta 1,55,1683,True,2026-01-08 08:00:00
8895,7,Brock,Cueva Celeste,9,56,True,2026-05-12 16:00:00
8896,200,Leaf,Zona Safari,52,452,True,2026-06-24 12:00:00
8897,146,Leaf,Zona Safari,28,730,False,2026-04-29 00:00:00
8898,14,Red,Bosque Verde,16,115,True,2026-05-16 19:00:00
8899,46,Misty,Monte Moon,70,399,True,2026-06-24 20:00:00
8900,44,Leaf,Ruta 1,81,1117,True,2026-01-27 10:00:00
8901,129,Brock,Cueva Celeste,60,240,False,2026-03-19 02:00:00
8902,142,Brock,Monte Moon,10,180,False,2026-04-18 14:00:00
8903,136,Ash,Ruta 1,73,1343,False,2026-06-19 10:00:00
8904,63,Blue,Cueva Celeste,57,353,False,2026-06-01 01:00:00
8905,177,Brock,Monte Moon,91,582,False,2026-03-06 12:00:00
8906,5,Misty,Zona Safari,74,1050,True,2026-04-22 09:00:00
8907,153,Red,Cueva Celeste,98,1391,True,2026-03-21 13:00:00
8908,117,Ash,Ruta 1,55,847,True,2026-04-27 05:00:00
8909,148,Blue,Isla Canela,49,720,True,2026-05-28 11:00:00
8910,125,Leaf,Monte Moon,49,842,True,2026-01-05 14:00:00
8911,182,Leaf,Bosque Verde,58,1281,True,2026-04-09 12:00:00
8912,87,Leaf,Monte Moon,65,1079,False,2026-04-14 11:00:00
8913,10,Misty,Isla Canela,43,167,False,2026-03-12 01:00:00
8914,34,Red,Monte Moon,13,295,True,2026-03-09 21:00:00
8915,46,Leaf,Monte Moon,32,182,False,2026-01-29 18:00:00
8916,45,Leaf,Bosque Verde,86,1900,False,2026-01-27 03:00:00
8917,85,Leaf,Isla Canela,52,858,True,2026-05-21 06:00:00
8918,66,Brock,Zona Safari,100,610,False,2026-05-06 11:00:00
8919,173,Ash,Isla Canela,88,387,False,2026-06-28 17:00:00
8920,11,Ash,Cueva Celeste,8,57,False,2026-05-14 12:00:00
8921,39,Ash,Monte Moon,5,47,True,2026-03-28 13:00:00
8922,139,Red,Bosque Verde,41,709,False,2026-03-06 01:00:00
8923,55,Leaf,Zona Safari,61,1067,False,2026-03-17 10:00:00
8924,139,Red,Isla Canela,70,1211,True,2026-01-08 21:00:00
8925,177,Leaf,Ruta 1,64,409,True,2026-04-29 19:00:00
8926,85,Brock,Cueva Celeste,31,511,False,2026-02-13 04:00:00
8927,89,Blue,Cueva Celeste,32,560,True,2026-02-03 02:00:00
8928,165,Brock,Monte Moon,17,90,True,2026-02-17 03:00:00
8929,57,Brock,Bosque Verde,76,1208,True,2026-06-17 16:00:00
8930,176,Ash,Isla Canela,65,923,False,2026-06-20 06:00:00
8931,141,Leaf,Bosque Verde,33,570,True,2026-05-30 05:00:00
8932,1,Red,Zona Safari,1,6,True,2026-06-12 16:00:00
8933,101,Blue,Isla Canela,84,1444,True,2026-02-17 06:00:00
8934,73,Leaf,Cueva Celeste,11,198,True,2026-03-24 01:00:00
8935,79,Leaf,Cueva Celeste,90,567,True,2026-06-03 15:00:00
8936,19,Red,Monte Moon,54,275,False,2026-05-16 02:00:00
8937,169,Ash,Zona Safari,91,2193,True,2026-02-06 20:00:00
8938,117,Misty,Bosque Verde,55,847,False,2026-02-16 20:00:00
8939,66,Brock,Isla Canela,70,427,False,2026-02-14 16:00:00
8940,60,Misty,Monte Moon,51,306,True,2026-02-19 09:00:00
8941,98,Ash,Ruta 1,27,175,False,2026-03-21 22:00:00
8942,39,Blue,Cueva Celeste,32,304,False,2026-06-27 14:00:00
8943,17,Misty,Isla Canela,78,951,False,2026-05-05 07:00:00
8944,96,Brock,Isla Canela,47,310,True,2026-06-25 15:00:00
8945,69,Ash,Monte Moon,48,288,True,2026-04-23 16:00:00
8946,42,Blue,Cueva Celeste,49,779,True,2026-06-02 10:00:00
8947,114,Red,Isla Canela,21,182,True,2026-02-12 14:00:00
8948,195,Ash,Ruta 1,37,558,True,2026-06-18 18:00:00
8949,100,Brock,Cueva Celeste,79,521,False,2026-06-23 13:00:00
8950,131,Red,Bosque Verde,86,1608,False,2026-05-16 15:00:00
8951,11,Ash,Isla Canela,64,460,True,2026-02-20 12:00:00
8952,135,Red,Bosque Verde,35,644,False,2026-03-04 13:00:00
8953,155,Brock,Cueva Celeste,84,520,False,2026-04-29 14:00:00
8954,84,Leaf,Monte Moon,68,421,True,2026-03-27 00:00:00
8955,55,Ash,Monte Moon,23,402,False,2026-03-17 08:00:00
8956,21,Brock,Isla Canela,6,31,True,2026-03-31 06:00:00
8957,129,Red,Ruta 1,13,52,False,2026-06-15 22:00:00
8958,121,Leaf,Ruta 1,14,254,False,2026-04-14 00:00:00
8959,188,Red,Ruta 1,85,1011,False,2026-02-05 21:00:00
8960,136,Brock,Monte Moon,2,36,True,2026-04-21 09:00:00
8961,89,Brock,Cueva Celeste,50,875,False,2026-04-07 03:00:00
8962,124,Blue,Monte Moon,92,1462,True,2026-02-12 05:00:00
8963,78,Ash,Monte Moon,97,1697,True,2026-01-19 08:00:00
8964,61,Leaf,Zona Safari,6,81,True,2026-03-21 19:00:00
8965,165,Misty,Cueva Celeste,8,42,False,2026-02-01 08:00:00
8966,189,Misty,Zona Safari,49,1014,True,2026-03-19 15:00:00
8967,150,Leaf,Isla Canela,39,1193,False,2026-03-13 11:00:00
8968,76,Blue,Bosque Verde,86,1917,False,2026-01-10 17:00:00
8969,18,Red,Cueva Celeste,53,1144,False,2026-03-23 04:00:00
8970,96,Misty,Cueva Celeste,100,660,True,2026-02-21 19:00:00
8971,26,Misty,Isla Canela,79,1722,True,2026-04-28 19:00:00
8972,138,Blue,Ruta 1,69,489,False,2026-03-15 07:00:00
8973,48,Brock,Bosque Verde,17,103,False,2026-06-02 14:00:00
8974,147,Brock,Zona Safari,26,156,False,2026-02-06 09:00:00
8975,60,Misty,Bosque Verde,66,396,False,2026-01-04 09:00:00
8976,33,Brock,Bosque Verde,31,396,False,2026-03-20 06:00:00
8977,107,Leaf,Monte Moon,69,1097,False,2026-04-03 18:00:00
8978,119,Brock,Monte Moon,88,1390,True,2026-01-16 22:00:00
8979,135,Leaf,Ruta 1,25,460,True,2026-01-03 03:00:00
8980,13,Ash,Cueva Celeste,97,378,False,2026-05-06 07:00:00
8981,40,Blue,Zona Safari,8,156,True,2026-05-18 18:00:00
8982,174,Red,Ruta 1,44,184,True,2026-05-01 23:00:00
8983,12,Leaf,Bosque Verde,20,356,True,2026-04-20 21:00:00
8984,171,Leaf,Zona Safari,69,1110,False,2026-03-06 23:00:00
8985,106,Misty,Zona Safari,39,620,True,2026-03-06 13:00:00
8986,98,Ash,Cueva Celeste,40,260,True,2026-01-06 23:00:00
8987,155,Leaf,Ruta 1,25,155,False,2026-06-27 04:00:00
8988,197,Red,Isla Canela,78,1435,False,2026-06-20 01:00:00
8989,52,Brock,Ruta 1,41,237,False,2026-01-11 08:00:00
8990,54,Blue,Zona Safari,19,121,True,2026-03-20 12:00:00
8991,196,Blue,Bosque Verde,32,588,False,2026-02-05 23:00:00
8992,54,Blue,Bosque Verde,54,345,True,2026-03-28 15:00:00
8993,98,Red,Zona Safari,77,500,False,2026-05-01 18:00:00
8994,168,Leaf,Isla Canela,69,966,True,2026-06-04 00:00:00
8995,19,Brock,Isla Canela,65,331,True,2026-04-02 07:00:00
8996,71,Blue,Ruta 1,1,22,True,2026-04-20 17:00:00
8997,198,Leaf,Monte Moon,58,469,True,2026-04-11 22:00:00
8998,99,Blue,Monte Moon,29,481,False,2026-02-28 10:00:00
8999,19,Brock,Zona Safari,78,397,False,2026-02-08 10:00:00
9000,27,Leaf,Ruta 1,92,552,False,2026-04-27 01:00:00
9001,120,Brock,Ruta 1,59,401,False,2026-05-14 19:00:00
9002,147,Brock,Ruta 1,66,396,False,2026-02-05 20:00:00
9003,196,Brock,Ruta 1,99,1821,True,2026-05-11 18:00:00
9004,44,Ash,Zona Safari,98,1352,True,2026-06-24 04:00:00
9005,83,Ash,Cueva Celeste,4,52,True,2026-02-17 21:00:00
9006,129,Ash,Ruta 1,66,264,True,2026-05-27 19:00:00
9007,85,Ash,Zona Safari,38,627,False,2026-06-14 16:00:00
9008,129,Ash,Monte Moon,32,128,True,2026-06-02 13:00:00
9009,76,Red,Ruta 1,88,1962,True,2026-05-26 03:00:00
9010,24,Brock,Isla Canela,50,785,True,2026-05-20 05:00:00
9011,153,Leaf,Isla Canela,35,497,False,2026-01-20 22:00:00
9012,128,Ash,Isla Canela,33,567,True,2026-03-22 01:00:00
9013,106,Red,Cueva Celeste,53,842,True,2026-06-22 04:00:00
9014,33,Misty,Zona Safari,61,780,True,2026-06-17 21:00:00
9015,157,Ash,Bosque Verde,34,816,False,2026-04-11 13:00:00
9016,157,Misty,Ruta 1,36,864,False,2026-03-02 06:00:00
9017,189,Misty,Isla Canela,2,41,False,2026-01-05 22:00:00
9018,121,Blue,Monte Moon,10,182,False,2026-01-27 15:00:00
9019,164,Ash,Ruta 1,92,1453,False,2026-04-08 07:00:00
9020,105,Misty,Cueva Celeste,42,625,True,2026-01-26 08:00:00
9021,44,Leaf,Monte Moon,90,1242,False,2026-01-12 17:00:00
9022,89,Red,Cueva Celeste,21,367,True,2026-04-20 00:00:00
9023,23,Brock,Ruta 1,82,475,False,2026-06-01 23:00:00
9024,158,Blue,Isla Canela,71,447,True,2026-05-11 14:00:00
9025,85,Ash,Isla Canela,60,990,False,2026-06-21 21:00:00
9026,156,Red,Cueva Celeste,67,951,False,2026-01-26 17:00:00
9027,102,Leaf,Cueva Celeste,13,84,True,2026-01-27 17:00:00
9028,57,Red,Zona Safari,42,667,False,2026-03-27 13:00:00
9029,3,Misty,Zona Safari,6,141,False,2026-02-20 06:00:00
9030,65,Red,Cueva Celeste,20,450,False,2026-04-30 22:00:00
9031,149,Red,Zona Safari,18,486,False,2026-04-29 04:00:00
9032,43,Brock,Isla Canela,20,128,True,2026-01-14 18:00:00
9033,105,Leaf,Bosque Verde,87,1296,True,2026-03-02 04:00:00
9034,83,Brock,Isla Canela,44,580,True,2026-02-27 11:00:00
9035,106,Brock,Monte Moon,52,826,False,2026-05-02 07:00:00
9036,100,Leaf,Monte Moon,17,112,False,2026-02-27 18:00:00
9037,86,Blue,Zona Safari,2,13,True,2026-03-29 11:00:00
9038,20,Ash,Isla Canela,83,1203,False,2026-05-29 03:00:00
9039,136,Brock,Ruta 1,30,552,True,2026-01-14 06:00:00
9040,48,Brock,Cueva Celeste,93,567,True,2026-02-09 20:00:00
9041,17,Ash,Isla Canela,4,48,False,2026-02-24 08:00:00
9042,129,Red,Monte Moon,3,12,False,2026-02-08 22:00:00
9043,180,Ash,Zona Safari,69,883,False,2026-04-01 07:00:00
9044,180,Blue,Zona Safari,76,972,False,2026-03-04 11:00:00
9045,113,Leaf,Cueva Celeste,18,711,False,2026-06-06 00:00:00
9046,196,Leaf,Ruta 1,33,607,False,2026-04-26 06:00:00
9047,8,Red,Zona Safari,39,553,True,2026-05-05 14:00:00
9048,166,Misty,Zona Safari,35,479,False,2026-03-02 10:00:00
9049,55,Ash,Bosque Verde,76,1330,False,2026-04-13 09:00:00
9050,50,Brock,Zona Safari,3,15,True,2026-02-02 19:00:00
9051,70,Leaf,Ruta 1,84,1150,True,2026-01-03 06:00:00
9052,142,Blue,Isla Canela,8,144,False,2026-01-07 16:00:00
9053,71,Misty,Isla Canela,51,1127,False,2026-04-14 19:00:00
9054,160,Leaf,Ruta 1,84,2007,False,2026-03-21 09:00:00
9055,32,Brock,Isla Canela,60,330,False,2026-06-24 00:00:00
9056,55,Red,Ruta 1,97,1697,False,2026-03-20 20:00:00
9057,44,Ash,Bosque Verde,10,138,False,2026-06-14 10:00:00
9058,170,Brock,Bosque Verde,99,653,True,2026-03-21 20:00:00
9059,69,Blue,Ruta 1,84,504,False,2026-05-16 05:00:00
9060,64,Ash,Zona Safari,69,966,False,2026-05-03 11:00:00
9061,77,Red,Cueva Celeste,15,123,True,2026-04-11 02:00:00
9062,127,Red,Bosque Verde,12,210,True,2026-06-14 11:00:00
9063,197,Red,Cueva Celeste,42,772,True,2026-06-09 15:00:00
9064,78,Red,Ruta 1,62,1085,False,2026-02-04 18:00:00
9065,68,Red,Isla Canela,73,1657,True,2026-04-11 09:00:00
9066,141,Ash,Monte Moon,47,813,False,2026-01-23 02:00:00
9067,99,Red,Cueva Celeste,54,896,True,2026-03-04 17:00:00
9068,110,Blue,Monte Moon,32,550,True,2026-01-17 15:00:00
9069,195,Red,Ruta 1,69,1041,True,2026-05-19 21:00:00
9070,114,Ash,Monte Moon,99,861,True,2026-06-30 19:00:00
9071,81,Leaf,Cueva Celeste,43,279,False,2026-01-28 02:00:00
9072,25,Leaf,Cueva Celeste,58,649,False,2026-05-01 03:00:00
9073,60,Misty,Cueva Celeste,85,510,False,2026-03-28 11:00:00
9074,105,Red,Zona Safari,29,432,True,2026-03-08 05:00:00
9075,136,Leaf,Isla Canela,89,1637,True,2026-05-23 18:00:00
9076,155,Blue,Isla Canela,93,576,False,2026-04-04 03:00:00
9077,100,Misty,Bosque Verde,72,475,True,2026-06-16 10:00:00
9078,64,Ash,Isla Canela,88,1232,True,2026-02-06 13:00:00
9079,159,Misty,Isla Canela,40,568,True,2026-04-29 01:00:00
9080,55,Blue,Cueva Celeste,62,1085,False,2026-05-10 05:00:00
9081,168,Red,Monte Moon,58,812,True,2026-04-06 19:00:00
9082,71,Brock,Isla Canela,54,1193,True,2026-05-17 01:00:00
9083,123,Brock,Bosque Verde,21,210,False,2026-05-04 07:00:00
9084,106,Leaf,Isla Canela,49,779,False,2026-06-02 13:00:00
9085,69,Red,Isla Canela,91,546,True,2026-03-06 07:00:00
9086,134,Leaf,Zona Safari,99,1821,False,2026-02-13 08:00:00
9087,28,Misty,Bosque Verde,83,1311,False,2026-06-01 12:00:00
9088,178,Leaf,Bosque Verde,93,1534,False,2026-04-30 11:00:00
9089,153,Leaf,Zona Safari,52,738,False,2026-05-17 22:00:00
9090,51,Red,Ruta 1,65,968,True,2026-02-04 11:00:00
9091,70,Ash,Bosque Verde,37,506,True,2026-05-02 17:00:00
9092,53,Blue,Cueva Celeste,57,877,True,2026-06-13 00:00:00
9093,111,Blue,Isla Canela,32,220,True,2026-06-09 11:00:00
9094,178,Blue,Zona Safari,74,1221,False,2026-05-22 16:00:00
9095,149,Leaf,Isla Canela,45,1215,False,2026-04-28 14:00:00
9096,62,Blue,Ruta 1,25,575,True,2026-01-28 04:00:00
9097,120,Ash,Ruta 1,88,598,False,2026-01-23 05:00:00
9098,106,Blue,Bosque Verde,4,63,True,2026-03-16 20:00:00
9099,77,Blue,Bosque Verde,94,770,False,2026-03-02 18:00:00
9100,166,Leaf,Cueva Celeste,42,575,True,2026-03-30 20:00:00
9101,191,Brock,Zona Safari,46,165,True,2026-04-15 22:00:00
9102,24,Blue,Ruta 1,41,643,True,2026-06-10 01:00:00
9103,89,Misty,Isla Canela,9,157,False,2026-02-15 02:00:00
9104,145,Brock,Isla Canela,83,2166,False,2026-05-19 01:00:00
9105,41,Red,Bosque Verde,7,34,True,2026-02-09 05:00:00
9106,71,Red,Cueva Celeste,95,2099,False,2026-06-18 18:00:00
9107,160,Misty,Monte Moon,58,1386,False,2026-03-03 06:00:00
9108,70,Ash,Cueva Celeste,26,356,True,2026-04-15 09:00:00
9109,88,Blue,Isla Canela,56,364,True,2026-04-13 01:00:00
9110,80,Red,Ruta 1,77,1324,False,2026-02-05 23:00:00
9111,52,Ash,Bosque Verde,29,168,True,2026-01-11 14:00:00
9112,158,Misty,Isla Canela,98,617,True,2026-01-17 22:00:00
9113,72,Leaf,Bosque Verde,68,455,True,2026-02-10 11:00:00
9114,72,Blue,Cueva Celeste,8,53,False,2026-05-08 01:00:00
9115,87,Misty,Isla Canela,37,614,True,2026-05-31 06:00:00
9116,104,Misty,Isla Canela,39,249,True,2026-03-07 20:00:00
9117,191,Blue,Monte Moon,95,342,True,2026-02-19 04:00:00
9118,151,Ash,Bosque Verde,88,2376,False,2026-03-17 16:00:00
9119,162,Blue,Monte Moon,63,913,False,2026-03-04 20:00:00
9120,89,Ash,Monte Moon,5,87,False,2026-02-25 12:00:00
9121,149,Red,Cueva Celeste,51,1377,True,2026-04-17 19:00:00
9122,1,Red,Isla Canela,78,499,True,2026-06-16 15:00:00
9123,44,Misty,Ruta 1,69,952,False,2026-06-24 18:00:00
9124,37,Blue,Isla Canela,45,270,False,2026-03-16 12:00:00
9125,180,Red,Isla Canela,82,1049,True,2026-01-05 20:00:00
9126,133,Blue,Cueva Celeste,47,305,True,2026-05-21 22:00:00
9127,100,Red,Bosque Verde,32,211,False,2026-03-13 22:00:00
9128,159,Misty,Bosque Verde,35,497,False,2026-03-01 10:00:00
9129,200,Leaf,Bosque Verde,32,278,True,2026-03-23 01:00:00
9130,89,Blue,Isla Canela,4,70,False,2026-05-31 03:00:00
9131,83,Blue,Isla Canela,30,396,False,2026-01-24 10:00:00
9132,186,Blue,Isla Canela,82,1844,False,2026-04-21 08:00:00
9133,148,Ash,Monte Moon,56,823,False,2026-04-26 03:00:00
9134,89,Blue,Ruta 1,55,962,True,2026-05-27 09:00:00
9135,44,Misty,Bosque Verde,48,662,True,2026-05-16 08:00:00
9136,60,Ash,Monte Moon,90,540,False,2026-04-21 11:00:00
9137,14,Misty,Monte Moon,70,504,False,2026-01-21 05:00:00
9138,133,Brock,Cueva Celeste,32,208,False,2026-05-06 05:00:00
9139,150,Brock,Bosque Verde,97,2968,True,2026-05-29 00:00:00
9140,7,Brock,Zona Safari,54,340,True,2026-06-09 00:00:00
9141,157,Ash,Cueva Celeste,34,816,False,2026-04-06 18:00:00
9142,91,Blue,Bosque Verde,19,349,True,2026-03-30 20:00:00
9143,63,Misty,Cueva Celeste,77,477,False,2026-01-25 00:00:00
9144,179,Misty,Monte Moon,72,403,True,2026-06-21 22:00:00
9145,189,Blue,Monte Moon,100,2070,True,2026-06-14 15:00:00
9146,43,Brock,Cueva Celeste,61,390,True,2026-06-17 10:00:00
9147,25,Brock,Bosque Verde,5,56,True,2026-03-04 19:00:00
9148,129,Leaf,Cueva Celeste,82,328,True,2026-01-21 00:00:00
9149,69,Ash,Monte Moon,48,288,False,2026-03-27 08:00:00
9150,138,Ash,Zona Safari,42,298,False,2026-01-23 06:00:00
9151,184,Misty,Ruta 1,54,1020,False,2026-04-29 23:00:00
9152,52,Red,Zona Safari,100,580,True,2026-05-16 10:00:00
9153,103,Leaf,Monte Moon,12,223,False,2026-05-06 20:00:00
9154,83,Brock,Zona Safari,50,660,False,2026-04-13 08:00:00
9155,107,Blue,Zona Safari,34,540,False,2026-03-29 02:00:00
9156,114,Brock,Bosque Verde,36,313,False,2026-01-24 10:00:00
9157,43,Ash,Zona Safari,64,409,False,2026-02-03 05:00:00
9158,147,Blue,Bosque Verde,72,432,True,2026-05-19 03:00:00
9159,63,Misty,Isla Canela,20,124,False,2026-01-09 06:00:00
9160,122,Red,Isla Canela,14,225,True,2026-04-29 14:00:00
9161,111,Misty,Bosque Verde,52,358,False,2026-06-11 07:00:00
9162,83,Misty,Monte Moon,26,343,False,2026-06-30 14:00:00
9163,170,Blue,Isla Canela,2,13,False,2026-04-18 12:00:00
9164,125,Red,Ruta 1,58,997,False,2026-03-04 17:00:00
9165,174,Brock,Ruta 1,73,306,True,2026-04-23 17:00:00
9166,195,Leaf,Bosque Verde,73,1102,False,2026-02-07 13:00:00
9167,198,Ash,Ruta 1,27,218,True,2026-03-18 21:00:00
9168,106,Ash,Cueva Celeste,24,381,False,2026-04-26 02:00:00
9169,131,Misty,Cueva Celeste,77,1439,True,2026-06-09 14:00:00
9170,174,Misty,Monte Moon,27,113,False,2026-03-27 05:00:00
9171,30,Leaf,Ruta 1,17,217,False,2026-02-16 16:00:00
9172,70,Blue,Cueva Celeste,14,191,False,2026-03-05 10:00:00
9173,158,Red,Zona Safari,77,485,False,2026-03-13 03:00:00
9174,59,Leaf,Cueva Celeste,57,1105,True,2026-04-15 13:00:00
9175,183,Ash,Monte Moon,8,70,False,2026-01-08 20:00:00
9176,133,Red,Monte Moon,94,611,False,2026-06-22 07:00:00
9177,74,Ash,Cueva Celeste,15,90,True,2026-01-07 15:00:00
9178,163,Blue,Cueva Celeste,56,291,False,2026-03-09 20:00:00
9179,21,Leaf,Zona Safari,60,312,False,2026-01-17 11:00:00
9180,17,Brock,Cueva Celeste,80,976,False,2026-02-01 00:00:00
9181,99,Misty,Cueva Celeste,30,498,True,2026-04-08 18:00:00
9182,80,Ash,Isla Canela,67,1152,True,2026-02-18 20:00:00
9183,73,Leaf,Monte Moon,18,324,False,2026-05-26 21:00:00
9184,92,Ash,Isla Canela,83,514,True,2026-06-22 09:00:00
9185,85,Ash,Cueva Celeste,65,1072,False,2026-06-01 04:00:00
9186,113,Ash,Ruta 1,88,3476,False,2026-05-11 00:00:00
9187,61,Red,Cueva Celeste,65,877,False,2026-03-09 20:00:00
9188,10,Blue,Monte Moon,18,70,True,2026-02-10 05:00:00
9189,145,Leaf,Bosque Verde,16,417,True,2026-06-01 16:00:00
9190,116,Blue,Monte Moon,5,29,True,2026-01-08 00:00:00
9191,60,Misty,Cueva Celeste,87,522,False,2026-02-17 18:00:00
9192,160,Misty,Cueva Celeste,68,1625,False,2026-03-23 05:00:00
9193,156,Blue,Zona Safari,97,1377,False,2026-02-26 05:00:00
9194,42,Ash,Zona Safari,25,397,True,2026-04-16 00:00:00
9195,106,Blue,Monte Moon,26,413,True,2026-05-09 22:00:00
9196,86,Leaf,Zona Safari,23,149,True,2026-03-20 05:00:00
9197,197,Ash,Isla Canela,17,312,False,2026-03-25 08:00:00
9198,187,Brock,Cueva Celeste,62,310,True,2026-02-19 13:00:00
9199,164,Blue,Monte Moon,48,758,False,2026-01-25 22:00:00
9200,33,Red,Bosque Verde,64,819,False,2026-01-27 10:00:00
9201,87,Misty,Ruta 1,100,1660,True,2026-01-12 14:00:00
9202,106,Brock,Bosque Verde,48,763,True,2026-01-03 11:00:00
9203,161,Red,Cueva Celeste,63,270,True,2026-05-04 06:00:00
9204,85,Brock,Monte Moon,65,1072,False,2026-03-18 08:00:00
9205,79,Ash,Cueva Celeste,18,113,True,2026-04-15 01:00:00
9206,133,Blue,Ruta 1,16,104,False,2026-05-09 03:00:00
9207,83,Misty,Cueva Celeste,15,198,False,2026-06-14 02:00:00
9208,17,Blue,Bosque Verde,62,756,False,2026-01-25 03:00:00
9209,117,Ash,Ruta 1,28,431,False,2026-03-08 06:00:00
9210,117,Blue,Zona Safari,47,723,False,2026-03-26 17:00:00
9211,1,Brock,Cueva Celeste,38,243,False,2026-06-14 03:00:00
9212,142,Brock,Ruta 1,93,1674,True,2026-01-30 18:00:00
9213,140,Leaf,Bosque Verde,40,284,False,2026-01-05 05:00:00
9214,41,Brock,Cueva Celeste,7,34,False,2026-01-28 19:00:00
9215,44,Misty,Isla Canela,3,41,True,2026-06-09 08:00:00
9216,16,Blue,Monte Moon,68,340,False,2026-03-01 00:00:00
9217,155,Blue,Bosque Verde,57,353,True,2026-04-08 22:00:00
9218,117,Brock,Isla Canela,33,508,True,2026-06-03 07:00:00
9219,2,Red,Isla Canela,69,979,True,2026-06-22 22:00:00
9220,137,Ash,Zona Safari,17,134,False,2026-04-30 09:00:00
9221,164,Red,Zona Safari,39,616,False,2026-02-02 19:00:00
9222,4,Misty,Cueva Celeste,71,440,False,2026-03-20 18:00:00
9223,91,Leaf,Ruta 1,2,36,True,2026-06-30 05:00:00
9224,97,Ash,Monte Moon,29,490,False,2026-02-19 11:00:00
9225,50,Misty,Isla Canela,100,530,True,2026-03-11 06:00:00
9226,170,Blue,Zona Safari,46,303,True,2026-01-07 19:00:00
9227,58,Misty,Isla Canela,6,42,False,2026-03-19 03:00:00
9228,126,Brock,Monte Moon,5,86,True,2026-01-21 05:00:00
9229,80,Ash,Bosque Verde,6,103,True,2026-01-06 10:00:00
9230,78,Leaf,Cueva Celeste,85,1487,False,2026-06-07 10:00:00
9231,195,Blue,Monte Moon,91,1374,False,2026-03-12 22:00:00
9232,156,Red,Monte Moon,52,738,True,2026-02-20 22:00:00
9233,45,Blue,Cueva Celeste,13,287,True,2026-06-02 14:00:00
9234,168,Brock,Zona Safari,61,854,True,2026-05-28 19:00:00
9235,36,Leaf,Bosque Verde,78,1692,True,2026-04-02 16:00:00
9236,186,Misty,Monte Moon,94,2115,True,2026-06-19 23:00:00
9237,33,Ash,Monte Moon,61,780,False,2026-02-18 07:00:00
9238,63,Brock,Cueva Celeste,86,533,False,2026-04-28 10:00:00
9239,153,Leaf,Ruta 1,12,170,False,2026-03-10 12:00:00
9240,10,Ash,Cueva Celeste,92,358,True,2026-05-25 12:00:00
9241,39,Blue,Ruta 1,35,332,False,2026-06-08 22:00:00
9242,75,Blue,Ruta 1,92,1260,True,2026-03-08 09:00:00
9243,160,Ash,Bosque Verde,1,23,False,2026-05-09 20:00:00
9244,98,Red,Zona Safari,87,565,False,2026-05-22 07:00:00
9245,141,Brock,Cueva Celeste,2,34,False,2026-05-26 14:00:00
9246,135,Red,Cueva Celeste,84,1545,True,2026-04-01 19:00:00
9247,94,Red,Zona Safari,17,382,True,2026-03-07 03:00:00
9248,164,Misty,Zona Safari,76,1200,True,2026-06-02 23:00:00
9249,178,Brock,Zona Safari,17,280,False,2026-03-13 19:00:00
9250,146,Brock,Monte Moon,92,2401,True,2026-06-24 04:00:00
9251,40,Blue,Monte Moon,67,1313,False,2026-03-07 03:00:00
9252,12,Red,Ruta 1,24,427,False,2026-04-24 05:00:00
9253,54,Red,Cueva Celeste,40,256,True,2026-04-10 01:00:00
9254,77,Ash,Zona Safari,2,16,False,2026-01-13 05:00:00
9255,23,Blue,Isla Canela,69,400,True,2026-01-14 12:00:00
9256,80,Brock,Bosque Verde,79,1358,True,2026-05-10 09:00:00
9257,186,Misty,Cueva Celeste,33,742,True,2026-05-05 06:00:00
9258,81,Ash,Monte Moon,100,650,False,2026-03-06 17:00:00
9259,159,Blue,Cueva Celeste,65,923,True,2026-04-22 04:00:00
9260,115,Leaf,Cueva Celeste,78,1341,True,2026-01-16 09:00:00
9261,28,Leaf,Cueva Celeste,99,1564,False,2026-05-26 22:00:00
9262,74,Misty,Zona Safari,54,324,True,2026-02-27 15:00:00
9263,182,Ash,Monte Moon,5,110,True,2026-01-03 12:00:00
9264,143,Leaf,Cueva Celeste,88,1663,False,2026-02-09 21:00:00
9265,88,Red,Bosque Verde,38,247,True,2026-06-07 08:00:00
9266,163,Blue,Ruta 1,7,36,False,2026-06-22 13:00:00
9267,79,Blue,Isla Canela,67,422,True,2026-06-28 22:00:00
9268,105,Blue,Ruta 1,13,193,True,2026-03-02 08:00:00
9269,188,Misty,Isla Canela,46,547,True,2026-02-03 04:00:00
9270,84,Red,Cueva Celeste,15,93,False,2026-03-31 20:00:00
9271,161,Blue,Cueva Celeste,96,412,False,2026-05-23 19:00:00
9272,14,Brock,Bosque Verde,30,216,True,2026-06-28 01:00:00
9273,125,Brock,Ruta 1,59,1014,True,2026-05-17 20:00:00
9274,55,Leaf,Isla Canela,21,367,False,2026-06-15 10:00:00
9275,126,Misty,Bosque Verde,77,1332,False,2026-01-30 09:00:00
9276,184,Misty,Monte Moon,81,1530,True,2026-02-10 16:00:00
9277,59,Red,Cueva Celeste,1,19,False,2026-01-06 03:00:00
9278,56,Brock,Monte Moon,63,384,False,2026-06-23 14:00:00
9279,143,Misty,Cueva Celeste,36,680,False,2026-02-18 19:00:00
9280,183,Red,Ruta 1,8,70,True,2026-06-16 08:00:00
9281,112,Misty,Zona Safari,2,34,False,2026-05-14 04:00:00
9282,194,Leaf,Bosque Verde,19,79,True,2026-02-15 11:00:00
9283,125,Misty,Isla Canela,3,51,False,2026-04-29 21:00:00
9284,86,Brock,Bosque Verde,12,78,True,2026-01-08 09:00:00
9285,162,Red,Zona Safari,83,1203,True,2026-01-08 18:00:00
9286,157,Ash,Ruta 1,27,648,False,2026-06-14 18:00:00
9287,74,Ash,Ruta 1,19,114,True,2026-02-27 15:00:00
9288,42,Red,Ruta 1,16,254,True,2026-05-02 00:00:00
9289,39,Blue,Isla Canela,33,313,False,2026-05-09 20:00:00
9290,157,Ash,Cueva Celeste,91,2184,True,2026-01-02 15:00:00
9291,179,Leaf,Zona Safari,86,481,True,2026-05-23 22:00:00
9292,96,Blue,Zona Safari,36,237,False,2026-06-11 21:00:00
9293,116,Brock,Ruta 1,38,224,True,2026-03-26 14:00:00
9294,16,Blue,Ruta 1,32,160,False,2026-01-24 09:00:00
9295,77,Blue,Isla Canela,87,713,False,2026-03-29 22:00:00
9296,53,Blue,Bosque Verde,5,77,False,2026-05-05 06:00:00
9297,180,Leaf,Bosque Verde,47,601,False,2026-01-14 10:00:00
9298,79,Ash,Cueva Celeste,51,321,False,2026-04-22 19:00:00
9299,90,Brock,Zona Safari,6,36,True,2026-05-06 12:00:00
9300,102,Misty,Ruta 1,93,604,True,2026-02-26 07:00:00
9301,133,Leaf,Bosque Verde,12,78,True,2026-04-22 22:00:00
9302,169,Blue,Isla Canela,55,1325,False,2026-05-27 06:00:00
9303,36,Red,Ruta 1,85,1844,True,2026-06-03 15:00:00
9304,64,Misty,Isla Canela,7,98,False,2026-03-05 16:00:00
9305,182,Red,Isla Canela,38,839,False,2026-04-06 05:00:00
9306,102,Ash,Cueva Celeste,19,123,True,2026-01-17 18:00:00
9307,23,Misty,Ruta 1,33,191,False,2026-06-04 09:00:00
9308,91,Leaf,Cueva Celeste,33,607,True,2026-01-23 06:00:00
9309,23,Ash,Monte Moon,49,284,True,2026-04-19 08:00:00
9310,171,Misty,Monte Moon,63,1014,False,2026-02-03 07:00:00
9311,200,Misty,Monte Moon,30,261,True,2026-06-25 09:00:00
9312,190,Leaf,Isla Canela,24,172,False,2026-03-20 20:00:00
9313,64,Leaf,Cueva Celeste,37,518,False,2026-05-28 14:00:00
9314,116,Red,Bosque Verde,74,436,False,2026-02-25 17:00:00
9315,97,Red,Cueva Celeste,11,185,True,2026-02-05 05:00:00
9316,145,Leaf,Ruta 1,3,78,False,2026-01-12 04:00:00
9317,138,Leaf,Ruta 1,80,568,False,2026-06-07 15:00:00
9318,144,Leaf,Bosque Verde,97,2531,True,2026-05-14 18:00:00
9319,66,Misty,Bosque Verde,30,183,False,2026-03-23 20:00:00
9320,71,Ash,Monte Moon,43,950,False,2026-03-26 18:00:00
9321,46,Blue,Zona Safari,78,444,False,2026-04-30 15:00:00
9322,85,Leaf,Zona Safari,48,792,False,2026-06-27 09:00:00
9323,15,Blue,Cueva Celeste,65,1157,True,2026-06-07 14:00:00
9324,108,Ash,Ruta 1,72,554,True,2026-02-21 14:00:00
9325,173,Misty,Bosque Verde,56,246,True,2026-04-20 23:00:00
9326,47,Blue,Cueva Celeste,24,340,True,2026-04-26 04:00:00
9327,39,Brock,Monte Moon,5,47,False,2026-03-17 22:00:00
9328,115,Leaf,Isla Canela,86,1479,True,2026-01-12 13:00:00
9329,194,Leaf,Bosque Verde,33,138,False,2026-01-05 03:00:00
9330,199,Red,Monte Moon,1,17,False,2026-04-03 05:00:00
9331,103,Leaf,Bosque Verde,57,1060,False,2026-03-12 23:00:00
9332,100,Misty,Isla Canela,15,99,False,2026-01-14 17:00:00
9333,1,Red,Cueva Celeste,91,582,True,2026-03-04 14:00:00
9334,195,Misty,Bosque Verde,91,1374,False,2026-01-02 04:00:00
9335,58,Ash,Bosque Verde,66,462,False,2026-04-19 18:00:00
9336,52,Blue,Bosque Verde,80,464,False,2026-05-19 04:00:00
9337,16,Leaf,Isla Canela,41,204,True,2026-03-10 06:00:00
9338,183,Red,Isla Canela,35,308,False,2026-05-15 16:00:00
9339,46,Red,Cueva Celeste,18,102,False,2026-03-12 12:00:00
9340,118,Misty,Ruta 1,50,320,False,2026-06-03 18:00:00
9341,138,Leaf,Zona Safari,7,49,True,2026-02-04 19:00:00
9342,134,Misty,Zona Safari,12,220,False,2026-05-14 02:00:00
9343,18,Ash,Monte Moon,27,583,True,2026-06-26 20:00:00
9344,150,Ash,Zona Safari,55,1683,False,2026-01-22 11:00:00
9345,153,Red,Bosque Verde,75,1065,False,2026-05-19 15:00:00
9346,150,Misty,Cueva Celeste,35,1071,False,2026-06-18 16:00:00
9347,98,Misty,Monte Moon,22,143,False,2026-05-19 00:00:00
9348,148,Ash,Ruta 1,57,837,False,2026-04-01 08:00:00
9349,125,Blue,Cueva Celeste,65,1118,True,2026-06-06 20:00:00
9350,126,Misty,Bosque Verde,5,86,True,2026-05-01 23:00:00
9351,108,Brock,Bosque Verde,9,69,True,2026-04-30 12:00:00
9352,94,Leaf,Monte Moon,51,1147,False,2026-05-12 13:00:00
9353,78,Brock,Zona Safari,50,875,True,2026-03-29 11:00:00
9354,125,Brock,Cueva Celeste,33,567,True,2026-05-03 19:00:00
9355,142,Brock,Bosque Verde,7,125,True,2026-02-04 03:00:00
9356,96,Red,Monte Moon,39,257,True,2026-06-17 04:00:00
9357,22,Blue,Isla Canela,67,1038,True,2026-02-20 04:00:00
9358,175,Red,Ruta 1,79,387,False,2026-06-25 09:00:00
9359,54,Misty,Zona Safari,32,204,True,2026-02-17 22:00:00
9360,144,Brock,Cueva Celeste,4,104,False,2026-05-05 10:00:00
9361,105,Misty,Cueva Celeste,55,819,False,2026-02-05 05:00:00
9362,109,Ash,Bosque Verde,65,442,True,2026-03-17 12:00:00
9363,107,Misty,Ruta 1,78,1240,False,2026-02-09 09:00:00
9364,54,Brock,Isla Canela,15,96,False,2026-05-27 06:00:00
9365,77,Ash,Bosque Verde,7,57,False,2026-03-16 13:00:00
9366,100,Leaf,Isla Canela,96,633,True,2026-01-17 14:00:00
9367,13,Leaf,Monte Moon,81,315,False,2026-03-21 17:00:00
9368,160,Misty,Ruta 1,39,932,False,2026-04-01 02:00:00
9369,140,Red,Bosque Verde,39,276,False,2026-04-13 18:00:00
9370,183,Blue,Monte Moon,8,70,True,2026-04-18 07:00:00
9371,115,Red,Cueva Celeste,34,584,True,2026-05-28 13:00:00
9372,99,Red,Cueva Celeste,42,697,True,2026-01-18 00:00:00
9373,83,Leaf,Isla Canela,19,250,True,2026-05-10 03:00:00
9374,116,Misty,Bosque Verde,72,424,False,2026-03-06 15:00:00
9375,120,Brock,Bosque Verde,15,102,False,2026-03-04 01:00:00
9376,147,Red,Zona Safari,80,480,True,2026-02-10 22:00:00
9377,171,Misty,Monte Moon,59,949,False,2026-06-14 08:00:00
9378,109,Blue,Isla Canela,25,170,False,2026-05-27 09:00:00
9379,70,Misty,Isla Canela,96,1315,False,2026-05-27 10:00:00
9380,150,Leaf,Monte Moon,88,2692,False,2026-03-19 11:00:00
9381,88,Brock,Isla Canela,96,624,False,2026-04-29 02:00:00
9382,12,Red,Monte Moon,41,729,True,2026-03-25 21:00:00
9383,46,Ash,Cueva Celeste,38,216,False,2026-06-01 04:00:00
9384,146,Red,Ruta 1,59,1539,False,2026-01-11 13:00:00
9385,19,Red,Bosque Verde,23,117,False,2026-02-26 21:00:00
9386,43,Misty,Zona Safari,80,512,False,2026-03-01 11:00:00
9387,120,Leaf,Isla Canela,47,319,False,2026-05-15 22:00:00
9388,31,Blue,Monte Moon,30,681,False,2026-03-08 11:00:00
9389,96,Blue,Monte Moon,54,356,False,2026-06-14 14:00:00
9390,35,Leaf,Ruta 1,56,632,True,2026-03-13 21:00:00
9391,108,Blue,Cueva Celeste,80,616,True,2026-05-11 16:00:00
9392,65,Blue,Cueva Celeste,11,247,False,2026-03-01 08:00:00
9393,100,Red,Monte Moon,72,475,True,2026-02-28 01:00:00
9394,81,Red,Bosque Verde,93,604,True,2026-01-03 03:00:00
9395,100,Misty,Monte Moon,35,231,True,2026-01-03 23:00:00
9396,138,Misty,Zona Safari,64,454,True,2026-01-28 06:00:00
9397,155,Brock,Isla Canela,68,421,True,2026-01-31 23:00:00
9398,88,Misty,Monte Moon,96,624,False,2026-05-08 02:00:00
9399,174,Ash,Zona Safari,81,340,False,2026-02-17 03:00:00
9400,142,Misty,Monte Moon,74,1332,False,2026-05-19 19:00:00
9401,182,Misty,Cueva Celeste,56,1237,False,2026-06-27 10:00:00
9402,155,Leaf,Bosque Verde,98,607,True,2026-03-09 20:00:00
9403,36,Blue,Ruta 1,58,1258,False,2026-02-01 01:00:00
9404,73,Ash,Isla Canela,18,324,False,2026-03-12 07:00:00
9405,68,Leaf,Cueva Celeste,88,1997,False,2026-03-02 17:00:00
9406,193,Brock,Cueva Celeste,77,600,True,2026-04-06 03:00:00
9407,6,Brock,Isla Canela,49,1176,False,2026-02-08 00:00:00
9408,195,Ash,Zona Safari,17,256,True,2026-06-06 19:00:00
9409,35,Ash,Isla Canela,39,440,True,2026-02-13 09:00:00
9410,16,Ash,Zona Safari,67,335,False,2026-03-23 06:00:00
9411,2,Ash,Ruta 1,93,1320,False,2026-02-26 08:00:00
9412,196,Leaf,Isla Canela,58,1067,False,2026-05-28 17:00:00
9413,164,Blue,Zona Safari,15,237,False,2026-06-25 17:00:00
9414,40,Brock,Cueva Celeste,41,803,True,2026-03-06 00:00:00
9415,90,Red,Zona Safari,52,317,False,2026-01-25 15:00:00
9416,138,Leaf,Bosque Verde,11,78,True,2026-05-13 10:00:00
9417,139,Brock,Zona Safari,13,224,True,2026-05-03 05:00:00
9418,78,Misty,Monte Moon,22,385,True,2026-05-25 02:00:00
9419,96,Ash,Ruta 1,76,501,False,2026-04-11 07:00:00
9420,7,Red,Cueva Celeste,91,573,True,2026-01-30 18:00:00
9421,185,Ash,Isla Canela,57,820,True,2026-06-08 10:00:00
9422,164,Blue,Bosque Verde,96,1516,True,2026-04-03 22:00:00
9423,46,Blue,Monte Moon,28,159,False,2026-05-11 10:00:00
9424,6,Ash,Bosque Verde,77,1848,True,2026-06-18 09:00:00
9425,174,Blue,Zona Safari,97,407,False,2026-04-10 15:00:00
9426,155,Ash,Monte Moon,94,582,False,2026-05-30 08:00:00
9427,72,Red,Zona Safari,51,341,True,2026-04-19 19:00:00
9428,136,Leaf,Monte Moon,74,1361,False,2026-06-07 23:00:00
9429,144,Red,Bosque Verde,54,1409,True,2026-06-22 20:00:00
9430,14,Leaf,Monte Moon,52,374,False,2026-03-12 03:00:00
9431,115,Brock,Monte Moon,43,739,True,2026-03-25 05:00:00
9432,98,Misty,Isla Canela,23,149,True,2026-01-08 05:00:00
9433,21,Ash,Bosque Verde,26,135,False,2026-06-02 15:00:00
9434,49,Red,Ruta 1,100,1580,False,2026-05-28 19:00:00
9435,27,Misty,Monte Moon,17,102,True,2026-03-22 21:00:00
9436,160,Misty,Isla Canela,79,1888,False,2026-06-13 08:00:00
9437,180,Brock,Monte Moon,46,588,True,2026-03-18 23:00:00
9438,70,Ash,Cueva Celeste,58,794,True,2026-01-19 16:00:00
9439,177,Red,Isla Canela,60,384,False,2026-01-02 09:00:00
9440,76,Ash,Zona Safari,39,869,False,2026-02-07 08:00:00
9441,74,Blue,Isla Canela,39,234,False,2026-04-27 18:00:00
9442,144,Leaf,Zona Safari,82,2140,False,2026-01-03 09:00:00
9443,50,Misty,Cueva Celeste,3,15,True,2026-06-06 08:00:00
9444,45,Ash,Isla Canela,42,928,True,2026-05-05 22:00:00
9445,167,Misty,Ruta 1,53,265,True,2026-02-02 19:00:00
9446,120,Misty,Isla Canela,99,673,True,2026-03-07 18:00:00
9447,53,Red,Isla Canela,95,1463,False,2026-02-26 11:00:00
9448,66,Leaf,Monte Moon,30,183,False,2026-02-17 08:00:00
9449,74,Blue,Bosque Verde,54,324,True,2026-02-11 03:00:00
9450,135,Brock,Cueva Celeste,24,441,False,2026-03-22 22:00:00
9451,72,Red,Bosque Verde,70,469,False,2026-06-26 15:00:00
9452,72,Blue,Zona Safari,52,348,True,2026-02-22 09:00:00
9453,120,Ash,Cueva Celeste,67,455,False,2026-05-10 01:00:00
9454,114,Brock,Bosque Verde,64,556,False,2026-02-24 13:00:00
9455,130,Blue,Bosque Verde,81,1530,False,2026-04-19 09:00:00
9456,15,Blue,Ruta 1,97,1726,True,2026-05-18 23:00:00
9457,15,Brock,Bosque Verde,33,587,True,2026-02-19 00:00:00
9458,86,Blue,Ruta 1,15,97,False,2026-04-29 03:00:00
9459,25,Red,Ruta 1,96,1075,True,2026-06-19 23:00:00
9460,139,Red,Isla Canela,34,588,False,2026-03-28 06:00:00
9461,55,Misty,Isla Canela,99,1732,True,2026-06-24 19:00:00
9462,160,Brock,Bosque Verde,26,621,True,2026-03-31 21:00:00
9463,65,Brock,Isla Canela,28,630,True,2026-02-08 03:00:00
9464,15,Misty,Cueva Celeste,11,195,False,2026-03-13 16:00:00
9465,56,Leaf,Isla Canela,56,341,True,2026-04-12 08:00:00
9466,74,Ash,Zona Safari,27,162,False,2026-05-02 18:00:00
9467,61,Leaf,Bosque Verde,88,1188,False,2026-05-24 01:00:00
9468,163,Misty,Isla Canela,44,228,False,2026-05-18 07:00:00
9469,91,Ash,Ruta 1,22,404,False,2026-05-01 14:00:00
9470,88,Leaf,Monte Moon,28,182,True,2026-04-30 06:00:00
9471,94,Blue,Isla Canela,92,2070,True,2026-02-11 12:00:00
9472,40,Misty,Zona Safari,73,1430,True,2026-02-27 10:00:00
9473,29,Ash,Zona Safari,53,291,False,2026-03-31 05:00:00
9474,82,Brock,Bosque Verde,68,1108,True,2026-02-03 13:00:00
9475,181,Blue,Monte Moon,13,299,True,2026-02-04 19:00:00
9476,117,Leaf,Isla Canela,57,877,False,2026-06-08 23:00:00
9477,118,Leaf,Cueva Celeste,7,44,False,2026-03-30 08:00:00
9478,159,Brock,Bosque Verde,31,440,False,2026-01-28 07:00:00
9479,195,Blue,Ruta 1,92,1389,True,2026-02-28 07:00:00
9480,175,Misty,Bosque Verde,59,289,True,2026-06-05 07:00:00
9481,40,Blue,Isla Canela,69,1352,False,2026-03-01 19:00:00
9482,182,Ash,Isla Canela,9,198,False,2026-01-20 12:00:00
9483,42,Ash,Cueva Celeste,84,1335,False,2026-01-18 13:00:00
9484,87,Brock,Zona Safari,51,846,True,2026-04-06 21:00:00
9485,104,Red,Isla Canela,49,313,False,2026-01-29 13:00:00
9486,68,Red,Zona Safari,2,45,False,2026-04-11 06:00:00
9487,143,Ash,Zona Safari,45,850,True,2026-05-25 01:00:00
9488,15,Ash,Isla Canela,15,267,False,2026-03-11 22:00:00
9489,100,Leaf,Zona Safari,76,501,False,2026-01-09 07:00:00
9490,192,Misty,Zona Safari,46,685,True,2026-02-10 18:00:00
9491,181,Misty,Monte Moon,53,1219,True,2026-05-25 13:00:00
9492,136,Blue,Bosque Verde,94,1729,False,2026-05-03 04:00:00
9493,101,Ash,Bosque Verde,74,1272,True,2026-04-22 21:00:00
9494,191,Leaf,Isla Canela,43,154,True,2026-05-21 11:00:00
9495,156,Brock,Monte Moon,69,979,True,2026-04-07 03:00:00
9496,75,Brock,Cueva Celeste,75,1027,True,2026-06-23 02:00:00
9497,29,Red,Isla Canela,78,429,True,2026-02-17 10:00:00
9498,103,Red,Monte Moon,66,1227,True,2026-06-25 00:00:00
9499,43,Leaf,Bosque Verde,46,294,True,2026-04-13 09:00:00
9500,131,Brock,Bosque Verde,55,1028,True,2026-01-21 23:00:00
9501,43,Red,Ruta 1,79,505,True,2026-04-28 00:00:00
9502,66,Misty,Ruta 1,38,231,False,2026-06-29 09:00:00
9503,167,Ash,Cueva Celeste,7,35,True,2026-01-31 08:00:00
9504,97,Leaf,Ruta 1,60,1014,True,2026-01-06 23:00:00
9505,123,Brock,Isla Canela,25,250,True,2026-05-10 23:00:00
9506,128,Red,Ruta 1,4,68,True,2026-05-17 19:00:00
9507,23,Red,Cueva Celeste,18,104,False,2026-03-14 16:00:00
9508,135,Ash,Ruta 1,82,1508,True,2026-02-19 13:00:00
9509,177,Blue,Monte Moon,95,608,True,2026-01-30 20:00:00
9510,23,Misty,Ruta 1,92,533,False,2026-06-02 05:00:00
9511,115,Misty,Cueva Celeste,27,464,False,2026-06-11 03:00:00
9512,141,Leaf,Monte Moon,15,259,False,2026-05-28 09:00:00
9513,140,Misty,Zona Safari,11,78,False,2026-01-08 15:00:00
9514,85,Red,Cueva Celeste,70,1155,False,2026-02-07 22:00:00
9515,27,Misty,Monte Moon,81,486,False,2026-01-02 23:00:00
9516,199,Leaf,Isla Canela,8,137,False,2026-02-18 05:00:00
9517,113,Ash,Isla Canela,97,3831,True,2026-04-15 17:00:00
9518,16,Red,Bosque Verde,91,455,True,2026-03-25 14:00:00
9519,135,Leaf,Isla Canela,8,147,False,2026-03-13 16:00:00
9520,112,Leaf,Monte Moon,3,51,False,2026-01-24 22:00:00
9521,31,Brock,Monte Moon,1,22,True,2026-02-25 10:00:00
9522,83,Misty,Bosque Verde,89,1174,True,2026-04-27 03:00:00
9523,23,Ash,Monte Moon,89,516,False,2026-06-17 05:00:00
9524,47,Red,Zona Safari,26,369,True,2026-04-05 16:00:00
9525,120,Ash,Monte Moon,84,571,False,2026-05-19 05:00:00
9526,77,Blue,Zona Safari,82,672,True,2026-01-03 21:00:00
9527,175,Leaf,Bosque Verde,74,362,False,2026-02-28 07:00:00
9528,18,Red,Zona Safari,80,1728,True,2026-06-24 04:00:00
9529,3,Brock,Cueva Celeste,15,354,False,2026-02-05 16:00:00
9530,42,Blue,Isla Canela,45,715,True,2026-06-02 08:00:00
9531,86,Misty,Cueva Celeste,54,351,False,2026-03-22 10:00:00
9532,118,Leaf,Cueva Celeste,75,480,True,2026-02-27 23:00:00
9533,81,Blue,Isla Canela,22,143,False,2026-02-10 00:00:00
9534,7,Brock,Isla Canela,32,201,False,2026-04-14 23:00:00
9535,10,Brock,Monte Moon,53,206,False,2026-03-13 19:00:00
9536,179,Blue,Isla Canela,84,470,True,2026-04-26 00:00:00
9537,74,Misty,Isla Canela,68,408,True,2026-05-24 08:00:00
9538,27,Red,Bosque Verde,77,462,True,2026-02-09 06:00:00
9539,154,Blue,Bosque Verde,59,1392,True,2026-02-03 08:00:00
9540,168,Ash,Monte Moon,77,1078,False,2026-06-24 04:00:00
9541,108,Leaf,Monte Moon,35,269,True,2026-05-30 15:00:00
9542,81,Leaf,Bosque Verde,34,221,True,2026-01-08 23:00:00
9543,44,Leaf,Bosque Verde,30,414,True,2026-06-24 14:00:00
9544,122,Misty,Bosque Verde,58,933,True,2026-05-03 10:00:00
9545,124,Misty,Isla Canela,42,667,False,2026-02-23 02:00:00
9546,28,Red,Isla Canela,15,237,True,2026-01-28 23:00:00
9547,185,Misty,Bosque Verde,32,460,False,2026-02-02 22:00:00
9548,76,Ash,Bosque Verde,25,557,False,2026-06-30 03:00:00
9549,17,Misty,Ruta 1,89,1085,False,2026-04-13 14:00:00
9550,175,Blue,Monte Moon,75,367,False,2026-01-24 00:00:00
9551,62,Red,Ruta 1,25,575,True,2026-01-24 11:00:00
9552,188,Misty,Cueva Celeste,10,119,True,2026-05-06 01:00:00
9553,72,Red,Zona Safari,79,529,True,2026-06-01 01:00:00
9554,54,Leaf,Ruta 1,79,505,False,2026-04-25 05:00:00
9555,125,Leaf,Ruta 1,77,1324,False,2026-04-29 02:00:00
9556,62,Blue,Zona Safari,19,437,True,2026-04-20 21:00:00
9557,187,Red,Cueva Celeste,57,285,False,2026-06-03 07:00:00
9558,177,Red,Monte Moon,4,25,True,2026-04-08 11:00:00
9559,106,Blue,Bosque Verde,71,1128,True,2026-02-16 17:00:00
9560,52,Misty,Isla Canela,47,272,False,2026-05-06 06:00:00
9561,150,Misty,Isla Canela,39,1193,False,2026-06-29 13:00:00
9562,108,Brock,Zona Safari,72,554,False,2026-03-25 17:00:00
9563,111,Brock,Bosque Verde,19,131,False,2026-04-14 23:00:00
9564,155,Red,Monte Moon,27,167,False,2026-01-01 14:00:00
9565,196,Ash,Monte Moon,93,1711,False,2026-03-05 19:00:00
9566,50,Misty,Isla Canela,85,450,True,2026-03-06 19:00:00
9567,193,Misty,Monte Moon,45,351,True,2026-01-14 18:00:00
9568,16,Leaf,Zona Safari,38,190,True,2026-02-19 16:00:00
9569,94,Misty,Bosque Verde,33,742,False,2026-03-11 16:00:00
9570,83,Ash,Ruta 1,21,277,False,2026-05-23 19:00:00
9571,34,Brock,Ruta 1,36,817,False,2026-03-24 06:00:00
9572,14,Leaf,Cueva Celeste,28,201,False,2026-04-05 14:00:00
9573,164,Leaf,Ruta 1,13,205,False,2026-06-29 16:00:00
9574,117,Red,Monte Moon,6,92,True,2026-06-19 04:00:00
9575,192,Brock,Isla Canela,46,685,True,2026-02-27 11:00:00
9576,149,Red,Cueva Celeste,26,702,True,2026-04-19 04:00:00
9577,130,Blue,Isla Canela,10,189,True,2026-05-18 13:00:00
9578,20,Brock,Cueva Celeste,66,957,True,2026-04-21 01:00:00
9579,63,Blue,Cueva Celeste,79,489,False,2026-04-07 04:00:00
9580,19,Red,Zona Safari,43,219,False,2026-05-12 04:00:00
9581,194,Brock,Bosque Verde,70,294,True,2026-04-06 09:00:00
9582,58,Blue,Monte Moon,18,126,False,2026-05-31 17:00:00
9583,199,Red,Ruta 1,28,481,True,2026-05-16 22:00:00
9584,122,Leaf,Bosque Verde,63,1014,True,2026-06-08 14:00:00
9585,93,Misty,Cueva Celeste,49,695,True,2026-06-12 21:00:00
9586,82,Brock,Monte Moon,16,260,True,2026-05-24 05:00:00
9587,155,Red,Bosque Verde,20,124,False,2026-04-04 02:00:00
9588,155,Brock,Isla Canela,94,582,True,2026-05-14 13:00:00
9589,122,Ash,Ruta 1,62,998,True,2026-05-04 06:00:00
9590,80,Blue,Zona Safari,45,774,True,2026-03-31 18:00:00
9591,130,Misty,Isla Canela,79,1493,False,2026-01-20 23:00:00
9592,99,Blue,Isla Canela,49,813,True,2026-01-25 10:00:00
9593,76,Leaf,Ruta 1,5,111,True,2026-04-01 14:00:00
9594,6,Leaf,Cueva Celeste,41,983,False,2026-06-17 18:00:00
9595,36,Misty,Monte Moon,76,1649,True,2026-06-22 01:00:00
9596,132,Leaf,Monte Moon,82,828,False,2026-05-21 20:00:00
9597,141,Red,Isla Canela,7,121,False,2026-02-27 03:00:00
9598,160,Misty,Cueva Celeste,8,191,True,2026-02-26 10:00:00
9599,126,Brock,Bosque Verde,80,1384,False,2026-04-20 03:00:00
9600,150,Misty,Cueva Celeste,2,61,True,2026-03-02 13:00:00
9601,136,Misty,Monte Moon,86,1582,True,2026-02-16 01:00:00
9602,82,Leaf,Cueva Celeste,57,929,True,2026-05-05 07:00:00
9603,115,Misty,Monte Moon,36,619,True,2026-06-11 17:00:00
9604,84,Misty,Monte Moon,43,266,False,2026-04-27 06:00:00
9605,95,Misty,Ruta 1,48,369,True,2026-03-21 09:00:00
9606,92,Red,Isla Canela,72,446,False,2026-01-25 05:00:00
9607,186,Brock,Ruta 1,40,900,False,2026-04-02 13:00:00
9608,93,Blue,Isla Canela,94,1334,False,2026-04-02 13:00:00
9609,142,Blue,Monte Moon,66,1188,True,2026-03-11 23:00:00
9610,134,Misty,Bosque Verde,73,1343,True,2026-03-03 00:00:00
9611,160,Misty,Zona Safari,26,621,True,2026-05-02 02:00:00
9612,170,Red,Isla Canela,48,316,False,2026-06-01 13:00:00
9613,59,Ash,Monte Moon,66,1280,True,2026-01-15 05:00:00
9614,24,Red,Zona Safari,71,1114,True,2026-04-08 19:00:00
9615,101,Ash,Isla Canela,21,361,True,2026-03-09 12:00:00
9616,160,Brock,Isla Canela,26,621,True,2026-02-27 17:00:00
9617,189,Red,Ruta 1,19,393,False,2026-06-01 00:00:00
9618,7,Brock,Isla Canela,49,308,False,2026-01-14 21:00:00
9619,81,Ash,Bosque Verde,3,19,False,2026-05-21 21:00:00
9620,30,Brock,Bosque Verde,81,1036,True,2026-05-04 14:00:00
9621,96,Blue,Bosque Verde,26,171,True,2026-02-19 21:00:00
9622,184,Misty,Zona Safari,23,434,False,2026-05-30 05:00:00
9623,28,Red,Monte Moon,22,347,False,2026-06-12 18:00:00
9624,109,Misty,Cueva Celeste,85,578,True,2026-01-06 09:00:00
9625,145,Brock,Monte Moon,55,1435,False,2026-03-19 11:00:00
9626,154,Ash,Isla Canela,46,1085,False,2026-06-05 19:00:00
9627,89,Red,Cueva Celeste,7,122,True,2026-05-12 22:00:00
9628,160,Misty,Isla Canela,15,358,True,2026-04-07 08:00:00
9629,52,Misty,Cueva Celeste,28,162,True,2026-03-08 11:00:00
9630,41,Leaf,Bosque Verde,78,382,True,2026-02-04 03:00:00
9631,43,Blue,Zona Safari,97,620,True,2026-02-14 16:00:00
9632,79,Ash,Isla Canela,69,434,True,2026-05-08 19:00:00
9633,48,Leaf,Monte Moon,19,115,True,2026-06-04 07:00:00
9634,194,Blue,Bosque Verde,18,75,True,2026-06-01 11:00:00
9635,148,Leaf,Monte Moon,44,646,True,2026-01-15 10:00:00
9636,181,Ash,Zona Safari,65,1495,True,2026-03-03 19:00:00
9637,101,Ash,Ruta 1,93,1599,False,2026-06-07 07:00:00
9638,65,Red,Isla Canela,24,540,True,2026-04-26 04:00:00
9639,1,Misty,Ruta 1,2,12,True,2026-06-18 22:00:00
9640,77,Red,Zona Safari,50,410,False,2026-02-09 08:00:00
9641,1,Brock,Isla Canela,59,377,True,2026-02-27 02:00:00
9642,9,Ash,Bosque Verde,75,1792,False,2026-06-24 04:00:00
9643,145,Ash,Monte Moon,66,1722,False,2026-04-02 00:00:00
9644,1,Brock,Cueva Celeste,66,422,False,2026-01-22 05:00:00
9645,42,Brock,Bosque Verde,67,1065,False,2026-04-29 09:00:00
9646,73,Blue,Isla Canela,98,1764,True,2026-02-09 05:00:00
9647,72,Leaf,Cueva Celeste,82,549,True,2026-05-01 05:00:00
9648,191,Leaf,Zona Safari,29,104,False,2026-01-25 13:00:00
9649,108,Red,Bosque Verde,68,523,False,2026-06-15 11:00:00
9650,139,Ash,Isla Canela,95,1643,True,2026-05-10 10:00:00
9651,100,Ash,Monte Moon,81,534,False,2026-02-06 14:00:00
9652,98,Leaf,Isla Canela,5,32,False,2026-03-19 01:00:00
9653,167,Leaf,Cueva Celeste,8,40,False,2026-05-11 07:00:00
9654,150,Blue,Zona Safari,31,948,False,2026-01-24 04:00:00
9655,111,Ash,Bosque Verde,47,324,True,2026-05-20 14:00:00
9656,161,Brock,Ruta 1,47,202,True,2026-06-05 10:00:00
9657,62,Brock,Monte Moon,77,1771,True,2026-03-21 19:00:00
9658,81,Red,Zona Safari,90,585,True,2026-02-06 16:00:00
9659,187,Ash,Ruta 1,77,385,False,2026-03-04 01:00:00
9660,130,Leaf,Monte Moon,31,585,False,2026-04-08 16:00:00
9661,31,Leaf,Cueva Celeste,59,1339,True,2026-03-12 02:00:00
9662,133,Misty,Monte Moon,97,630,False,2026-06-05 01:00:00
9663,95,Brock,Bosque Verde,14,107,True,2026-02-11 18:00:00
9664,97,Leaf,Isla Canela,78,1318,True,2026-06-16 02:00:00
9665,177,Misty,Bosque Verde,57,364,False,2026-02-21 08:00:00
9666,191,Red,Isla Canela,4,14,False,2026-04-01 06:00:00
9667,96,Ash,Monte Moon,54,356,True,2026-05-27 14:00:00
9668,50,Leaf,Isla Canela,2,10,True,2026-06-05 17:00:00
9669,189,Ash,Monte Moon,42,869,True,2026-05-15 02:00:00
9670,48,Blue,Zona Safari,33,201,False,2026-03-18 16:00:00
9671,144,Misty,Bosque Verde,86,2244,False,2026-06-12 04:00:00
9672,61,Red,Zona Safari,79,1066,True,2026-05-23 08:00:00
9673,108,Leaf,Isla Canela,58,446,True,2026-02-12 05:00:00
9674,74,Blue,Monte Moon,88,528,False,2026-05-18 13:00:00
9675,125,Misty,Isla Canela,74,1272,True,2026-01-15 04:00:00
9676,15,Blue,Isla Canela,100,1780,False,2026-03-26 19:00:00
9677,33,Ash,Isla Canela,75,960,True,2026-05-21 20:00:00
9678,124,Red,Isla Canela,79,1256,False,2026-04-08 23:00:00
9679,160,Blue,Cueva Celeste,64,1529,True,2026-01-03 11:00:00
9680,54,Ash,Isla Canela,21,134,False,2026-02-26 08:00:00
9681,20,Brock,Isla Canela,31,449,False,2026-01-05 06:00:00
9682,21,Ash,Zona Safari,2,10,False,2026-02-03 20:00:00
9683,138,Ash,Ruta 1,82,582,True,2026-05-22 09:00:00
9684,31,Blue,Cueva Celeste,37,839,False,2026-02-14 16:00:00
9685,200,Blue,Isla Canela,46,400,True,2026-05-06 05:00:00
9686,46,Brock,Zona Safari,97,552,False,2026-06-18 05:00:00
9687,39,Misty,Ruta 1,65,617,False,2026-06-30 13:00:00
9688,99,Red,Ruta 1,73,1211,True,2026-03-18 21:00:00
9689,168,Blue,Bosque Verde,73,1022,False,2026-02-18 21:00:00
9690,69,Blue,Ruta 1,20,120,False,2026-02-11 22:00:00
9691,43,Red,Isla Canela,15,96,False,2026-05-17 05:00:00
9692,137,Misty,Isla Canela,16,126,True,2026-02-17 17:00:00
9693,28,Blue,Monte Moon,7,110,True,2026-01-17 08:00:00
9694,85,Leaf,Ruta 1,13,214,True,2026-01-28 20:00:00
9695,180,Ash,Zona Safari,29,371,True,2026-06-05 06:00:00
9696,154,Ash,Isla Canela,59,1392,False,2026-01-14 10:00:00
9697,146,Leaf,Monte Moon,73,1905,True,2026-06-24 23:00:00
9698,149,Leaf,Isla Canela,65,1755,True,2026-05-03 11:00:00
9699,152,Leaf,Isla Canela,14,89,True,2026-03-02 03:00:00
9700,105,Ash,Zona Safari,17,253,True,2026-04-19 23:00:00
9701,123,Red,Cueva Celeste,92,919,False,2026-01-09 12:00:00
9702,18,Red,Ruta 1,2,43,False,2026-04-02 00:00:00
9703,183,Red,Zona Safari,38,334,True,2026-02-05 09:00:00
9704,2,Brock,Isla Canela,57,809,True,2026-04-25 13:00:00
9705,180,Misty,Ruta 1,81,1036,False,2026-02-25 05:00:00
9706,105,Red,Zona Safari,77,1147,False,2026-02-24 22:00:00
9707,34,Brock,Ruta 1,30,681,True,2026-06-01 13:00:00
9708,182,Misty,Monte Moon,35,773,True,2026-04-04 12:00:00
9709,121,Blue,Cueva Celeste,81,1474,True,2026-04-03 03:00:00
9710,45,Ash,Cueva Celeste,57,1259,True,2026-06-01 23:00:00
9711,174,Blue,Bosque Verde,40,168,True,2026-06-17 00:00:00
9712,176,Leaf,Isla Canela,96,1363,True,2026-01-30 11:00:00
9713,8,Red,Monte Moon,99,1405,False,2026-01-16 05:00:00
9714,1,Misty,Ruta 1,73,467,True,2026-06-08 10:00:00
9715,144,Red,Bosque Verde,66,1722,True,2026-06-08 07:00:00
9716,40,Leaf,Bosque Verde,14,274,True,2026-06-18 03:00:00
9717,44,Ash,Zona Safari,4,55,False,2026-04-09 13:00:00
9718,162,Leaf,Bosque Verde,6,87,False,2026-06-19 10:00:00
9719,193,Ash,Ruta 1,50,390,False,2026-06-24 11:00:00
9720,132,Blue,Monte Moon,95,959,False,2026-03-15 11:00:00
9721,36,Blue,Ruta 1,69,1497,True,2026-03-07 11:00:00
9722,59,Misty,Monte Moon,56,1086,False,2026-02-16 10:00:00
9723,114,Ash,Cueva Celeste,48,417,True,2026-01-05 01:00:00
9724,22,Brock,Zona Safari,1,15,False,2026-04-01 12:00:00
9725,19,Blue,Isla Canela,68,346,False,2026-05-09 12:00:00
9726,193,Red,Cueva Celeste,32,249,True,2026-06-04 14:00:00
9727,183,Brock,Zona Safari,93,818,False,2026-04-17 18:00:00
9728,120,Misty,Cueva Celeste,66,448,False,2026-06-28 18:00:00
9729,74,Misty,Isla Canela,37,222,True,2026-04-14 21:00:00
9730,51,Red,Isla Canela,10,149,True,2026-04-05 09:00:00
9731,53,Blue,Cueva Celeste,12,184,False,2026-01-27 14:00:00
9732,9,Leaf,Ruta 1,27,645,True,2026-02-18 04:00:00
9733,52,Brock,Monte Moon,35,203,True,2026-02-08 07:00:00
9734,132,Ash,Monte Moon,26,262,True,2026-05-15 15:00:00
9735,162,Ash,Monte Moon,15,217,True,2026-04-25 01:00:00
9736,194,Leaf,Zona Safari,19,79,False,2026-06-09 22:00:00
9737,127,Misty,Cueva Celeste,40,700,False,2026-01-20 09:00:00
9738,107,Leaf,Isla Canela,79,1256,True,2026-01-04 16:00:00
9739,46,Misty,Cueva Celeste,21,119,False,2026-05-27 08:00:00
9740,196,Blue,Zona Safari,69,1269,False,2026-06-24 05:00:00
9741,156,Misty,Ruta 1,59,837,True,2026-02-24 19:00:00
9742,94,Ash,Ruta 1,60,1350,True,2026-04-25 05:00:00
9743,99,Brock,Isla Canela,42,697,False,2026-01-14 11:00:00
9744,132,Leaf,Isla Canela,32,323,True,2026-02-23 03:00:00
9745,58,Red,Bosque Verde,13,91,False,2026-06-28 19:00:00
9746,80,Ash,Cueva Celeste,87,1496,True,2026-04-02 21:00:00
9747,162,Red,Bosque Verde,25,362,True,2026-06-02 17:00:00
9748,177,Misty,Bosque Verde,67,428,True,2026-03-05 08:00:00
9749,155,Ash,Cueva Celeste,59,365,True,2026-01-03 10:00:00
9750,164,Red,Monte Moon,9,142,False,2026-04-02 06:00:00
9751,195,Leaf,Isla Canela,34,513,False,2026-02-18 11:00:00
9752,39,Ash,Monte Moon,61,579,True,2026-02-06 07:00:00
9753,104,Misty,Bosque Verde,76,486,True,2026-05-04 21:00:00
9754,49,Brock,Isla Canela,67,1058,False,2026-05-22 06:00:00
9755,91,Blue,Bosque Verde,98,1803,True,2026-02-01 18:00:00
9756,101,Blue,Cueva Celeste,40,688,True,2026-02-26 04:00:00
9757,185,Brock,Ruta 1,78,1123,True,2026-05-10 00:00:00
9758,93,Blue,Isla Canela,51,724,True,2026-05-02 00:00:00
9759,25,Brock,Monte Moon,80,896,False,2026-05-01 23:00:00
9760,192,Leaf,Ruta 1,99,1475,False,2026-06-07 17:00:00
9761,181,Misty,Zona Safari,8,184,True,2026-01-28 20:00:00
9762,195,Leaf,Monte Moon,24,362,False,2026-05-14 22:00:00
9763,187,Leaf,Monte Moon,17,85,False,2026-02-24 13:00:00
9764,36,Leaf,Zona Safari,31,672,False,2026-04-05 05:00:00
9765,3,Blue,Zona Safari,39,920,True,2026-03-15 23:00:00
9766,144,Brock,Cueva Celeste,14,365,False,2026-03-18 19:00:00
9767,130,Red,Ruta 1,2,37,False,2026-04-13 03:00:00
9768,186,Ash,Ruta 1,75,1687,True,2026-02-22 09:00:00
9769,37,Ash,Bosque Verde,44,264,False,2026-01-29 03:00:00
9770,77,Blue,Zona Safari,75,615,False,2026-02-04 07:00:00
9771,112,Ash,Isla Canela,42,714,True,2026-02-23 06:00:00
9772,63,Misty,Ruta 1,61,378,False,2026-03-02 15:00:00
9773,25,Blue,Cueva Celeste,54,604,True,2026-04-09 15:00:00
9774,190,Brock,Cueva Celeste,79,568,True,2026-03-10 12:00:00
9775,21,Brock,Monte Moon,66,343,True,2026-02-09 07:00:00
9776,156,Leaf,Bosque Verde,42,596,False,2026-03-20 12:00:00
9777,123,Misty,Isla Canela,51,509,True,2026-06-25 02:00:00
9778,101,Ash,Ruta 1,56,963,False,2026-01-28 18:00:00
9779,160,Red,Monte Moon,8,191,False,2026-06-27 00:00:00
9780,193,Red,Cueva Celeste,99,772,False,2026-05-17 05:00:00
9781,84,Red,Bosque Verde,51,316,False,2026-04-09 12:00:00
9782,121,Red,Ruta 1,3,54,False,2026-06-02 06:00:00
9783,80,Misty,Ruta 1,87,1496,False,2026-03-27 08:00:00
9784,81,Misty,Cueva Celeste,45,292,True,2026-05-04 11:00:00
9785,176,Red,Cueva Celeste,22,312,True,2026-04-25 17:00:00
9786,177,Leaf,Cueva Celeste,20,128,True,2026-06-29 08:00:00
9787,80,Blue,Isla Canela,65,1118,True,2026-04-26 17:00:00
9788,163,Leaf,Isla Canela,37,192,True,2026-04-10 23:00:00
9789,119,Brock,Bosque Verde,36,568,False,2026-04-10 12:00:00
9790,72,Brock,Monte Moon,54,361,True,2026-04-24 11:00:00
9791,70,Misty,Cueva Celeste,83,1137,False,2026-01-08 10:00:00
9792,179,Red,Monte Moon,4,22,False,2026-04-23 19:00:00
9793,1,Ash,Monte Moon,85,544,True,2026-02-07 09:00:00
9794,60,Ash,Zona Safari,80,480,False,2026-04-15 16:00:00
9795,144,Leaf,Zona Safari,36,939,True,2026-06-06 05:00:00
9796,78,Blue,Isla Canela,15,262,False,2026-06-06 04:00:00
9797,15,Ash,Monte Moon,35,623,True,2026-04-01 21:00:00
9798,154,Ash,Bosque Verde,80,1888,False,2026-06-06 19:00:00
9799,32,Ash,Monte Moon,100,550,False,2026-01-30 18:00:00
9800,33,Blue,Monte Moon,27,345,True,2026-01-28 20:00:00
9801,63,Blue,Monte Moon,66,409,True,2026-05-25 05:00:00
9802,93,Red,Ruta 1,9,127,False,2026-03-24 05:00:00
9803,49,Blue,Zona Safari,24,379,True,2026-01-10 10:00:00
9804,36,Blue,Cueva Celeste,7,151,False,2026-05-30 20:00:00
9805,108,Brock,Monte Moon,2,15,True,2026-04-26 13:00:00
9806,151,Brock,Zona Safari,69,1863,False,2026-04-22 05:00:00
9807,116,Leaf,Zona Safari,14,82,True,2026-06-15 04:00:00
9808,93,Red,Ruta 1,53,752,False,2026-05-28 09:00:00
9809,8,Red,Cueva Celeste,69,979,False,2026-02-07 10:00:00
9810,3,Leaf,Bosque Verde,18,424,False,2026-02-08 15:00:00
9811,183,Blue,Cueva Celeste,74,651,True,2026-06-15 16:00:00
9812,180,Misty,Bosque Verde,26,332,True,2026-05-07 00:00:00
9813,29,Red,Zona Safari,80,440,False,2026-04-17 10:00:00
9814,133,Brock,Cueva Celeste,41,266,False,2026-01-28 07:00:00
9815,81,Ash,Monte Moon,55,357,False,2026-01-06 08:00:00
9816,160,Leaf,Zona Safari,76,1816,False,2026-03-05 03:00:00
9817,75,Misty,Zona Safari,60,822,True,2026-05-17 00:00:00
9818,155,Leaf,Zona Safari,43,266,False,2026-05-17 23:00:00
9819,2,Blue,Monte Moon,58,823,True,2026-05-06 06:00:00
9820,79,Blue,Zona Safari,99,623,True,2026-01-28 15:00:00
9821,132,Ash,Isla Canela,43,434,False,2026-03-31 17:00:00
9822,28,Ash,Bosque Verde,4,63,True,2026-03-17 08:00:00
9823,164,Blue,Isla Canela,13,205,True,2026-06-22 11:00:00
9824,163,Brock,Monte Moon,99,514,True,2026-06-09 16:00:00
9825,75,Ash,Monte Moon,37,506,True,2026-06-11 09:00:00
9826,97,Leaf,Cueva Celeste,5,84,False,2026-02-17 09:00:00
9827,142,Blue,Ruta 1,77,1386,False,2026-02-13 20:00:00
9828,65,Brock,Isla Canela,96,2160,False,2026-02-03 18:00:00
9829,37,Ash,Zona Safari,60,360,True,2026-05-17 09:00:00
9830,146,Blue,Monte Moon,36,939,False,2026-04-01 09:00:00
9831,71,Ash,Zona Safari,5,110,False,2026-03-23 07:00:00
9832,20,Leaf,Ruta 1,83,1203,True,2026-03-28 18:00:00
9833,148,Blue,Bosque Verde,56,823,False,2026-03-27 22:00:00
9834,168,Red,Bosque Verde,31,434,True,2026-03-04 06:00:00
9835,3,Brock,Isla Canela,40,944,False,2026-01-22 16:00:00
9836,163,Leaf,Isla Canela,35,182,False,2026-01-11 09:00:00
9837,66,Red,Bosque Verde,90,549,False,2026-05-18 09:00:00
9838,82,Brock,Zona Safari,58,945,True,2026-02-01 02:00:00
9839,191,Misty,Cueva Celeste,39,140,True,2026-04-21 16:00:00
9840,187,Misty,Cueva Celeste,88,440,True,2026-01-15 13:00:00
9841,125,Brock,Isla Canela,80,1376,True,2026-01-09 23:00:00
9842,129,Ash,Monte Moon,96,384,True,2026-03-21 21:00:00
9843,106,Brock,Bosque Verde,86,1367,False,2026-04-28 21:00:00
9844,144,Misty,Monte Moon,19,495,True,2026-03-24 15:00:00
9845,184,Misty,Ruta 1,37,699,False,2026-03-29 04:00:00
9846,188,Brock,Zona Safari,79,940,False,2026-05-25 23:00:00
9847,57,Misty,Cueva Celeste,63,1001,True,2026-05-17 20:00:00
9848,136,Brock,Isla Canela,55,1012,False,2026-04-03 19:00:00
9849,63,Ash,Bosque Verde,37,229,True,2026-04-16 02:00:00
9850,13,Ash,Monte Moon,8,31,True,2026-06-16 13:00:00
9851,125,Ash,Zona Safari,89,1530,False,2026-06-04 00:00:00
9852,137,Red,Isla Canela,70,553,False,2026-02-21 12:00:00
9853,19,Ash,Monte Moon,85,433,False,2026-02-06 19:00:00
9854,166,Red,Isla Canela,49,671,False,2026-01-18 05:00:00
9855,158,Blue,Monte Moon,37,233,True,2026-05-14 01:00:00
9856,174,Ash,Isla Canela,58,243,False,2026-06-25 12:00:00
9857,33,Red,Cueva Celeste,79,1011,False,2026-05-01 19:00:00
9858,2,Red,Isla Canela,43,610,False,2026-04-08 00:00:00
9859,87,Red,Zona Safari,86,1427,False,2026-01-04 18:00:00
9860,85,Red,Cueva Celeste,50,825,False,2026-04-29 03:00:00
9861,80,Red,Isla Canela,11,189,False,2026-01-19 01:00:00
9862,6,Blue,Bosque Verde,45,1080,False,2026-06-07 19:00:00
9863,171,Blue,Monte Moon,57,917,True,2026-03-21 00:00:00
9864,4,Leaf,Bosque Verde,60,372,False,2026-02-16 23:00:00
9865,142,Blue,Cueva Celeste,66,1188,False,2026-06-17 11:00:00
9866,68,Red,Zona Safari,38,862,True,2026-04-11 09:00:00
9867,192,Blue,Monte Moon,17,253,True,2026-04-13 10:00:00
9868,156,Red,Cueva Celeste,39,553,False,2026-02-16 00:00:00
9869,150,Ash,Isla Canela,16,489,False,2026-05-16 21:00:00
9870,88,Leaf,Zona Safari,14,91,True,2026-02-01 23:00:00
9871,63,Misty,Cueva Celeste,33,204,True,2026-06-22 04:00:00
9872,180,Leaf,Zona Safari,17,217,False,2026-05-31 03:00:00
9873,142,Ash,Ruta 1,14,251,True,2026-04-06 04:00:00
9874,35,Leaf,Monte Moon,8,90,False,2026-04-12 12:00:00
9875,148,Brock,Ruta 1,85,1249,True,2026-03-05 20:00:00
9876,39,Ash,Isla Canela,92,873,True,2026-01-23 20:00:00
9877,164,Red,Bosque Verde,64,1011,True,2026-02-02 08:00:00
9878,113,Ash,Isla Canela,84,3318,False,2026-05-29 20:00:00
9879,38,Brock,Bosque Verde,28,495,True,2026-04-15 02:00:00
9880,85,Red,Bosque Verde,35,577,False,2026-02-01 00:00:00
9881,116,Brock,Isla Canela,26,153,False,2026-02-25 17:00:00
9882,80,Misty,Monte Moon,59,1014,True,2026-03-28 16:00:00
9883,33,Leaf,Monte Moon,51,652,True,2026-05-30 19:00:00
9884,73,Misty,Bosque Verde,99,1782,True,2026-02-14 00:00:00
9885,122,Ash,Isla Canela,89,1432,True,2026-01-15 15:00:00
9886,162,Leaf,Ruta 1,67,971,False,2026-02-14 13:00:00
9887,38,Brock,Monte Moon,36,637,True,2026-03-11 06:00:00
9888,58,Blue,Zona Safari,2,14,True,2026-04-19 18:00:00
9889,53,Blue,Bosque Verde,17,261,True,2026-04-18 19:00:00
9890,176,Blue,Cueva Celeste,88,1249,False,2026-05-26 07:00:00
9891,20,Blue,Bosque Verde,99,1435,False,2026-06-22 17:00:00
9892,153,Red,Isla Canela,5,71,True,2026-06-22 22:00:00
9893,149,Red,Ruta 1,61,1647,False,2026-06-07 02:00:00
9894,164,Blue,Zona Safari,42,663,True,2026-05-15 19:00:00
9895,122,Red,Zona Safari,83,1336,True,2026-05-18 16:00:00
9896,198,Ash,Isla Canela,50,405,False,2026-04-12 14:00:00
9897,45,Red,Cueva Celeste,72,1591,True,2026-05-20 17:00:00
9898,119,Misty,Zona Safari,70,1106,False,2026-05-01 10:00:00
9899,185,Brock,Monte Moon,84,1209,False,2026-05-15 05:00:00
9900,117,Leaf,Monte Moon,21,323,True,2026-04-08 15:00:00
9901,172,Ash,Ruta 1,47,192,False,2026-06-20 06:00:00
9902,157,Ash,Bosque Verde,94,2256,False,2026-04-20 08:00:00
9903,157,Leaf,Bosque Verde,70,1680,False,2026-01-06 05:00:00
9904,77,Blue,Isla Canela,83,680,True,2026-06-10 11:00:00
9905,72,Blue,Zona Safari,51,341,False,2026-06-02 00:00:00
9906,87,Ash,Isla Canela,86,1427,False,2026-02-27 23:00:00
9907,99,Leaf,Bosque Verde,86,1427,False,2026-03-14 06:00:00
9908,79,Blue,Isla Canela,66,415,False,2026-06-26 04:00:00
9909,52,Ash,Ruta 1,82,475,False,2026-04-28 12:00:00
9910,86,Blue,Monte Moon,31,201,False,2026-01-25 01:00:00
9911,22,Blue,Bosque Verde,83,1286,False,2026-01-12 23:00:00
9912,30,Ash,Ruta 1,77,985,False,2026-03-13 10:00:00
9913,115,Red,Cueva Celeste,68,1169,False,2026-03-15 00:00:00
9914,42,Misty,Bosque Verde,39,620,True,2026-05-27 23:00:00
9915,124,Red,Ruta 1,83,1319,False,2026-04-08 02:00:00
9916,47,Blue,Ruta 1,40,568,True,2026-05-11 03:00:00
9917,170,Brock,Cueva Celeste,33,217,True,2026-02-23 13:00:00
9918,150,Ash,Isla Canela,12,367,False,2026-05-10 21:00:00
9919,5,Blue,Zona Safari,100,1420,False,2026-04-18 03:00:00
9920,65,Ash,Bosque Verde,81,1822,False,2026-02-12 12:00:00
9921,44,Leaf,Isla Canela,49,676,False,2026-06-01 00:00:00
9922,132,Red,Isla Canela,11,111,True,2026-03-09 21:00:00
9923,88,Misty,Bosque Verde,64,416,True,2026-05-28 17:00:00
9924,81,Ash,Ruta 1,19,123,False,2026-05-25 04:00:00
9925,175,Brock,Isla Canela,52,254,True,2026-05-04 06:00:00
9926,169,Brock,Isla Canela,25,602,False,2026-01-08 19:00:00
9927,37,Ash,Monte Moon,1,6,True,2026-04-17 07:00:00
9928,24,Brock,Ruta 1,61,957,True,2026-04-17 09:00:00
9929,134,Blue,Cueva Celeste,41,754,False,2026-03-22 07:00:00
9930,94,Brock,Ruta 1,68,1530,False,2026-04-19 11:00:00
9931,117,Blue,Ruta 1,79,1216,False,2026-06-05 08:00:00
9932,47,Blue,Cueva Celeste,10,142,False,2026-04-24 06:00:00
9933,28,Misty,Isla Canela,17,268,True,2026-06-22 09:00:00
9934,183,Brock,Cueva Celeste,80,704,True,2026-04-11 14:00:00
9935,52,Brock,Bosque Verde,99,574,True,2026-06-01 14:00:00
9936,157,Leaf,Zona Safari,99,2376,True,2026-01-10 20:00:00
9937,155,Blue,Isla Canela,62,384,True,2026-05-17 02:00:00
9938,109,Misty,Monte Moon,93,632,True,2026-06-09 03:00:00
9939,71,Misty,Cueva Celeste,72,1591,True,2026-05-04 03:00:00
9940,175,Blue,Bosque Verde,8,39,True,2026-01-02 17:00:00
9941,52,Red,Monte Moon,32,185,False,2026-05-05 21:00:00
9942,147,Misty,Bosque Verde,92,552,True,2026-03-18 14:00:00
9943,164,Misty,Isla Canela,75,1185,False,2026-04-28 10:00:00
9944,165,Blue,Ruta 1,3,15,False,2026-02-27 11:00:00
9945,100,Blue,Cueva Celeste,38,250,True,2026-01-20 12:00:00
9946,122,Blue,Cueva Celeste,99,1593,True,2026-05-09 16:00:00
9947,54,Blue,Cueva Celeste,73,467,True,2026-06-28 09:00:00
9948,10,Ash,Bosque Verde,77,300,True,2026-01-14 21:00:00
9949,195,Misty,Cueva Celeste,44,664,True,2026-02-03 21:00:00
9950,108,Blue,Monte Moon,66,508,True,2026-05-19 10:00:00
9951,175,Misty,Ruta 1,77,377,True,2026-02-01 11:00:00
9952,155,Red,Bosque Verde,82,508,False,2026-02-28 02:00:00
9953,183,Misty,Zona Safari,52,457,True,2026-01-23 00:00:00
9954,114,Red,Monte Moon,49,426,True,2026-03-20 10:00:00
9955,158,Ash,Monte Moon,69,434,True,2026-05-14 15:00:00
9956,113,Leaf,Monte Moon,6,237,True,2026-04-11 07:00:00
9957,15,Leaf,Cueva Celeste,71,1263,False,2026-02-18 03:00:00
9958,71,Red,Bosque Verde,8,176,False,2026-02-15 01:00:00
9959,62,Misty,Isla Canela,13,299,False,2026-04-11 15:00:00
9960,5,Leaf,Cueva Celeste,8,113,True,2026-04-21 13:00:00
9961,119,Ash,Bosque Verde,97,1532,False,2026-05-16 18:00:00
9962,107,Red,Monte Moon,9,143,False,2026-06-20 16:00:00
9963,178,Leaf,Ruta 1,83,1369,False,2026-02-20 06:00:00
9964,103,Misty,Monte Moon,54,1004,False,2026-06-02 18:00:00
9965,61,Ash,Bosque Verde,100,1350,False,2026-05-24 15:00:00
9966,197,Brock,Zona Safari,1,18,True,2026-06-04 00:00:00
9967,45,Red,Cueva Celeste,83,1834,False,2026-02-21 23:00:00
9968,102,Blue,Isla Canela,51,331,False,2026-01-27 19:00:00
9969,48,Blue,Ruta 1,20,122,True,2026-04-25 11:00:00
9970,186,Ash,Monte Moon,83,1867,True,2026-01-25 14:00:00
9971,81,Blue,Monte Moon,58,377,False,2026-01-05 11:00:00
9972,146,Leaf,Monte Moon,28,730,True,2026-02-12 09:00:00
9973,167,Blue,Bosque Verde,84,420,True,2026-05-18 01:00:00
9974,115,Brock,Zona Safari,18,309,True,2026-05-28 17:00:00
9975,131,Blue,Bosque Verde,16,299,True,2026-04-15 21:00:00
9976,78,Blue,Ruta 1,64,1120,False,2026-03-10 12:00:00
9977,18,Blue,Monte Moon,64,1382,True,2026-02-26 06:00:00
9978,133,Red,Bosque Verde,88,572,True,2026-03-06 21:00:00
9979,63,Brock,Zona Safari,68,421,False,2026-02-25 13:00:00
9980,109,Brock,Cueva Celeste,49,333,True,2026-04-06 10:00:00
9981,149,Ash,Ruta 1,72,1944,True,2026-03-22 16:00:00
9982,60,Blue,Zona Safari,51,306,True,2026-06-30 10:00:00
9983,113,Red,Monte Moon,98,3871,False,2026-03-04 21:00:00
9984,145,Blue,Isla Canela,8,208,False,2026-04-22 14:00:00
9985,132,Brock,Ruta 1,86,868,True,2026-06-07 02:00:00
9986,156,Leaf,Isla Canela,3,42,False,2026-06-22 03:00:00
9987,131,Blue,Isla Canela,90,1683,False,2026-01-15 14:00:00
9988,195,Leaf,Zona Safari,14,211,False,2026-01-12 09:00:00
9989,176,Brock,Isla Canela,76,1079,False,2026-05-31 20:00:00
9990,100,Leaf,Isla Canela,21,138,False,2026-03-13 16:00:00
9991,38,Ash,Isla Canela,87,1539,True,2026-01-31 02:00:00
9992,64,Ash,Bosque Verde,90,1260,False,2026-05-03 22:00:00
9993,67,Blue,Cueva Celeste,100,1420,False,2026-04-28 21:00:00
9994,152,Red,Cueva Celeste,87,556,True,2026-02-09 00:00:00
9995,16,Leaf,Zona Safari,1,5,False,2026-02-01 09:00:00
9996,10,Leaf,Isla Canela,66,257,False,2026-06-05 05:00:00
9997,81,Brock,Monte Moon,38,247,True,2026-01-05 07:00:00
9998,173,Ash,Isla Canela,50,220,False,2026-02-08 03:00:00
9999,74,Brock,Isla Canela,78,468,True,2026-03-08 08:00:00
10000,174,Misty,Ruta 1,45,189,True,2026-05-23 21:00:00
10001,186,Blue,Ruta 1,96,2160,False,2026-01-04 23:00:00
10002,99,Misty,Zona Safari,76,1261,True,2026-04-28 18:00:00
10003,172,Leaf,Bosque Verde,58,237,True,2026-05-22 00:00:00
10004,115,Red,Ruta 1,26,447,False,2026-01-31 10:00:00
10005,188,Ash,Isla Canela,96,1142,True,2026-03-12 19:00:00
10006,98,Blue,Isla Canela,92,598,False,2026-04-15 14:00:00
10007,17,Brock,Isla Canela,99,1207,True,2026-06-16 04:00:00
10008,146,Red,Monte Moon,33,861,True,2026-06-27 01:00:00
10009,8,Blue,Monte Moon,51,724,False,2026-03-24 22:00:00
10010,182,Brock,Ruta 1,40,884,True,2026-06-11 00:00:00
10011,54,Brock,Ruta 1,6,38,True,2026-06-25 12:00:00
10012,183,Leaf,Isla Canela,96,844,True,2026-05-29 17:00:00
10013,157,Brock,Isla Canela,52,1248,False,2026-04-27 19:00:00
10014,162,Red,Ruta 1,72,1044,False,2026-04-14 11:00:00
10015,168,Ash,Bosque Verde,19,266,True,2026-04-20 01:00:00
10016,148,Misty,Monte Moon,55,808,False,2026-06-27 23:00:00
10017,184,Leaf,Isla Canela,19,359,False,2026-05-22 20:00:00
10018,70,Leaf,Cueva Celeste,2,27,True,2026-06-23 09:00:00
10019,32,Red,Zona Safari,57,313,True,2026-01-25 20:00:00
10020,23,Red,Bosque Verde,71,411,True,2026-06-24 14:00:00
10021,47,Red,Bosque Verde,37,525,False,2026-01-06 19:00:00
10022,4,Leaf,Isla Canela,20,124,False,2026-02-10 12:00:00
10023,187,Brock,Ruta 1,37,185,True,2026-03-19 21:00:00
10024,147,Blue,Ruta 1,28,168,True,2026-04-25 02:00:00
10025,22,Blue,Ruta 1,16,248,True,2026-01-25 16:00:00
10026,37,Leaf,Isla Canela,19,114,False,2026-03-17 19:00:00
10027,4,Brock,Ruta 1,31,192,False,2026-01-06 13:00:00
10028,78,Blue,Bosque Verde,31,542,False,2026-05-24 21:00:00
10029,78,Blue,Ruta 1,93,1627,True,2026-01-20 06:00:00
10030,148,Blue,Cueva Celeste,22,323,True,2026-01-29 22:00:00
10031,194,Leaf,Ruta 1,26,109,True,2026-03-04 10:00:00
10032,118,Leaf,Isla Canela,82,524,True,2026-05-13 02:00:00
10033,187,Brock,Cueva Celeste,75,375,True,2026-06-13 19:00:00
10034,80,Blue,Isla Canela,97,1668,False,2026-01-09 11:00:00
10035,138,Brock,Monte Moon,61,433,False,2026-04-08 15:00:00
10036,20,Misty,Zona Safari,73,1058,True,2026-03-11 03:00:00
10037,14,Misty,Bosque Verde,99,712,False,2026-05-02 21:00:00
10038,5,Blue,Monte Moon,1,14,False,2026-06-30 15:00:00
10039,191,Ash,Monte Moon,98,352,True,2026-04-29 19:00:00
10040,86,Leaf,Zona Safari,84,546,False,2026-05-18 08:00:00
10041,120,Red,Cueva Celeste,14,95,True,2026-03-27 08:00:00
10042,184,Red,Zona Safari,92,1738,False,2026-02-15 18:00:00
10043,167,Misty,Cueva Celeste,65,325,True,2026-03-23 08:00:00
10044,58,Brock,Isla Canela,83,581,True,2026-06-10 06:00:00
10045,127,Ash,Cueva Celeste,52,910,True,2026-06-04 03:00:00
10046,194,Red,Bosque Verde,41,172,False,2026-06-02 01:00:00
10047,170,Brock,Monte Moon,31,204,True,2026-06-20 03:00:00
10048,122,Misty,Monte Moon,33,531,False,2026-02-13 20:00:00
10049,53,Brock,Monte Moon,85,1309,False,2026-05-07 12:00:00
10050,21,Brock,Isla Canela,15,78,True,2026-06-07 05:00:00
10051,96,Leaf,Zona Safari,100,660,True,2026-05-18 15:00:00
10052,126,Blue,Cueva Celeste,85,1470,False,2026-05-05 03:00:00
10053,158,Red,Monte Moon,99,623,True,2026-05-20 23:00:00
10054,161,Brock,Zona Safari,65,279,True,2026-01-30 04:00:00
10055,110,Ash,Zona Safari,32,550,False,2026-02-09 00:00:00
10056,79,Brock,Cueva Celeste,91,573,False,2026-02-14 08:00:00
10057,116,Red,Isla Canela,23,135,False,2026-02-26 04:00:00
10058,9,Blue,Ruta 1,35,836,True,2026-03-19 08:00:00
10059,2,Red,Zona Safari,35,497,False,2026-06-12 02:00:00
10060,191,Misty,Monte Moon,58,208,False,2026-06-15 17:00:00
10061,87,Red,Zona Safari,19,315,False,2026-01-05 09:00:00
10062,149,Blue,Ruta 1,89,2403,False,2026-03-12 06:00:00
10063,38,Brock,Bosque Verde,85,1504,False,2026-06-08 18:00:00
10064,80,Leaf,Zona Safari,16,275,True,2026-02-09 19:00:00
10065,104,Misty,Bosque Verde,6,38,True,2026-04-05 23:00:00
10066,86,Blue,Isla Canela,7,45,False,2026-05-18 05:00:00
10067,61,Leaf,Monte Moon,52,702,False,2026-06-25 01:00:00
10068,171,Misty,Cueva Celeste,2,32,False,2026-04-07 16:00:00
10069,62,Blue,Cueva Celeste,55,1265,False,2026-06-07 04:00:00
10070,178,Red,Zona Safari,43,709,True,2026-01-01 12:00:00
10071,47,Misty,Monte Moon,22,312,True,2026-03-05 13:00:00
10072,62,Red,Zona Safari,87,2000,False,2026-06-28 19:00:00
10073,95,Brock,Bosque Verde,51,392,False,2026-02-14 15:00:00
10074,2,Blue,Isla Canela,98,1391,True,2026-01-28 13:00:00
10075,3,Blue,Cueva Celeste,79,1864,True,2026-03-11 20:00:00
10076,39,Ash,Bosque Verde,98,931,False,2026-03-28 08:00:00
10077,50,Ash,Ruta 1,18,95,True,2026-06-20 23:00:00
10078,96,Ash,Zona Safari,15,99,False,2026-02-23 04:00:00
10079,21,Misty,Ruta 1,86,447,False,2026-04-27 17:00:00
10080,167,Blue,Isla Canela,22,110,False,2026-06-06 02:00:00
10081,29,Misty,Isla Canela,96,528,False,2026-05-25 00:00:00
10082,170,Misty,Isla Canela,22,145,True,2026-05-28 21:00:00
10083,82,Misty,Zona Safari,31,505,True,2026-04-13 14:00:00
10084,143,Misty,Bosque Verde,89,1682,True,2026-05-09 02:00:00
10085,160,Brock,Monte Moon,56,1338,True,2026-06-19 07:00:00
10086,28,Ash,Isla Canela,75,1185,False,2026-05-04 23:00:00
10087,83,Misty,Ruta 1,86,1135,False,2026-05-08 03:00:00
10088,27,Blue,Cueva Celeste,65,390,True,2026-02-14 23:00:00
10089,125,Leaf,Ruta 1,31,533,False,2026-04-10 00:00:00
10090,156,Brock,Isla Canela,84,1192,False,2026-01-17 12:00:00
10091,189,Ash,Bosque Verde,16,331,False,2026-06-01 20:00:00
10092,19,Red,Monte Moon,42,214,True,2026-04-02 10:00:00
10093,175,Red,Zona Safari,91,445,True,2026-01-25 03:00:00
10094,11,Blue,Ruta 1,84,604,False,2026-01-02 08:00:00
10095,64,Red,Cueva Celeste,82,1148,False,2026-06-15 22:00:00
10096,121,Brock,Zona Safari,82,1492,False,2026-06-15 08:00:00
10097,162,Blue,Zona Safari,46,667,True,2026-01-12 09:00:00
10098,180,Ash,Zona Safari,23,294,True,2026-05-29 23:00:00
10099,131,Blue,Cueva Celeste,30,561,True,2026-05-21 20:00:00
10100,51,Leaf,Isla Canela,36,536,False,2026-06-03 05:00:00
10101,12,Ash,Ruta 1,75,1335,False,2026-06-14 03:00:00
10102,65,Ash,Zona Safari,71,1597,False,2026-06-07 03:00:00
10103,65,Brock,Bosque Verde,35,787,True,2026-02-06 04:00:00
10104,117,Misty,Bosque Verde,86,1324,False,2026-05-04 20:00:00
10105,25,Red,Isla Canela,14,156,True,2026-02-05 14:00:00
10106,51,Misty,Monte Moon,61,908,False,2026-04-24 17:00:00
10107,70,Red,Cueva Celeste,77,1054,False,2026-06-16 04:00:00
10108,138,Brock,Bosque Verde,18,127,False,2026-02-28 08:00:00
10109,12,Misty,Monte Moon,97,1726,True,2026-01-04 05:00:00
10110,84,Misty,Bosque Verde,19,117,False,2026-05-12 20:00:00
10111,8,Ash,Isla Canela,6,85,True,2026-06-19 17:00:00
10112,105,Blue,Ruta 1,41,610,False,2026-03-29 14:00:00
10113,103,Misty,Isla Canela,69,1283,True,2026-06-09 13:00:00
10114,69,Leaf,Isla Canela,49,294,True,2026-05-03 01:00:00
10115,93,Leaf,Isla Canela,15,213,True,2026-06-24 14:00:00
10116,127,Blue,Ruta 1,58,1015,True,2026-03-16 08:00:00
10117,131,Ash,Bosque Verde,60,1122,False,2026-01-06 19:00:00
10118,73,Ash,Ruta 1,62,1116,True,2026-04-02 07:00:00
10119,169,Misty,Ruta 1,50,1205,False,2026-06-05 23:00:00
10120,58,Misty,Isla Canela,40,280,True,2026-05-15 07:00:00
10121,20,Leaf,Ruta 1,26,377,False,2026-05-01 08:00:00
10122,165,Red,Ruta 1,66,349,False,2026-05-26 09:00:00
10123,133,Red,Zona Safari,12,78,False,2026-03-20 09:00:00
10124,192,Brock,Bosque Verde,23,342,False,2026-04-02 18:00:00
10125,5,Brock,Monte Moon,2,28,False,2026-02-09 10:00:00
10126,184,Leaf,Zona Safari,89,1682,True,2026-06-18 07:00:00
10127,66,Misty,Monte Moon,80,488,False,2026-01-09 03:00:00
10128,143,Misty,Monte Moon,60,1134,True,2026-06-24 16:00:00
10129,65,Red,Bosque Verde,5,112,True,2026-01-18 19:00:00
10130,193,Red,Bosque Verde,4,31,True,2026-05-13 00:00:00
10131,184,Blue,Bosque Verde,51,963,False,2026-06-26 01:00:00
10132,200,Brock,Isla Canela,14,121,False,2026-04-05 07:00:00
10133,160,Brock,Bosque Verde,95,2270,False,2026-05-13 02:00:00
10134,52,Brock,Ruta 1,33,191,True,2026-05-13 04:00:00
10135,76,Ash,Ruta 1,78,1739,False,2026-05-31 06:00:00
10136,160,Blue,Ruta 1,64,1529,False,2026-04-13 23:00:00
10137,133,Ash,Isla Canela,1,6,False,2026-03-23 20:00:00
10138,189,Brock,Ruta 1,47,972,True,2026-04-19 14:00:00
10139,41,Misty,Zona Safari,66,323,True,2026-06-28 17:00:00
10140,195,Misty,Zona Safari,20,302,False,2026-03-27 16:00:00
10141,147,Ash,Isla Canela,34,204,True,2026-06-13 22:00:00
10142,39,Blue,Bosque Verde,29,275,True,2026-03-09 10:00:00
10143,187,Brock,Zona Safari,74,370,False,2026-06-02 06:00:00
10144,24,Red,Ruta 1,79,1240,False,2026-01-02 05:00:00
10145,168,Ash,Monte Moon,67,938,True,2026-04-25 09:00:00
10146,170,Brock,Cueva Celeste,11,72,False,2026-06-26 04:00:00
10147,42,Red,Isla Canela,68,1081,True,2026-05-29 21:00:00
10148,93,Ash,Isla Canela,48,681,True,2026-03-11 11:00:00
10149,36,Brock,Cueva Celeste,14,303,False,2026-03-19 00:00:00
10150,185,Ash,Monte Moon,98,1411,False,2026-06-01 17:00:00
10151,34,Ash,Ruta 1,15,340,False,2026-04-26 02:00:00
10152,157,Brock,Monte Moon,13,312,False,2026-03-26 14:00:00
10153,70,Brock,Cueva Celeste,1,13,True,2026-06-12 14:00:00
10154,91,Ash,Monte Moon,2,36,True,2026-03-14 19:00:00
10155,42,Brock,Cueva Celeste,35,556,False,2026-05-15 22:00:00
10156,99,Brock,Monte Moon,54,896,False,2026-03-25 18:00:00
10157,54,Misty,Bosque Verde,76,486,True,2026-04-18 14:00:00
10158,186,Leaf,Cueva Celeste,97,2182,True,2026-01-14 21:00:00
10159,88,Blue,Bosque Verde,10,65,True,2026-03-18 14:00:00
10160,109,Blue,Cueva Celeste,42,285,True,2026-02-28 09:00:00
10161,97,Brock,Cueva Celeste,93,1571,True,2026-06-23 06:00:00
10162,62,Ash,Isla Canela,53,1219,True,2026-04-24 22:00:00
10163,133,Leaf,Monte Moon,61,396,False,2026-02-17 17:00:00
10164,39,Misty,Monte Moon,49,465,True,2026-01-23 18:00:00
10165,20,Brock,Cueva Celeste,36,522,False,2026-01-02 23:00:00
10166,152,Ash,Ruta 1,75,480,False,2026-05-31 09:00:00
10167,7,Brock,Monte Moon,63,396,False,2026-06-15 21:00:00
10168,30,Red,Ruta 1,14,179,False,2026-05-11 20:00:00
10169,129,Leaf,Bosque Verde,78,312,True,2026-05-15 12:00:00
10170,156,Misty,Bosque Verde,28,397,False,2026-04-02 17:00:00
10171,60,Red,Zona Safari,95,570,True,2026-05-27 11:00:00
10172,126,Blue,Monte Moon,62,1072,True,2026-03-20 15:00:00
10173,77,Ash,Monte Moon,11,90,True,2026-02-03 04:00:00
10174,196,Ash,Monte Moon,62,1140,True,2026-06-15 18:00:00
10175,15,Brock,Bosque Verde,51,907,True,2026-02-28 08:00:00
10176,129,Leaf,Cueva Celeste,93,372,True,2026-04-10 22:00:00
10177,106,Leaf,Cueva Celeste,69,1097,False,2026-06-01 11:00:00
10178,73,Misty,Cueva Celeste,84,1512,True,2026-03-11 11:00:00
10179,99,Brock,Bosque Verde,65,1079,True,2026-06-27 11:00:00
10180,31,Leaf,Ruta 1,65,1475,False,2026-01-29 02:00:00
10181,21,Misty,Bosque Verde,79,410,True,2026-06-11 01:00:00
10182,199,Blue,Zona Safari,18,309,True,2026-02-10 17:00:00
10183,59,Misty,Zona Safari,82,1590,False,2026-06-02 02:00:00
10184,143,Leaf,Monte Moon,53,1001,False,2026-05-28 16:00:00
10185,41,Ash,Monte Moon,63,308,True,2026-03-13 20:00:00
10186,131,Ash,Ruta 1,9,168,False,2026-06-25 08:00:00
10187,195,Leaf,Zona Safari,47,709,True,2026-01-29 11:00:00
10188,187,Red,Zona Safari,85,425,True,2026-01-24 11:00:00
10189,47,Red,Ruta 1,96,1363,True,2026-03-15 19:00:00
10190,63,Brock,Cueva Celeste,57,353,True,2026-03-19 00:00:00
10191,18,Brock,Zona Safari,44,950,True,2026-04-25 09:00:00
10192,6,Blue,Bosque Verde,87,2088,False,2026-06-11 23:00:00
10193,55,Misty,Ruta 1,56,979,True,2026-05-02 11:00:00
10194,137,Misty,Monte Moon,84,663,False,2026-06-23 22:00:00
10195,88,Brock,Cueva Celeste,28,182,True,2026-01-20 18:00:00
10196,138,Ash,Monte Moon,65,461,True,2026-04-05 16:00:00
10197,9,Ash,Isla Canela,55,1314,True,2026-02-15 16:00:00
10198,185,Brock,Zona Safari,47,676,False,2026-01-01 01:00:00
10199,152,Misty,Isla Canela,81,518,True,2026-03-03 23:00:00
10200,146,Ash,Bosque Verde,77,2009,True,2026-05-25 15:00:00
10201,36,Brock,Bosque Verde,89,1931,True,2026-02-09 15:00:00
10202,53,Red,Ruta 1,35,539,True,2026-06-08 16:00:00
10203,198,Blue,Zona Safari,48,388,False,2026-06-03 07:00:00
10204,163,Red,Zona Safari,76,395,True,2026-03-14 17:00:00
10205,58,Ash,Ruta 1,84,588,True,2026-02-16 19:00:00
10206,123,Blue,Isla Canela,90,900,False,2026-05-10 05:00:00
10207,121,Blue,Ruta 1,49,891,True,2026-01-04 01:00:00
10208,65,Brock,Zona Safari,82,1844,False,2026-04-01 16:00:00
10209,192,Ash,Isla Canela,19,283,True,2026-02-05 04:00:00
10210,135,Leaf,Zona Safari,15,276,False,2026-03-01 20:00:00
10211,200,Brock,Zona Safari,27,234,True,2026-01-22 11:00:00
10212,132,Blue,Zona Safari,78,787,False,2026-01-02 09:00:00
10213,118,Leaf,Cueva Celeste,82,524,False,2026-06-06 22:00:00
10214,71,Misty,Monte Moon,47,1038,False,2026-06-19 12:00:00
10215,76,Red,Bosque Verde,61,1360,True,2026-02-27 23:00:00
10216,18,Leaf,Monte Moon,18,388,False,2026-04-27 20:00:00
10217,97,Misty,Cueva Celeste,12,202,True,2026-03-24 03:00:00
10218,3,Leaf,Cueva Celeste,36,849,True,2026-04-20 05:00:00
10219,128,Leaf,Monte Moon,82,1410,False,2026-03-19 14:00:00
10220,12,Misty,Bosque Verde,54,961,False,2026-02-28 23:00:00
10221,70,Blue,Monte Moon,54,739,False,2026-03-07 09:00:00
10222,147,Ash,Bosque Verde,38,228,False,2026-06-20 18:00:00
10223,53,Ash,Ruta 1,4,61,False,2026-03-22 00:00:00
10224,107,Blue,Isla Canela,22,349,False,2026-03-20 03:00:00
10225,177,Red,Ruta 1,86,550,False,2026-04-21 21:00:00
10226,145,Brock,Ruta 1,29,756,False,2026-05-09 09:00:00
10227,8,Blue,Cueva Celeste,28,397,False,2026-01-25 21:00:00
10228,113,Red,Isla Canela,91,3594,True,2026-01-13 20:00:00
10229,167,Ash,Bosque Verde,91,455,False,2026-06-17 16:00:00
10230,76,Blue,Monte Moon,84,1873,False,2026-05-29 20:00:00
10231,95,Misty,Zona Safari,100,770,False,2026-02-15 11:00:00
10232,77,Leaf,Isla Canela,19,155,False,2026-02-26 18:00:00
10233,11,Red,Bosque Verde,22,158,True,2026-06-06 03:00:00
10234,76,Brock,Isla Canela,88,1962,False,2026-02-25 05:00:00
10235,155,Brock,Monte Moon,79,489,False,2026-03-22 09:00:00
10236,21,Red,Monte Moon,20,104,False,2026-04-20 08:00:00
10237,51,Brock,Ruta 1,67,998,False,2026-04-27 06:00:00
10238,137,Misty,Bosque Verde,55,434,True,2026-02-09 02:00:00
10239,123,Misty,Ruta 1,6,60,True,2026-03-30 03:00:00
10240,36,Ash,Isla Canela,32,694,True,2026-06-09 17:00:00
10241,4,Red,Isla Canela,80,496,True,2026-04-02 23:00:00
10242,86,Misty,Cueva Celeste,27,175,True,2026-05-02 04:00:00
10243,135,Leaf,Bosque Verde,50,920,True,2026-04-08 23:00:00
10244,83,Misty,Cueva Celeste,58,765,False,2026-01-19 11:00:00
10245,119,Brock,Isla Canela,18,284,False,2026-05-21 08:00:00
10246,15,Leaf,Bosque Verde,75,1335,False,2026-03-06 06:00:00
10247,52,Blue,Monte Moon,81,469,True,2026-04-01 03:00:00
10248,86,Brock,Cueva Celeste,80,520,True,2026-06-22 08:00:00
10249,23,Misty,Isla Canela,78,452,False,2026-05-19 03:00:00
10250,46,Red,Monte Moon,2,11,True,2026-04-30 13:00:00
10251,80,Red,Bosque Verde,47,808,True,2026-02-23 17:00:00
10252,84,Ash,Isla Canela,56,347,False,2026-03-21 02:00:00
10253,140,Ash,Zona Safari,85,603,False,2026-02-28 07:00:00
10254,139,Ash,Zona Safari,7,121,True,2026-04-02 07:00:00
10255,69,Brock,Monte Moon,35,210,True,2026-02-10 09:00:00
10256,166,Blue,Bosque Verde,50,685,True,2026-02-06 04:00:00
10257,177,Red,Zona Safari,34,217,True,2026-01-03 16:00:00
10258,122,Leaf,Isla Canela,48,772,True,2026-02-10 03:00:00
10259,55,Ash,Isla Canela,54,945,True,2026-01-25 10:00:00
10260,137,Leaf,Cueva Celeste,5,39,False,2026-01-20 20:00:00
10261,27,Red,Isla Canela,66,396,True,2026-02-25 01:00:00
10262,188,Ash,Bosque Verde,26,309,True,2026-01-18 14:00:00
10263,133,Blue,Ruta 1,3,19,True,2026-04-13 04:00:00
10264,193,Brock,Zona Safari,67,522,False,2026-04-03 09:00:00
10265,51,Misty,Ruta 1,31,461,False,2026-05-09 13:00:00
10266,133,Brock,Cueva Celeste,72,468,True,2026-01-11 16:00:00
10267,83,Leaf,Monte Moon,92,1214,False,2026-01-06 10:00:00
10268,11,Brock,Cueva Celeste,12,86,False,2026-01-10 01:00:00
10269,175,Blue,Bosque Verde,71,347,False,2026-03-12 21:00:00
10270,109,Misty,Isla Canela,1,6,True,2026-01-26 12:00:00
10271,102,Leaf,Ruta 1,43,279,True,2026-02-18 15:00:00
10272,117,Leaf,Ruta 1,89,1370,True,2026-04-02 11:00:00
10273,8,Blue,Monte Moon,56,795,True,2026-03-17 21:00:00
10274,57,Blue,Monte Moon,68,1081,True,2026-01-14 23:00:00
10275,130,Ash,Bosque Verde,19,359,False,2026-05-27 03:00:00
10276,130,Leaf,Cueva Celeste,58,1096,False,2026-05-21 01:00:00
10277,39,Blue,Isla Canela,23,218,True,2026-05-28 10:00:00
10278,145,Red,Ruta 1,30,783,True,2026-06-16 08:00:00
10279,4,Ash,Zona Safari,32,198,False,2026-02-23 13:00:00
10280,129,Ash,Ruta 1,55,220,True,2026-05-10 10:00:00
10281,71,Brock,Monte Moon,4,88,False,2026-06-07 21:00:00
10282,60,Leaf,Bosque Verde,55,330,True,2026-04-05 18:00:00
10283,106,Ash,Monte Moon,58,922,True,2026-05-24 09:00:00
10284,190,Misty,Isla Canela,39,280,True,2026-01-10 17:00:00
10285,18,Leaf,Monte Moon,77,1663,False,2026-01-15 10:00:00
10286,192,Ash,Zona Safari,3,44,False,2026-01-09 20:00:00
10287,168,Blue,Monte Moon,31,434,True,2026-01-01 19:00:00
10288,78,Leaf,Cueva Celeste,55,962,True,2026-05-11 21:00:00
10289,182,Blue,Bosque Verde,25,552,True,2026-06-20 01:00:00
10290,164,Blue,Ruta 1,24,379,False,2026-06-29 11:00:00
10291,138,Blue,Ruta 1,93,660,False,2026-04-04 18:00:00
10292,47,Leaf,Ruta 1,66,937,False,2026-06-07 22:00:00
10293,101,Brock,Cueva Celeste,13,223,False,2026-01-31 07:00:00
10294,56,Red,Isla Canela,34,207,False,2026-04-28 11:00:00
10295,131,Ash,Isla Canela,12,224,True,2026-06-01 01:00:00
10296,103,Red,Zona Safari,98,1822,False,2026-02-20 13:00:00
10297,93,Brock,Cueva Celeste,57,809,False,2026-01-12 10:00:00
10298,136,Blue,Monte Moon,13,239,False,2026-05-15 07:00:00
10299,112,Misty,Bosque Verde,57,969,False,2026-04-20 00:00:00
10300,160,Red,Cueva Celeste,36,860,True,2026-01-02 10:00:00
10301,71,Brock,Monte Moon,39,861,False,2026-04-07 22:00:00
10302,160,Red,Ruta 1,88,2103,True,2026-06-01 23:00:00
10303,75,Blue,Bosque Verde,48,657,False,2026-06-07 03:00:00
10304,40,Ash,Bosque Verde,62,1215,True,2026-03-12 16:00:00
10305,139,Ash,Isla Canela,84,1453,True,2026-02-14 18:00:00
10306,198,Misty,Cueva Celeste,62,502,False,2026-04-09 11:00:00
10307,158,Leaf,Bosque Verde,33,207,False,2026-03-27 10:00:00
10308,133,Red,Bosque Verde,13,84,False,2026-01-18 21:00:00
10309,68,Blue,Cueva Celeste,8,181,True,2026-05-26 02:00:00
10310,136,Ash,Cueva Celeste,12,220,True,2026-01-08 23:00:00
10311,143,Misty,Monte Moon,73,1379,True,2026-04-05 13:00:00
10312,44,Leaf,Isla Canela,60,828,True,2026-02-13 09:00:00
10313,82,Ash,Ruta 1,71,1157,True,2026-03-17 00:00:00
10314,196,Blue,Monte Moon,16,294,False,2026-04-21 17:00:00
10315,112,Misty,Isla Canela,35,595,True,2026-01-31 09:00:00
10316,84,Misty,Cueva Celeste,75,465,False,2026-03-06 09:00:00
10317,43,Red,Isla Canela,72,460,True,2026-04-01 06:00:00
10318,79,Red,Ruta 1,55,346,True,2026-03-25 16:00:00
10319,67,Misty,Bosque Verde,66,937,False,2026-04-25 01:00:00
10320,40,Brock,Ruta 1,55,1078,False,2026-04-29 03:00:00
10321,61,Brock,Zona Safari,60,810,False,2026-05-18 06:00:00
10322,162,Red,Ruta 1,74,1073,False,2026-01-09 05:00:00
10323,110,Blue,Zona Safari,22,378,False,2026-06-08 04:00:00
10324,157,Red,Ruta 1,69,1656,False,2026-05-25 01:00:00
10325,91,Misty,Isla Canela,88,1619,False,2026-02-28 06:00:00
10326,8,Red,Bosque Verde,98,1391,False,2026-05-26 10:00:00
10327,47,Blue,Monte Moon,20,284,True,2026-04-23 15:00:00
10328,138,Leaf,Monte Moon,54,383,True,2026-01-03 06:00:00
10329,85,Brock,Isla Canela,16,264,False,2026-03-21 12:00:00
10330,20,Misty,Bosque Verde,16,232,False,2026-06-01 02:00:00
10331,56,Red,Cueva Celeste,82,500,False,2026-03-15 12:00:00
10332,87,Blue,Isla Canela,46,763,True,2026-02-13 00:00:00
10333,193,Misty,Isla Canela,31,241,False,2026-01-17 19:00:00
10334,55,Brock,Zona Safari,10,175,False,2026-06-30 14:00:00
10335,37,Leaf,Cueva Celeste,11,66,True,2026-04-18 15:00:00
10336,72,Leaf,Monte Moon,93,623,True,2026-01-27 11:00:00
10337,67,Leaf,Isla Canela,97,1377,True,2026-04-18 02:00:00
10338,16,Ash,Isla Canela,8,40,True,2026-01-26 13:00:00
10339,144,Red,Bosque Verde,95,2479,False,2026-06-24 02:00:00
10340,123,Leaf,Isla Canela,35,350,False,2026-02-26 21:00:00
10341,52,Ash,Zona Safari,93,539,True,2026-03-30 00:00:00
10342,56,Red,Zona Safari,82,500,True,2026-01-07 00:00:00
10343,96,Misty,Cueva Celeste,78,514,False,2026-06-04 21:00:00
10344,164,Red,Monte Moon,94,1485,True,2026-01-31 18:00:00
10345,134,Brock,Bosque Verde,60,1104,True,2026-03-23 05:00:00
10346,180,Blue,Ruta 1,39,499,False,2026-03-08 15:00:00
10347,183,Red,Monte Moon,49,431,True,2026-03-12 06:00:00
10348,83,Leaf,Zona Safari,16,211,True,2026-06-22 17:00:00
10349,94,Blue,Zona Safari,71,1597,False,2026-03-07 10:00:00
10350,38,Ash,Isla Canela,52,920,True,2026-01-16 02:00:00
10351,132,Blue,Zona Safari,62,626,False,2026-04-03 16:00:00
10352,83,Brock,Cueva Celeste,50,660,False,2026-03-29 10:00:00
10353,51,Misty,Monte Moon,27,402,True,2026-05-22 00:00:00
10354,106,Leaf,Isla Canela,76,1208,False,2026-03-22 13:00:00
10355,170,Leaf,Bosque Verde,2,13,False,2026-05-16 22:00:00
10356,174,Leaf,Cueva Celeste,89,373,True,2026-05-05 17:00:00
10357,95,Red,Ruta 1,77,592,False,2026-04-21 03:00:00
10358,108,Leaf,Bosque Verde,64,492,True,2026-01-10 20:00:00
10359,22,Leaf,Ruta 1,95,1472,True,2026-05-15 23:00:00
10360,173,Ash,Bosque Verde,45,198,True,2026-05-21 22:00:00
10361,152,Misty,Monte Moon,37,236,False,2026-02-26 15:00:00
10362,181,Ash,Bosque Verde,53,1219,True,2026-06-22 13:00:00
10363,134,Red,Monte Moon,83,1527,True,2026-05-22 23:00:00
10364,135,Misty,Monte Moon,77,1416,False,2026-05-06 00:00:00
10365,67,Ash,Isla Canela,86,1221,False,2026-01-28 02:00:00
10366,177,Leaf,Cueva Celeste,28,179,False,2026-03-03 10:00:00
10367,178,Leaf,Monte Moon,6,99,True,2026-02-21 08:00:00
10368,18,Leaf,Zona Safari,92,1987,False,2026-05-26 06:00:00
10369,113,Misty,Zona Safari,58,2291,False,2026-06-08 12:00:00
10370,187,Leaf,Zona Safari,48,240,False,2026-06-12 08:00:00
10371,141,Misty,Zona Safari,46,795,True,2026-04-08 05:00:00
10372,170,Blue,Cueva Celeste,44,290,True,2026-01-16 21:00:00
10373,103,Ash,Cueva Celeste,51,948,False,2026-02-12 13:00:00
10374,88,Misty,Cueva Celeste,58,377,True,2026-03-16 07:00:00
10375,4,Misty,Cueva Celeste,94,582,True,2026-05-21 11:00:00
10376,45,Blue,Zona Safari,26,574,False,2026-03-06 03:00:00
10377,109,Leaf,Ruta 1,86,584,True,2026-06-06 15:00:00
10378,18,Ash,Monte Moon,94,2030,True,2026-04-02 11:00:00
10379,62,Red,Cueva Celeste,39,897,True,2026-01-17 18:00:00
10380,143,Red,Cueva Celeste,11,207,False,2026-03-12 00:00:00
10381,184,Blue,Zona Safari,89,1682,True,2026-03-28 01:00:00
10382,4,Red,Bosque Verde,99,613,False,2026-04-12 01:00:00
10383,166,Red,Zona Safari,92,1260,True,2026-03-01 15:00:00
10384,52,Blue,Ruta 1,60,348,True,2026-01-16 05:00:00
10385,46,Ash,Cueva Celeste,2,11,False,2026-03-29 11:00:00
10386,10,Blue,Isla Canela,54,210,False,2026-05-24 14:00:00
10387,38,Blue,Ruta 1,56,991,False,2026-01-25 18:00:00
10388,132,Blue,Cueva Celeste,20,202,True,2026-04-20 13:00:00
10389,180,Leaf,Isla Canela,78,998,False,2026-05-25 14:00:00
10390,160,Leaf,Zona Safari,68,1625,False,2026-06-21 08:00:00
10391,163,Misty,Zona Safari,69,358,True,2026-02-22 01:00:00
10392,197,Leaf,Isla Canela,70,1288,False,2026-02-06 16:00:00
10393,113,Blue,Bosque Verde,88,3476,False,2026-03-27 23:00:00
10394,49,Ash,Ruta 1,54,853,False,2026-03-25 06:00:00
10395,173,Blue,Cueva Celeste,23,101,True,2026-05-21 15:00:00
10396,4,Leaf,Isla Canela,6,37,True,2026-04-18 15:00:00
10397,39,Brock,Cueva Celeste,62,589,False,2026-02-27 08:00:00
10398,139,Red,Monte Moon,77,1332,True,2026-03-25 18:00:00
10399,184,Misty,Bosque Verde,46,869,False,2026-06-20 06:00:00
10400,4,Blue,Zona Safari,72,446,True,2026-06-25 19:00:00
10401,112,Blue,Isla Canela,17,289,True,2026-04-21 04:00:00
10402,163,Ash,Monte Moon,65,338,False,2026-02-09 22:00:00
10403,171,Ash,Bosque Verde,72,1159,True,2026-04-30 05:00:00
10404,93,Misty,Cueva Celeste,72,1022,True,2026-03-06 19:00:00
10405,45,Blue,Zona Safari,95,2099,False,2026-02-01 00:00:00
10406,129,Brock,Zona Safari,5,20,False,2026-06-25 05:00:00
10407,198,Misty,Zona Safari,42,340,True,2026-05-10 17:00:00
10408,50,Leaf,Bosque Verde,97,514,False,2026-03-12 12:00:00
10409,192,Red,Cueva Celeste,23,342,False,2026-05-18 05:00:00
10410,114,Blue,Zona Safari,35,304,False,2026-02-17 13:00:00
10411,49,Misty,Monte Moon,38,600,False,2026-01-05 10:00:00
10412,99,Blue,Bosque Verde,24,398,False,2026-01-28 01:00:00
10413,191,Leaf,Monte Moon,33,118,True,2026-05-26 20:00:00
10414,171,Brock,Cueva Celeste,10,161,False,2026-01-17 15:00:00
10415,26,Blue,Ruta 1,48,1046,False,2026-06-27 22:00:00
10416,153,Brock,Ruta 1,24,340,True,2026-04-01 12:00:00
10417,28,Ash,Zona Safari,41,647,False,2026-02-11 16:00:00
10418,173,Brock,Isla Canela,3,13,False,2026-02-13 23:00:00
10419,197,Leaf,Ruta 1,39,717,True,2026-03-06 00:00:00
10420,125,Misty,Isla Canela,96,1651,True,2026-04-29 16:00:00
10421,165,Brock,Ruta 1,88,466,False,2026-04-14 06:00:00
10422,148,Blue,Monte Moon,43,632,False,2026-06-28 07:00:00
10423,174,Misty,Isla Canela,21,88,False,2026-05-01 03:00:00
10424,4,Red,Zona Safari,11,68,True,2026-06-01 16:00:00
10425,128,Red,Ruta 1,63,1083,True,2026-01-31 23:00:00
10426,15,Leaf,Cueva Celeste,49,872,False,2026-01-20 16:00:00
10427,126,Red,Cueva Celeste,25,432,True,2026-04-21 19:00:00
10428,78,Leaf,Ruta 1,2,35,False,2026-03-01 07:00:00
10429,104,Leaf,Zona Safari,14,89,True,2026-06-23 03:00:00
10430,99,Red,Isla Canela,24,398,True,2026-06-13 01:00:00
10431,21,Ash,Zona Safari,25,130,True,2026-02-03 12:00:00
10432,68,Leaf,Cueva Celeste,84,1906,True,2026-01-08 19:00:00
10433,73,Leaf,Isla Canela,75,1350,True,2026-01-16 09:00:00
10434,150,Red,Zona Safari,64,1958,False,2026-03-09 17:00:00
10435,118,Brock,Isla Canela,47,300,True,2026-02-14 22:00:00
10436,26,Red,Monte Moon,53,1155,True,2026-05-10 20:00:00
10437,2,Leaf,Cueva Celeste,78,1107,True,2026-05-03 13:00:00
10438,184,Misty,Isla Canela,16,302,True,2026-01-24 12:00:00
10439,1,Red,Isla Canela,79,505,True,2026-05-30 16:00:00
10440,184,Blue,Isla Canela,39,737,True,2026-01-03 01:00:00
10441,79,Misty,Monte Moon,12,75,True,2026-06-07 07:00:00
10442,20,Blue,Zona Safari,25,362,False,2026-02-03 06:00:00
10443,104,Blue,Cueva Celeste,82,524,True,2026-04-06 06:00:00
10444,78,Ash,Isla Canela,67,1172,True,2026-05-23 04:00:00
10445,42,Red,Ruta 1,71,1128,True,2026-03-23 12:00:00
10446,110,Red,Cueva Celeste,78,1341,True,2026-01-05 16:00:00
10447,187,Blue,Isla Canela,53,265,False,2026-01-29 02:00:00
10448,20,Ash,Monte Moon,63,913,True,2026-04-29 04:00:00
10449,44,Misty,Monte Moon,86,1186,False,2026-06-19 17:00:00
10450,122,Brock,Bosque Verde,70,1127,False,2026-03-19 20:00:00
10451,138,Blue,Bosque Verde,25,177,False,2026-03-29 18:00:00
10452,98,Red,Ruta 1,2,13,True,2026-04-05 02:00:00
10453,40,Misty,Zona Safari,14,274,True,2026-01-29 15:00:00
10454,192,Red,Cueva Celeste,23,342,False,2026-05-06 06:00:00
10455,63,Blue,Monte Moon,5,31,False,2026-01-29 16:00:00
10456,38,Red,Monte Moon,7,123,True,2026-01-02 21:00:00
10457,141,Blue,Monte Moon,69,1193,False,2026-03-06 16:00:00
10458,144,Leaf,Zona Safari,86,2244,False,2026-06-24 19:00:00
10459,17,Brock,Monte Moon,49,597,True,2026-02-24 18:00:00
10460,13,Ash,Isla Canela,78,304,False,2026-03-09 03:00:00
10461,113,Red,Cueva Celeste,100,3950,True,2026-01-21 20:00:00
10462,53,Red,Zona Safari,97,1493,False,2026-04-28 01:00:00
10463,107,Misty,Ruta 1,89,1415,False,2026-03-03 12:00:00
10464,87,Leaf,Monte Moon,40,664,True,2026-05-15 11:00:00
10465,89,Brock,Ruta 1,21,367,False,2026-05-23 06:00:00
10466,150,Misty,Monte Moon,13,397,False,2026-03-08 15:00:00
10467,69,Red,Monte Moon,55,330,False,2026-02-03 18:00:00
10468,178,Leaf,Monte Moon,59,973,True,2026-06-28 04:00:00
10469,16,Leaf,Zona Safari,10,50,True,2026-06-28 18:00:00
10470,183,Misty,Ruta 1,13,114,True,2026-06-26 14:00:00
10471,185,Blue,Cueva Celeste,60,864,True,2026-01-12 11:00:00
10472,153,Ash,Isla Canela,15,213,True,2026-03-08 06:00:00
10473,48,Ash,Bosque Verde,80,488,False,2026-06-14 05:00:00
10474,121,Blue,Monte Moon,12,218,True,2026-01-11 14:00:00
10475,100,Leaf,Cueva Celeste,55,363,False,2026-01-12 00:00:00
10476,12,Ash,Bosque Verde,88,1566,True,2026-03-14 01:00:00
10477,72,Blue,Bosque Verde,36,241,True,2026-04-21 03:00:00
10478,17,Misty,Monte Moon,58,707,True,2026-01-27 12:00:00
10479,12,Red,Monte Moon,48,854,False,2026-02-08 00:00:00
10480,35,Blue,Bosque Verde,56,632,False,2026-03-17 14:00:00
10481,65,Red,Bosque Verde,91,2047,True,2026-06-17 17:00:00
10482,129,Red,Ruta 1,99,396,False,2026-01-24 18:00:00
10483,136,Misty,Isla Canela,91,1674,False,2026-03-25 01:00:00
10484,31,Misty,Bosque Verde,1,22,False,2026-01-06 11:00:00
10485,3,Brock,Cueva Celeste,59,1392,True,2026-01-14 09:00:00
10486,129,Blue,Isla Canela,96,384,False,2026-03-03 18:00:00
10487,183,Leaf,Monte Moon,68,598,True,2026-06-01 12:00:00
10488,169,Misty,Bosque Verde,7,168,False,2026-05-23 05:00:00
10489,50,Leaf,Zona Safari,42,222,True,2026-01-02 18:00:00
10490,148,Blue,Cueva Celeste,96,1411,True,2026-01-06 11:00:00
10491,92,Ash,Isla Canela,21,130,False,2026-02-02 16:00:00
10492,125,Brock,Ruta 1,34,584,True,2026-03-14 22:00:00
10493,58,Red,Bosque Verde,41,287,False,2026-03-06 15:00:00
10494,173,Brock,Cueva Celeste,63,277,True,2026-01-05 06:00:00
10495,171,Ash,Cueva Celeste,98,1577,False,2026-02-15 20:00:00
10496,200,Misty,Ruta 1,17,147,False,2026-04-30 04:00:00
10497,111,Misty,Bosque Verde,26,179,True,2026-03-28 07:00:00
10498,139,Ash,Isla Canela,88,1522,False,2026-03-14 04:00:00
10499,137,Misty,Isla Canela,62,489,True,2026-01-31 14:00:00
10500,60,Misty,Cueva Celeste,37,222,True,2026-03-13 04:00:00
10501,87,Red,Monte Moon,56,929,False,2026-03-12 00:00:00
10502,133,Ash,Zona Safari,100,650,True,2026-03-21 11:00:00
10503,22,Brock,Isla Canela,9,139,False,2026-02-25 09:00:00
10504,99,Leaf,Ruta 1,79,1311,True,2026-06-26 09:00:00
10505,67,Blue,Cueva Celeste,63,894,False,2026-02-23 22:00:00
10506,143,Brock,Isla Canela,58,1096,False,2026-04-03 09:00:00
10507,194,Ash,Zona Safari,47,197,False,2026-01-22 22:00:00
10508,138,Misty,Monte Moon,21,149,False,2026-03-01 17:00:00
10509,198,Leaf,Bosque Verde,6,48,False,2026-05-11 20:00:00
10510,123,Red,Cueva Celeste,81,810,False,2026-06-30 17:00:00
10511,97,Blue,Zona Safari,2,33,True,2026-03-26 02:00:00
10512,143,Blue,Monte Moon,39,737,False,2026-01-10 12:00:00
10513,194,Brock,Zona Safari,7,29,False,2026-04-09 21:00:00
10514,152,Red,Cueva Celeste,54,345,False,2026-01-01 19:00:00
10515,18,Leaf,Zona Safari,19,410,True,2026-03-30 22:00:00
10516,109,Brock,Isla Canela,68,462,True,2026-04-17 05:00:00
10517,15,Ash,Ruta 1,10,178,False,2026-02-18 19:00:00
10518,146,Red,Monte Moon,41,1070,False,2026-05-05 09:00:00
10519,78,Blue,Bosque Verde,96,1680,True,2026-05-15 01:00:00
10520,11,Ash,Isla Canela,9,64,True,2026-02-04 18:00:00
10521,153,Blue,Cueva Celeste,8,113,False,2026-02-17 18:00:00
10522,45,Red,Cueva Celeste,30,663,True,2026-06-05 04:00:00
10523,40,Red,Monte Moon,78,1528,True,2026-01-12 15:00:00
10524,81,Brock,Bosque Verde,44,286,True,2026-02-07 14:00:00
10525,56,Misty,Monte Moon,55,335,True,2026-03-07 19:00:00
10526,35,Leaf,Ruta 1,91,1028,False,2026-02-10 05:00:00
10527,96,Leaf,Zona Safari,21,138,False,2026-05-12 05:00:00
10528,61,Brock,Isla Canela,1,13,True,2026-01-08 05:00:00
10529,179,Leaf,Ruta 1,32,179,False,2026-03-16 00:00:00
10530,156,Blue,Isla Canela,91,1292,True,2026-05-29 04:00:00
10531,30,Misty,Cueva Celeste,19,243,False,2026-01-04 16:00:00
10532,125,Leaf,Monte Moon,4,68,False,2026-04-26 13:00:00
10533,50,Leaf,Isla Canela,5,26,True,2026-03-07 16:00:00
10534,78,Ash,Isla Canela,58,1015,True,2026-01-06 17:00:00
10535,172,Ash,Bosque Verde,52,213,False,2026-01-10 16:00:00
10536,32,Leaf,Cueva Celeste,36,198,False,2026-06-18 05:00:00
10537,93,Misty,Bosque Verde,46,653,False,2026-05-01 20:00:00
10538,69,Red,Zona Safari,7,42,True,2026-05-17 16:00:00
10539,82,Blue,Zona Safari,53,863,False,2026-05-09 07:00:00
10540,61,Blue,Isla Canela,45,607,False,2026-04-27 03:00:00
10541,23,Red,Zona Safari,74,429,False,2026-02-04 12:00:00
10542,14,Blue,Bosque Verde,71,511,True,2026-03-29 12:00:00
10543,51,Ash,Bosque Verde,18,268,True,2026-06-13 15:00:00
10544,187,Red,Isla Canela,7,35,True,2026-03-07 15:00:00
10545,72,Misty,Zona Safari,66,442,True,2026-03-07 12:00:00
10546,162,Misty,Zona Safari,67,971,False,2026-05-13 05:00:00
10547,97,Misty,Bosque Verde,51,861,True,2026-03-23 10:00:00
10548,17,Ash,Cueva Celeste,87,1061,False,2026-02-17 11:00:00
10549,180,Blue,Isla Canela,72,921,False,2026-04-09 02:00:00
10550,93,Blue,Ruta 1,23,326,False,2026-03-14 03:00:00
10551,148,Leaf,Zona Safari,74,1087,False,2026-02-04 15:00:00
10552,6,Blue,Monte Moon,29,696,False,2026-04-13 03:00:00
10553,30,Leaf,Bosque Verde,27,345,False,2026-06-22 01:00:00
10554,7,Blue,Zona Safari,94,592,False,2026-03-31 14:00:00
10555,80,Red,Cueva Celeste,36,619,True,2026-04-20 23:00:00
10556,151,Ash,Zona Safari,36,972,False,2026-05-01 00:00:00
10557,45,Ash,Isla Canela,8,176,True,2026-06-16 03:00:00
10558,117,Ash,Monte Moon,48,739,True,2026-05-29 13:00:00
10559,98,Red,Cueva Celeste,78,507,False,2026-06-06 13:00:00
10560,93,Ash,Isla Canela,61,866,True,2026-05-05 01:00:00
10561,134,Ash,Cueva Celeste,57,1048,False,2026-01-19 12:00:00
10562,143,Misty,Ruta 1,7,132,True,2026-06-01 12:00:00
10563,94,Brock,Bosque Verde,64,1440,True,2026-05-17 00:00:00
10564,192,Brock,Isla Canela,93,1385,False,2026-05-01 07:00:00
10565,103,Misty,Monte Moon,84,1562,True,2026-03-20 20:00:00
10566,129,Leaf,Bosque Verde,32,128,True,2026-05-30 01:00:00
10567,72,Ash,Zona Safari,26,174,True,2026-06-02 20:00:00
10568,32,Red,Zona Safari,61,335,False,2026-06-10 12:00:00
10569,171,Leaf,Isla Canela,23,370,False,2026-04-21 22:00:00
10570,77,Ash,Cueva Celeste,46,377,False,2026-05-17 20:00:00
10571,120,Misty,Cueva Celeste,27,183,True,2026-06-25 10:00:00
10572,81,Red,Ruta 1,66,429,True,2026-02-24 15:00:00
10573,102,Ash,Isla Canela,42,273,False,2026-02-04 13:00:00
10574,129,Brock,Ruta 1,79,316,True,2026-01-31 14:00:00
10575,143,Ash,Cueva Celeste,20,378,False,2026-06-11 22:00:00
10576,180,Ash,Cueva Celeste,73,934,True,2026-01-04 04:00:00
10577,146,Misty,Ruta 1,35,913,True,2026-02-15 03:00:00
10578,13,Misty,Ruta 1,2,7,True,2026-01-04 02:00:00
10579,197,Misty,Isla Canela,100,1840,False,2026-05-06 18:00:00
10580,2,Misty,Zona Safari,40,568,True,2026-05-09 23:00:00
10581,150,Ash,Cueva Celeste,53,1621,True,2026-03-10 10:00:00
10582,179,Leaf,Zona Safari,96,537,True,2026-03-28 03:00:00
10583,71,Leaf,Monte Moon,6,132,False,2026-02-10 06:00:00
10584,193,Blue,Ruta 1,14,109,False,2026-04-29 11:00:00
10585,136,Red,Bosque Verde,61,1122,False,2026-02-18 13:00:00
10586,176,Misty,Ruta 1,26,369,False,2026-04-10 04:00:00
10587,14,Blue,Ruta 1,45,324,False,2026-06-08 05:00:00
10588,158,Ash,Ruta 1,95,598,False,2026-01-30 02:00:00
10589,35,Red,Ruta 1,98,1107,True,2026-05-27 14:00:00
10590,165,Misty,Monte Moon,13,68,False,2026-01-24 15:00:00
10591,153,Brock,Ruta 1,56,795,True,2026-02-09 20:00:00
10592,85,Misty,Ruta 1,9,148,False,2026-04-17 06:00:00
10593,77,Brock,Zona Safari,71,582,False,2026-01-10 11:00:00
10594,6,Ash,Cueva Celeste,77,1848,False,2026-03-08 04:00:00
10595,121,Brock,Bosque Verde,34,618,False,2026-04-24 11:00:00
10596,86,Red,Bosque Verde,65,422,False,2026-04-03 09:00:00
10597,70,Leaf,Isla Canela,59,808,False,2026-05-01 13:00:00
10598,135,Blue,Ruta 1,47,864,True,2026-04-22 07:00:00
10599,170,Red,Isla Canela,55,363,True,2026-02-18 03:00:00
10600,160,Ash,Cueva Celeste,92,2198,True,2026-02-08 19:00:00
10601,200,Ash,Monte Moon,1,8,True,2026-05-03 08:00:00
10602,85,Misty,Bosque Verde,77,1270,False,2026-02-11 00:00:00
10603,56,Ash,Cueva Celeste,13,79,False,2026-03-09 06:00:00
10604,42,Misty,Monte Moon,21,333,True,2026-05-17 12:00:00
10605,195,Brock,Isla Canela,45,679,False,2026-03-15 21:00:00
10606,168,Leaf,Ruta 1,98,1372,False,2026-06-06 13:00:00
10607,120,Brock,Cueva Celeste,100,680,True,2026-04-30 10:00:00
10608,123,Brock,Ruta 1,42,420,False,2026-02-19 12:00:00
10609,154,Ash,Cueva Celeste,66,1557,True,2026-03-18 19:00:00
10610,84,Blue,Isla Canela,84,520,True,2026-03-15 06:00:00
10611,6,Ash,Isla Canela,96,2304,False,2026-03-22 09:00:00
10612,95,Misty,Zona Safari,77,592,True,2026-06-12 14:00:00
10613,174,Blue,Zona Safari,46,193,True,2026-02-04 16:00:00
10614,199,Brock,Cueva Celeste,69,1186,False,2026-05-29 20:00:00
10615,131,Blue,Isla Canela,49,916,True,2026-02-10 06:00:00
10616,158,Misty,Isla Canela,68,428,True,2026-01-09 00:00:00
10617,105,Ash,Isla Canela,62,923,True,2026-01-29 07:00:00
10618,73,Red,Bosque Verde,70,1260,True,2026-05-18 12:00:00
10619,5,Red,Monte Moon,98,1391,False,2026-01-06 15:00:00
10620,44,Leaf,Zona Safari,81,1117,False,2026-04-04 20:00:00
10621,95,Misty,Cueva Celeste,89,685,True,2026-02-26 16:00:00
10622,156,Brock,Isla Canela,89,1263,True,2026-03-11 08:00:00
10623,155,Leaf,Isla Canela,28,173,False,2026-04-16 13:00:00
10624,97,Leaf,Zona Safari,80,1352,False,2026-05-11 22:00:00
10625,7,Ash,Zona Safari,33,207,True,2026-01-30 03:00:00
10626,185,Misty,Ruta 1,28,403,True,2026-04-13 07:00:00
10627,16,Leaf,Monte Moon,97,484,False,2026-06-23 14:00:00
10628,11,Misty,Zona Safari,95,684,True,2026-02-23 23:00:00
10629,2,Brock,Cueva Celeste,83,1178,True,2026-03-23 06:00:00
10630,182,Blue,Monte Moon,96,2121,False,2026-05-26 10:00:00
10631,146,Red,Zona Safari,94,2453,False,2026-01-11 07:00:00
10632,5,Leaf,Zona Safari,58,823,False,2026-02-02 18:00:00
10633,52,Blue,Monte Moon,97,562,True,2026-06-12 03:00:00
10634,106,Misty,Isla Canela,3,47,False,2026-02-21 03:00:00
10635,8,Misty,Ruta 1,36,511,False,2026-06-22 15:00:00
10636,164,Brock,Cueva Celeste,49,774,False,2026-02-24 18:00:00
10637,128,Misty,Monte Moon,72,1238,False,2026-02-19 08:00:00
10638,86,Red,Monte Moon,11,71,False,2026-02-18 13:00:00
10639,20,Leaf,Ruta 1,28,406,True,2026-02-08 11:00:00
10640,189,Ash,Bosque Verde,63,1304,True,2026-02-27 07:00:00
10641,118,Brock,Monte Moon,70,448,True,2026-01-01 23:00:00
10642,14,Blue,Ruta 1,57,410,True,2026-02-22 20:00:00
10643,162,Brock,Ruta 1,57,826,True,2026-06-16 05:00:00
10644,165,Red,Cueva Celeste,61,323,True,2026-04-06 19:00:00
10645,197,Leaf,Bosque Verde,12,220,False,2026-04-20 22:00:00
10646,114,Brock,Isla Canela,23,200,False,2026-05-30 05:00:00
10647,118,Leaf,Zona Safari,19,121,True,2026-06-03 22:00:00
10648,167,Misty,Bosque Verde,100,500,False,2026-03-20 11:00:00
10649,21,Red,Ruta 1,88,457,True,2026-02-10 08:00:00
10650,11,Brock,Monte Moon,29,208,False,2026-04-08 14:00:00
10651,35,Misty,Isla Canela,33,372,True,2026-02-10 22:00:00
10652,169,Leaf,Monte Moon,4,96,False,2026-04-12 16:00:00
10653,190,Ash,Monte Moon,52,374,False,2026-03-02 16:00:00
10654,108,Ash,Bosque Verde,61,469,True,2026-01-07 15:00:00
10655,144,Ash,Bosque Verde,68,1774,False,2026-04-24 22:00:00
10656,189,Red,Zona Safari,23,476,True,2026-02-09 07:00:00
10657,178,Blue,Zona Safari,94,1551,True,2026-03-17 10:00:00
10658,194,Brock,Zona Safari,87,365,False,2026-05-16 18:00:00
10659,125,Red,Ruta 1,17,292,False,2026-04-26 23:00:00
10660,92,Misty,Ruta 1,42,260,True,2026-01-05 18:00:00
10661,135,Blue,Cueva Celeste,55,1012,True,2026-01-15 23:00:00
10662,133,Misty,Zona Safari,91,591,True,2026-05-25 07:00:00
10663,97,Misty,Isla Canela,17,287,False,2026-06-04 19:00:00
10664,134,Blue,Bosque Verde,47,864,True,2026-05-13 11:00:00
10665,29,Brock,Bosque Verde,79,434,True,2026-02-27 14:00:00
10666,140,Brock,Monte Moon,70,497,True,2026-02-10 03:00:00
10667,152,Brock,Isla Canela,84,537,True,2026-04-02 00:00:00
10668,196,Brock,Isla Canela,8,147,False,2026-06-02 06:00:00
10669,192,Ash,Bosque Verde,90,1341,True,2026-06-08 02:00:00
10670,55,Leaf,Bosque Verde,81,1417,True,2026-05-10 06:00:00
10671,47,Misty,Bosque Verde,19,269,True,2026-04-04 18:00:00
10672,178,Ash,Bosque Verde,77,1270,True,2026-01-25 18:00:00
10673,121,Blue,Ruta 1,64,1164,True,2026-01-09 04:00:00
10674,125,Red,Ruta 1,80,1376,False,2026-05-26 19:00:00
10675,89,Ash,Zona Safari,99,1732,False,2026-04-05 08:00:00
10676,122,Leaf,Bosque Verde,60,966,True,2026-04-23 01:00:00
10677,156,Brock,Monte Moon,95,1349,False,2026-01-17 17:00:00
10678,58,Misty,Monte Moon,55,385,False,2026-06-17 20:00:00
10679,7,Leaf,Monte Moon,9,56,False,2026-04-04 22:00:00
10680,38,Ash,Ruta 1,32,566,False,2026-01-31 12:00:00
10681,54,Blue,Ruta 1,15,96,False,2026-02-23 08:00:00
10682,186,Red,Ruta 1,44,990,True,2026-05-19 06:00:00
10683,98,Misty,Zona Safari,87,565,True,2026-01-31 12:00:00
10684,32,Brock,Monte Moon,85,467,True,2026-04-04 07:00:00
10685,17,Misty,Isla Canela,3,36,True,2026-04-25 11:00:00
10686,171,Blue,Monte Moon,50,805,False,2026-05-04 17:00:00
10687,44,Misty,Ruta 1,70,966,False,2026-01-11 11:00:00
10688,92,Misty,Ruta 1,69,427,False,2026-06-09 00:00:00
10689,191,Red,Bosque Verde,52,187,False,2026-01-08 10:00:00
10690,90,Misty,Isla Canela,80,488,True,2026-05-12 08:00:00
10691,94,Misty,Zona Safari,20,450,False,2026-02-03 13:00:00
10692,198,Blue,Zona Safari,83,672,False,2026-04-21 18:00:00
10693,93,Blue,Ruta 1,6,85,True,2026-05-19 23:00:00
10694,80,Red,Isla Canela,35,602,True,2026-02-06 21:00:00
10695,26,Misty,Cueva Celeste,55,1199,True,2026-01-26 06:00:00
10696,85,Misty,Ruta 1,69,1138,False,2026-04-08 06:00:00
10697,27,Red,Cueva Celeste,23,138,False,2026-01-13 04:00:00
10698,177,Ash,Zona Safari,60,384,False,2026-06-25 21:00:00
10699,177,Leaf,Cueva Celeste,27,172,False,2026-01-20 02:00:00
10700,70,Red,Monte Moon,20,274,True,2026-06-27 20:00:00
10701,157,Leaf,Monte Moon,9,216,False,2026-06-23 20:00:00
10702,13,Misty,Isla Canela,66,257,False,2026-02-14 01:00:00
10703,87,Blue,Cueva Celeste,48,796,True,2026-02-10 11:00:00
10704,6,Red,Bosque Verde,10,240,False,2026-06-08 12:00:00
10705,193,Leaf,Cueva Celeste,31,241,True,2026-04-28 16:00:00
10706,63,Leaf,Isla Canela,5,31,False,2026-01-27 16:00:00
10707,132,Blue,Zona Safari,90,909,True,2026-03-03 06:00:00
10708,17,Leaf,Ruta 1,68,829,False,2026-04-11 08:00:00
10709,180,Misty,Bosque Verde,30,384,True,2026-02-28 12:00:00
10710,18,Blue,Isla Canela,90,1944,False,2026-06-02 16:00:00
10711,94,Ash,Isla Canela,32,720,True,2026-04-01 00:00:00
10712,33,Ash,Bosque Verde,46,588,False,2026-03-29 19:00:00
10713,84,Misty,Ruta 1,38,235,False,2026-06-04 11:00:00
10714,183,Red,Isla Canela,4,35,True,2026-03-24 07:00:00
10715,167,Red,Monte Moon,31,155,True,2026-01-12 02:00:00
10716,3,Leaf,Isla Canela,94,2218,True,2026-02-13 14:00:00
10717,13,Ash,Ruta 1,13,50,True,2026-01-17 04:00:00
10718,40,Blue,Bosque Verde,31,607,False,2026-05-04 23:00:00
10719,39,Leaf,Cueva Celeste,96,912,False,2026-01-28 17:00:00
10720,12,Leaf,Bosque Verde,51,907,False,2026-02-11 19:00:00
10721,132,Brock,Bosque Verde,71,717,False,2026-04-16 03:00:00
10722,100,Red,Cueva Celeste,56,369,False,2026-03-03 05:00:00
10723,144,Ash,Cueva Celeste,80,2088,True,2026-04-17 04:00:00
10724,56,Leaf,Bosque Verde,38,231,False,2026-04-18 10:00:00
10725,197,Blue,Bosque Verde,54,993,True,2026-01-19 06:00:00
10726,44,Red,Ruta 1,28,386,False,2026-03-26 08:00:00
10727,56,Leaf,Bosque Verde,9,54,True,2026-02-21 12:00:00
10728,10,Misty,Zona Safari,75,292,True,2026-02-28 01:00:00
10729,198,Ash,Monte Moon,61,494,False,2026-03-27 15:00:00
10730,97,Blue,Isla Canela,55,929,True,2026-01-14 09:00:00
10731,129,Ash,Cueva Celeste,34,136,True,2026-03-28 02:00:00
10732,42,Leaf,Zona Safari,13,206,False,2026-01-28 12:00:00
10733,62,Leaf,Ruta 1,81,1863,False,2026-06-15 11:00:00
10734,85,Ash,Bosque Verde,50,825,True,2026-01-03 11:00:00
10735,55,Blue,Ruta 1,70,1225,True,2026-03-09 08:00:00
10736,87,Brock,Bosque Verde,26,431,True,2026-05-01 19:00:00
10737,125,Ash,Ruta 1,71,1221,False,2026-02-09 12:00:00
10738,84,Misty,Bosque Verde,18,111,True,2026-03-14 06:00:00
10739,127,Blue,Cueva Celeste,18,315,True,2026-03-26 12:00:00
10740,95,Misty,Zona Safari,4,30,False,2026-06-27 23:00:00
10741,160,Misty,Bosque Verde,79,1888,True,2026-01-26 21:00:00
10742,165,Red,Zona Safari,52,275,False,2026-01-14 17:00:00
10743,15,Misty,Bosque Verde,90,1602,True,2026-06-27 09:00:00
10744,141,Ash,Cueva Celeste,6,103,False,2026-01-30 06:00:00
10745,32,Red,Zona Safari,81,445,True,2026-03-23 07:00:00
10746,193,Ash,Bosque Verde,8,62,False,2026-04-25 09:00:00
10747,9,Leaf,Ruta 1,23,549,False,2026-05-09 23:00:00
10748,121,Misty,Cueva Celeste,50,910,False,2026-02-04 17:00:00
10749,48,Brock,Isla Canela,33,201,True,2026-03-19 23:00:00
10750,113,Misty,Zona Safari,4,158,True,2026-03-01 23:00:00
10751,141,Brock,Bosque Verde,78,1349,True,2026-02-11 21:00:00
10752,76,Blue,Cueva Celeste,7,156,False,2026-01-15 12:00:00
10753,102,Brock,Isla Canela,13,84,True,2026-01-12 11:00:00
10754,5,Leaf,Zona Safari,85,1207,False,2026-06-11 17:00:00
10755,105,Leaf,Zona Safari,19,283,False,2026-05-07 14:00:00
10756,163,Blue,Zona Safari,25,130,True,2026-05-08 03:00:00
10757,18,Leaf,Zona Safari,50,1080,False,2026-02-04 13:00:00
10758,191,Misty,Ruta 1,46,165,True,2026-05-29 19:00:00
10759,101,Misty,Ruta 1,9,154,False,2026-06-17 12:00:00
10760,42,Brock,Zona Safari,53,842,False,2026-02-13 01:00:00
10761,70,Ash,Zona Safari,33,452,False,2026-05-22 05:00:00
10762,139,Ash,Ruta 1,22,380,True,2026-04-01 01:00:00
10763,182,Ash,Cueva Celeste,45,994,True,2026-02-12 00:00:00
10764,130,Blue,Isla Canela,23,434,False,2026-03-20 13:00:00
10765,120,Ash,Cueva Celeste,9,61,False,2026-04-11 04:00:00
10766,73,Leaf,Ruta 1,28,503,False,2026-05-28 10:00:00
10767,47,Brock,Cueva Celeste,92,1306,False,2026-03-31 13:00:00
10768,117,Leaf,Isla Canela,52,800,False,2026-02-28 14:00:00
10769,137,Brock,Bosque Verde,38,300,True,2026-01-05 11:00:00
10770,99,Red,Bosque Verde,13,215,False,2026-06-03 00:00:00
10771,48,Brock,Ruta 1,39,237,False,2026-06-29 08:00:00
10772,35,Leaf,Isla Canela,19,214,True,2026-01-05 20:00:00
10773,114,Misty,Monte Moon,78,678,False,2026-03-31 13:00:00
10774,10,Brock,Cueva Celeste,35,136,True,2026-03-14 10:00:00
10775,180,Brock,Cueva Celeste,92,1177,True,2026-05-14 03:00:00
10776,175,Ash,Cueva Celeste,30,147,True,2026-05-28 22:00:00
10777,74,Ash,Zona Safari,68,408,False,2026-05-31 06:00:00
10778,97,Brock,Bosque Verde,31,523,False,2026-06-13 06:00:00
10779,195,Brock,Zona Safari,48,724,False,2026-04-21 05:00:00
10780,183,Blue,Cueva Celeste,60,528,False,2026-06-30 14:00:00
10781,169,Ash,Zona Safari,43,1036,True,2026-03-07 22:00:00
10782,182,Blue,Bosque Verde,24,530,True,2026-02-19 08:00:00
10783,180,Ash,Zona Safari,16,204,True,2026-06-25 15:00:00
10784,147,Red,Isla Canela,94,564,False,2026-04-07 09:00:00
10785,198,Brock,Cueva Celeste,62,502,True,2026-03-09 01:00:00
10786,190,Brock,Cueva Celeste,63,453,False,2026-06-23 17:00:00
10787,95,Brock,Isla Canela,71,546,True,2026-05-15 00:00:00
10788,27,Red,Cueva Celeste,74,444,False,2026-02-14 14:00:00
10789,12,Red,Zona Safari,54,961,False,2026-03-19 02:00:00
10790,61,Misty,Bosque Verde,3,40,True,2026-03-18 21:00:00
10791,97,Red,Bosque Verde,60,1014,False,2026-03-11 07:00:00
10792,166,Leaf,Ruta 1,35,479,True,2026-02-04 09:00:00
10793,30,Misty,Cueva Celeste,59,755,False,2026-06-21 20:00:00
10794,109,Blue,Monte Moon,58,394,False,2026-03-16 13:00:00
10795,176,Misty,Isla Canela,84,1192,True,2026-05-18 13:00:00
10796,98,Misty,Ruta 1,35,227,False,2026-06-09 02:00:00
10797,168,Red,Bosque Verde,99,1386,True,2026-05-10 03:00:00
10798,72,Ash,Isla Canela,34,227,False,2026-05-09 03:00:00
10799,15,Ash,Bosque Verde,96,1708,True,2026-03-31 09:00:00
10800,41,Leaf,Isla Canela,61,298,False,2026-06-24 23:00:00
10801,113,Misty,Zona Safari,57,2251,True,2026-03-27 16:00:00
10802,126,Ash,Isla Canela,81,1401,True,2026-01-07 19:00:00
10803,42,Leaf,Isla Canela,64,1017,False,2026-03-17 21:00:00
10804,17,Ash,Monte Moon,80,976,True,2026-01-22 01:00:00
10805,170,Red,Monte Moon,12,79,True,2026-06-20 09:00:00
10806,81,Misty,Monte Moon,35,227,False,2026-06-13 05:00:00
10807,190,Red,Isla Canela,94,676,True,2026-03-16 00:00:00
10808,195,Ash,Bosque Verde,55,830,False,2026-06-28 05:00:00
10809,97,Brock,Zona Safari,76,1284,True,2026-04-30 02:00:00
10810,115,Leaf,Isla Canela,43,739,True,2026-01-28 02:00:00
10811,71,Red,Zona Safari,46,1016,False,2026-02-07 11:00:00
10812,188,Red,Monte Moon,38,452,True,2026-04-14 01:00:00
10813,40,Red,Zona Safari,29,568,False,2026-02-14 02:00:00
10814,14,Leaf,Cueva Celeste,62,446,False,2026-01-23 16:00:00
10815,6,Red,Cueva Celeste,22,528,True,2026-05-01 07:00:00
10816,185,Misty,Monte Moon,28,403,True,2026-01-27 00:00:00
10817,162,Misty,Zona Safari,68,986,True,2026-05-26 12:00:00
10818,37,Blue,Cueva Celeste,64,384,True,2026-06-13 13:00:00
10819,172,Leaf,Ruta 1,51,209,False,2026-03-29 10:00:00
10820,28,Red,Cueva Celeste,22,347,True,2026-04-29 20:00:00
10821,193,Misty,Bosque Verde,73,569,True,2026-01-11 00:00:00
10822,132,Brock,Isla Canela,6,60,True,2026-01-15 18:00:00
10823,146,Blue,Monte Moon,4,104,True,2026-02-03 14:00:00
10824,136,Blue,Zona Safari,70,1288,True,2026-06-03 01:00:00
10825,22,Red,Monte Moon,15,232,True,2026-04-28 00:00:00
10826,186,Misty,Cueva Celeste,99,2227,True,2026-03-25 17:00:00
10827,174,Brock,Zona Safari,69,289,True,2026-05-30 03:00:00
10828,22,Red,Cueva Celeste,41,635,True,2026-05-05 15:00:00
10829,118,Leaf,Monte Moon,64,409,False,2026-06-25 06:00:00
10830,189,Leaf,Ruta 1,95,1966,False,2026-05-16 16:00:00
10831,128,Red,Zona Safari,55,946,False,2026-01-12 22:00:00
10832,80,Misty,Cueva Celeste,6,103,True,2026-04-12 00:00:00
10833,155,Ash,Cueva Celeste,95,589,False,2026-03-14 11:00:00
10834,122,Red,Monte Moon,72,1159,True,2026-05-25 02:00:00
10835,75,Ash,Isla Canela,93,1274,True,2026-02-06 04:00:00
10836,144,Red,Monte Moon,64,1670,True,2026-05-15 05:00:00
10837,34,Red,Cueva Celeste,36,817,False,2026-01-19 12:00:00
10838,78,Brock,Zona Safari,83,1452,False,2026-05-19 19:00:00
10839,190,Red,Bosque Verde,81,583,False,2026-01-02 07:00:00
10840,73,Leaf,Isla Canela,93,1674,False,2026-03-01 16:00:00
10841,8,Leaf,Bosque Verde,96,1363,True,2026-06-07 03:00:00
10842,141,Ash,Bosque Verde,39,674,False,2026-03-21 07:00:00
10843,154,Brock,Ruta 1,66,1557,True,2026-05-21 18:00:00
10844,2,Leaf,Bosque Verde,75,1065,False,2026-01-25 02:00:00
10845,188,Leaf,Zona Safari,37,440,False,2026-06-30 00:00:00
10846,176,Blue,Isla Canela,1,14,True,2026-01-20 16:00:00
10847,40,Brock,Ruta 1,84,1646,True,2026-05-25 20:00:00
10848,91,Ash,Monte Moon,4,73,True,2026-05-13 02:00:00
10849,10,Brock,Bosque Verde,87,339,False,2026-05-17 19:00:00
10850,129,Brock,Bosque Verde,47,188,True,2026-03-04 12:00:00
10851,178,Red,Isla Canela,10,165,False,2026-01-04 10:00:00
10852,152,Misty,Isla Canela,97,620,False,2026-04-13 19:00:00
10853,9,Red,Cueva Celeste,50,1195,False,2026-02-06 23:00:00
10854,174,Red,Monte Moon,20,84,False,2026-06-17 13:00:00
10855,182,Brock,Bosque Verde,90,1989,False,2026-02-13 01:00:00
10856,135,Brock,Monte Moon,45,828,False,2026-06-17 05:00:00
10857,80,Blue,Cueva Celeste,88,1513,True,2026-05-20 17:00:00
10858,97,Ash,Zona Safari,4,67,True,2026-05-06 00:00:00
10859,56,Ash,Zona Safari,55,335,False,2026-06-22 01:00:00
10860,119,Brock,Bosque Verde,6,94,False,2026-01-06 11:00:00
10861,8,Blue,Isla Canela,3,42,False,2026-03-01 07:00:00
10862,114,Misty,Monte Moon,41,356,False,2026-03-31 20:00:00
10863,146,Brock,Zona Safari,88,2296,False,2026-04-12 11:00:00
10864,141,Ash,Isla Canela,78,1349,False,2026-01-02 22:00:00
10865,143,Red,Monte Moon,19,359,True,2026-04-12 15:00:00
10866,39,Leaf,Monte Moon,8,76,True,2026-05-02 14:00:00
10867,176,Ash,Monte Moon,13,184,True,2026-03-21 03:00:00
10868,155,Leaf,Isla Canela,31,192,True,2026-03-24 17:00:00
10869,65,Brock,Monte Moon,13,292,True,2026-04-01 07:00:00
10870,60,Brock,Cueva Celeste,12,72,False,2026-03-25 12:00:00
10871,28,Leaf,Isla Canela,90,1422,True,2026-05-30 23:00:00
10872,187,Red,Isla Canela,90,450,False,2026-05-26 11:00:00
10873,157,Brock,Monte Moon,21,504,False,2026-02-01 10:00:00
10874,170,Ash,Zona Safari,63,415,True,2026-03-25 20:00:00
10875,138,Ash,Cueva Celeste,93,660,True,2026-02-04 08:00:00
10876,111,Blue,Isla Canela,33,227,False,2026-03-26 18:00:00
10877,77,Misty,Ruta 1,89,729,True,2026-05-05 00:00:00
10878,58,Misty,Ruta 1,25,175,False,2026-01-01 04:00:00
10879,4,Brock,Isla Canela,78,483,False,2026-05-22 11:00:00
10880,50,Blue,Cueva Celeste,56,296,True,2026-06-17 20:00:00
10881,123,Brock,Cueva Celeste,73,730,True,2026-05-18 21:00:00
10882,55,Misty,Ruta 1,95,1662,True,2026-01-08 01:00:00
10883,91,Leaf,Bosque Verde,25,460,False,2026-01-14 02:00:00
10884,85,Blue,Isla Canela,27,445,True,2026-04-03 11:00:00
10885,90,Misty,Zona Safari,41,250,True,2026-01-08 09:00:00
10886,115,Leaf,Cueva Celeste,25,430,False,2026-05-02 09:00:00
10887,42,Misty,Monte Moon,13,206,True,2026-03-11 16:00:00
10888,198,Ash,Cueva Celeste,51,413,True,2026-01-26 01:00:00
10889,131,Leaf,Ruta 1,38,710,True,2026-04-18 00:00:00
10890,192,Red,Monte Moon,36,536,False,2026-01-17 09:00:00
10891,197,Red,Isla Canela,99,1821,True,2026-04-12 19:00:00
10892,195,Misty,Bosque Verde,84,1268,False,2026-05-29 08:00:00
10893,37,Misty,Bosque Verde,96,576,True,2026-06-09 22:00:00
10894,52,Blue,Cueva Celeste,34,197,True,2026-06-06 02:00:00
10895,17,Brock,Bosque Verde,74,902,True,2026-06-07 11:00:00
10896,28,Blue,Zona Safari,41,647,True,2026-05-27 19:00:00
10897,177,Red,Bosque Verde,33,211,False,2026-02-10 04:00:00
10898,45,Blue,Isla Canela,12,265,True,2026-05-10 15:00:00
10899,88,Misty,Ruta 1,23,149,False,2026-04-23 11:00:00
10900,181,Brock,Monte Moon,92,2116,True,2026-04-09 23:00:00
10901,119,Misty,Cueva Celeste,15,237,True,2026-04-28 09:00:00
10902,70,Ash,Ruta 1,14,191,True,2026-04-10 08:00:00
10903,130,Brock,Cueva Celeste,40,756,False,2026-03-27 04:00:00
10904,55,Leaf,Isla Canela,22,385,False,2026-04-25 01:00:00
10905,84,Red,Zona Safari,73,452,False,2026-06-23 11:00:00
10906,109,Brock,Zona Safari,13,88,False,2026-03-03 20:00:00
10907,168,Blue,Bosque Verde,3,42,True,2026-06-06 20:00:00
10908,71,Brock,Bosque Verde,24,530,True,2026-05-22 20:00:00
10909,154,Blue,Zona Safari,76,1793,True,2026-03-16 14:00:00
10910,49,Brock,Ruta 1,49,774,True,2026-06-19 03:00:00
10911,136,Blue,Ruta 1,29,533,True,2026-02-03 19:00:00
10912,35,Ash,Ruta 1,99,1118,False,2026-02-01 19:00:00
10913,100,Misty,Bosque Verde,21,138,True,2026-04-22 18:00:00
10914,69,Ash,Ruta 1,9,54,True,2026-05-10 11:00:00
10915,149,Ash,Isla Canela,42,1134,True,2026-06-25 13:00:00
10916,111,Misty,Monte Moon,74,510,False,2026-04-26 18:00:00
10917,194,Brock,Ruta 1,55,231,False,2026-02-18 19:00:00
10918,90,Misty,Cueva Celeste,85,518,True,2026-02-25 18:00:00
10919,123,Red,Isla Canela,26,260,True,2026-05-02 02:00:00
10920,79,Leaf,Zona Safari,98,617,False,2026-02-28 15:00:00
10921,64,Blue,Cueva Celeste,100,1400,True,2026-01-06 10:00:00
10922,162,Ash,Monte Moon,18,261,False,2026-01-30 23:00:00
10923,159,Leaf,Monte Moon,26,369,False,2026-05-06 01:00:00
10924,114,Misty,Bosque Verde,12,104,True,2026-05-22 06:00:00
10925,72,Leaf,Ruta 1,72,482,False,2026-03-03 01:00:00
10926,38,Brock,Ruta 1,98,1734,True,2026-06-08 12:00:00
10927,102,Ash,Ruta 1,5,32,True,2026-06-25 19:00:00
10928,132,Red,Bosque Verde,100,1010,True,2026-06-03 02:00:00
10929,61,Misty,Monte Moon,47,634,True,2026-05-12 19:00:00
10930,158,Blue,Monte Moon,18,113,False,2026-05-20 11:00:00
10931,87,Brock,Bosque Verde,96,1593,False,2026-04-27 14:00:00
10932,49,Red,Ruta 1,50,790,False,2026-01-01 00:00:00
10933,18,Leaf,Zona Safari,6,129,False,2026-06-17 18:00:00
10934,34,Blue,Cueva Celeste,36,817,True,2026-01-16 08:00:00
10935,78,Brock,Cueva Celeste,13,227,False,2026-04-17 17:00:00
10936,101,Leaf,Monte Moon,49,842,False,2026-04-14 16:00:00
10937,23,Misty,Zona Safari,1,5,True,2026-01-15 06:00:00
10938,153,Misty,Ruta 1,16,227,True,2026-06-27 08:00:00
10939,197,Leaf,Cueva Celeste,72,1324,True,2026-02-24 09:00:00
10940,7,Ash,Monte Moon,95,598,False,2026-03-11 11:00:00
10941,71,Misty,Cueva Celeste,18,397,False,2026-03-25 22:00:00
10942,80,Brock,Isla Canela,42,722,False,2026-02-20 08:00:00
10943,32,Ash,Bosque Verde,64,352,True,2026-02-12 23:00:00
10944,176,Red,Isla Canela,28,397,False,2026-02-12 09:00:00
10945,87,Misty,Ruta 1,1,16,False,2026-03-27 06:00:00
10946,15,Ash,Zona Safari,46,818,True,2026-01-21 17:00:00
10947,102,Ash,Ruta 1,31,201,True,2026-06-15 00:00:00
10948,168,Misty,Zona Safari,71,994,False,2026-04-04 19:00:00
10949,101,Ash,Ruta 1,58,997,False,2026-01-17 04:00:00
10950,95,Brock,Bosque Verde,32,246,True,2026-06-26 03:00:00
10951,183,Leaf,Ruta 1,29,255,True,2026-03-25 03:00:00
10952,57,Ash,Bosque Verde,94,1494,False,2026-04-20 02:00:00
10953,63,Blue,Monte Moon,9,55,False,2026-02-25 16:00:00
10954,139,Red,Cueva Celeste,44,761,True,2026-02-06 05:00:00
10955,89,Ash,Isla Canela,27,472,True,2026-04-13 04:00:00
10956,198,Ash,Cueva Celeste,17,137,False,2026-01-04 21:00:00
10957,20,Leaf,Isla Canela,77,1116,False,2026-03-27 12:00:00
10958,1,Blue,Isla Canela,21,134,False,2026-05-21 05:00:00
10959,86,Brock,Cueva Celeste,15,97,False,2026-05-14 23:00:00
10960,49,Brock,Monte Moon,46,726,True,2026-03-02 22:00:00
10961,33,Leaf,Ruta 1,14,179,True,2026-01-27 21:00:00
10962,65,Misty,Ruta 1,3,67,True,2026-04-26 13:00:00
10963,7,Blue,Cueva Celeste,12,75,True,2026-05-07 06:00:00
10964,158,Blue,Cueva Celeste,61,384,True,2026-04-23 00:00:00
10965,123,Red,Monte Moon,10,100,True,2026-04-27 13:00:00
10966,40,Ash,Ruta 1,38,744,False,2026-06-26 12:00:00
10967,85,Brock,Monte Moon,89,1468,True,2026-05-01 14:00:00
10968,80,Red,Cueva Celeste,89,1530,False,2026-03-01 21:00:00
10969,77,Misty,Ruta 1,48,393,False,2026-05-25 09:00:00
10970,179,Misty,Zona Safari,88,492,False,2026-06-12 21:00:00
10971,152,Brock,Cueva Celeste,94,601,True,2026-04-10 07:00:00
10972,87,Leaf,Ruta 1,90,1494,False,2026-05-29 09:00:00
10973,184,Red,Bosque Verde,53,1001,False,2026-02-17 08:00:00
10974,13,Ash,Cueva Celeste,94,366,False,2026-04-24 17:00:00
10975,32,Blue,Ruta 1,68,374,True,2026-05-17 10:00:00
10976,138,Brock,Cueva Celeste,40,284,False,2026-03-14 09:00:00
10977,59,Brock,Bosque Verde,76,1474,False,2026-04-02 21:00:00
10978,149,Leaf,Bosque Verde,66,1782,False,2026-05-02 11:00:00
10979,113,Ash,Monte Moon,14,553,False,2026-02-18 09:00:00
10980,80,Leaf,Cueva Celeste,98,1685,True,2026-05-13 18:00:00
10981,11,Ash,Ruta 1,97,698,False,2026-01-30 14:00:00
10982,140,Ash,Bosque Verde,2,14,True,2026-06-17 11:00:00
10983,6,Ash,Monte Moon,39,936,False,2026-03-29 22:00:00
10984,71,Blue,Isla Canela,69,1524,True,2026-06-27 09:00:00
10985,3,Misty,Bosque Verde,60,1416,True,2026-03-18 03:00:00
10986,156,Red,Cueva Celeste,51,724,False,2026-01-12 09:00:00
10987,8,Misty,Ruta 1,8,113,True,2026-01-29 17:00:00
10988,53,Misty,Monte Moon,85,1309,True,2026-04-19 04:00:00
10989,48,Leaf,Bosque Verde,52,317,False,2026-02-21 12:00:00
10990,167,Brock,Bosque Verde,39,195,True,2026-05-22 13:00:00
10991,29,Brock,Zona Safari,49,269,False,2026-05-10 07:00:00
10992,82,Misty,Bosque Verde,46,749,True,2026-05-02 04:00:00
10993,102,Leaf,Bosque Verde,95,617,True,2026-05-22 13:00:00
10994,165,Leaf,Isla Canela,86,455,False,2026-01-19 00:00:00
10995,36,Brock,Cueva Celeste,11,238,True,2026-04-11 02:00:00
10996,142,Misty,Isla Canela,21,378,True,2026-04-24 10:00:00
10997,150,Misty,Bosque Verde,77,2356,True,2026-06-06 02:00:00
10998,120,Blue,Bosque Verde,48,326,True,2026-03-14 10:00:00
10999,3,Misty,Ruta 1,93,2194,True,2026-03-17 08:00:00
11000,83,Misty,Isla Canela,85,1122,True,2026-06-02 05:00:00
11001,103,Leaf,Cueva Celeste,87,1618,True,2026-05-10 23:00:00
11002,97,Brock,Cueva Celeste,18,304,False,2026-01-13 03:00:00
11003,66,Misty,Zona Safari,11,67,False,2026-01-07 22:00:00
11004,162,Leaf,Ruta 1,23,333,True,2026-06-01 07:00:00
11005,10,Brock,Isla Canela,64,249,False,2026-01-08 12:00:00
11006,43,Ash,Cueva Celeste,17,108,False,2026-01-08 20:00:00
11007,9,Misty,Zona Safari,17,406,False,2026-02-14 08:00:00
11008,120,Brock,Bosque Verde,11,74,True,2026-01-02 01:00:00
11009,187,Red,Bosque Verde,79,395,False,2026-01-09 16:00:00
11010,5,Red,Monte Moon,29,411,True,2026-01-25 01:00:00
11011,6,Ash,Cueva Celeste,85,2040,False,2026-02-03 02:00:00
11012,54,Blue,Zona Safari,85,544,True,2026-06-07 12:00:00
11013,79,Leaf,Cueva Celeste,62,390,False,2026-01-08 03:00:00
11014,98,Red,Isla Canela,19,123,False,2026-06-22 18:00:00
11015,34,Leaf,Monte Moon,52,1180,False,2026-03-23 00:00:00
11016,123,Misty,Bosque Verde,2,20,True,2026-06-30 18:00:00
11017,4,Brock,Ruta 1,34,210,False,2026-02-19 07:00:00
11018,185,Leaf,Isla Canela,13,187,False,2026-06-15 23:00:00
11019,186,Ash,Bosque Verde,75,1687,True,2026-02-13 14:00:00
11020,105,Blue,Ruta 1,75,1117,False,2026-03-13 01:00:00
11021,66,Ash,Zona Safari,80,488,True,2026-03-02 14:00:00
11022,100,Leaf,Isla Canela,16,105,False,2026-03-05 05:00:00
11023,112,Leaf,Monte Moon,87,1478,True,2026-03-27 03:00:00
11024,127,Ash,Cueva Celeste,94,1645,True,2026-05-11 04:00:00
11025,17,Ash,Ruta 1,62,756,False,2026-04-20 22:00:00
11026,117,Ash,Isla Canela,42,646,False,2026-02-20 19:00:00
11027,144,Ash,Ruta 1,10,261,True,2026-04-24 22:00:00
11028,189,Brock,Monte Moon,10,207,True,2026-02-19 08:00:00
11029,194,Ash,Zona Safari,81,340,False,2026-02-09 22:00:00
11030,69,Ash,Zona Safari,6,36,True,2026-03-15 14:00:00
11031,152,Misty,Cueva Celeste,15,96,False,2026-02-03 04:00:00
11032,26,Ash,Cueva Celeste,80,1744,False,2026-04-08 11:00:00
11033,134,Ash,Monte Moon,66,1214,True,2026-05-12 22:00:00
11034,159,Brock,Monte Moon,12,170,True,2026-03-29 16:00:00
11035,73,Brock,Bosque Verde,89,1602,False,2026-01-24 12:00:00
11036,115,Blue,Bosque Verde,98,1685,False,2026-03-18 11:00:00
11037,180,Leaf,Ruta 1,72,921,False,2026-04-15 05:00:00
11038,116,Leaf,Isla Canela,92,542,True,2026-04-09 03:00:00
11039,130,Brock,Bosque Verde,51,963,False,2026-06-18 02:00:00
11040,149,Leaf,Ruta 1,7,189,True,2026-06-25 17:00:00
11041,93,Red,Bosque Verde,3,42,False,2026-02-06 03:00:00
11042,40,Leaf,Bosque Verde,41,803,False,2026-06-15 21:00:00
11043,74,Brock,Bosque Verde,16,96,True,2026-05-03 00:00:00
11044,67,Red,Isla Canela,85,1207,False,2026-04-02 04:00:00
11045,99,Leaf,Bosque Verde,92,1527,True,2026-01-30 11:00:00
11046,125,Misty,Ruta 1,1,17,True,2026-02-28 20:00:00
11047,66,Ash,Zona Safari,24,146,False,2026-03-11 14:00:00
11048,58,Blue,Ruta 1,34,238,True,2026-05-11 00:00:00
11049,86,Red,Monte Moon,19,123,False,2026-05-04 01:00:00
11050,130,Brock,Isla Canela,15,283,False,2026-05-01 14:00:00
11051,70,Leaf,Ruta 1,43,589,False,2026-06-15 19:00:00
11052,59,Red,Monte Moon,75,1455,True,2026-03-21 13:00:00
11053,196,Brock,Zona Safari,31,570,True,2026-03-29 11:00:00
11054,32,Leaf,Zona Safari,41,225,False,2026-06-29 00:00:00
11055,85,Ash,Bosque Verde,41,676,True,2026-04-11 00:00:00
11056,25,Leaf,Isla Canela,78,873,False,2026-01-21 14:00:00
11057,115,Leaf,Monte Moon,93,1599,False,2026-06-11 16:00:00
11058,54,Blue,Ruta 1,4,25,False,2026-05-16 12:00:00
11059,63,Misty,Ruta 1,39,241,False,2026-05-28 04:00:00
11060,112,Red,Cueva Celeste,23,390,True,2026-06-19 11:00:00
11061,148,Red,Ruta 1,62,911,True,2026-05-11 23:00:00
11062,80,Misty,Monte Moon,11,189,True,2026-03-22 17:00:00
11063,6,Red,Zona Safari,40,960,True,2026-02-09 16:00:00
11064,106,Brock,Bosque Verde,98,1558,False,2026-05-11 17:00:00
11065,159,Brock,Monte Moon,48,681,True,2026-05-08 11:00:00
11066,3,Brock,Monte Moon,27,637,False,2026-03-31 23:00:00
11067,157,Red,Cueva Celeste,22,528,False,2026-04-21 21:00:00
11068,73,Misty,Bosque Verde,90,1620,False,2026-01-24 17:00:00
11069,114,Red,Zona Safari,36,313,True,2026-03-23 08:00:00
11070,43,Blue,Zona Safari,37,236,False,2026-03-05 03:00:00
11071,146,Brock,Zona Safari,91,2375,True,2026-05-31 10:00:00
11072,198,Red,Bosque Verde,61,494,True,2026-02-06 20:00:00
11073,7,Blue,Bosque Verde,76,478,True,2026-05-26 05:00:00
11074,27,Misty,Ruta 1,48,288,True,2026-01-28 05:00:00
11075,44,Brock,Zona Safari,12,165,True,2026-06-04 16:00:00
11076,65,Red,Zona Safari,7,157,True,2026-02-02 21:00:00
11077,29,Leaf,Ruta 1,47,258,False,2026-01-26 21:00:00
11078,130,Blue,Bosque Verde,87,1644,True,2026-02-13 15:00:00
11079,181,Misty,Cueva Celeste,35,805,False,2026-02-24 06:00:00
11080,173,Misty,Isla Canela,33,145,True,2026-01-28 17:00:00
11081,77,Brock,Zona Safari,57,467,True,2026-01-28 14:00:00
11082,75,Brock,Bosque Verde,29,397,False,2026-01-19 19:00:00
11083,141,Brock,Bosque Verde,47,813,True,2026-02-08 10:00:00
11084,181,Leaf,Monte Moon,100,2300,False,2026-05-10 03:00:00
11085,145,Red,Bosque Verde,81,2114,False,2026-03-11 11:00:00
11086,17,Ash,Cueva Celeste,18,219,False,2026-06-11 03:00:00
11087,54,Ash,Bosque Verde,22,140,True,2026-05-04 05:00:00
11088,117,Blue,Monte Moon,10,154,True,2026-04-27 02:00:00
11089,164,Leaf,Ruta 1,3,47,True,2026-05-11 09:00:00
11090,14,Ash,Ruta 1,40,288,False,2026-02-21 06:00:00
11091,85,Leaf,Isla Canela,11,181,False,2026-06-08 18:00:00
11092,57,Ash,Ruta 1,88,1399,True,2026-02-11 08:00:00
11093,189,Blue,Ruta 1,67,1386,True,2026-02-23 21:00:00
11094,197,Red,Zona Safari,47,864,True,2026-04-15 03:00:00
11095,94,Leaf,Monte Moon,77,1732,True,2026-05-14 02:00:00
11096,133,Ash,Cueva Celeste,11,71,True,2026-03-27 19:00:00
11097,142,Blue,Bosque Verde,8,144,False,2026-03-11 11:00:00
11098,148,Blue,Isla Canela,22,323,False,2026-06-06 07:00:00
11099,146,Misty,Zona Safari,6,156,True,2026-06-15 05:00:00
11100,117,Red,Cueva Celeste,15,231,False,2026-02-28 04:00:00
11101,181,Blue,Ruta 1,16,368,False,2026-04-27 21:00:00
11102,119,Leaf,Cueva Celeste,97,1532,False,2026-03-06 08:00:00
11103,31,Brock,Isla Canela,32,726,True,2026-02-26 20:00:00
11104,151,Leaf,Monte Moon,71,1917,False,2026-05-19 16:00:00
11105,14,Ash,Ruta 1,33,237,False,2026-03-24 14:00:00
11106,180,Ash,Isla Canela,70,896,True,2026-01-31 03:00:00
11107,155,Misty,Isla Canela,29,179,False,2026-05-07 21:00:00
11108,137,Red,Ruta 1,87,687,True,2026-03-20 21:00:00
11109,60,Leaf,Zona Safari,49,294,False,2026-02-13 09:00:00
11110,3,Ash,Monte Moon,43,1014,True,2026-05-01 15:00:00
11111,36,Misty,Monte Moon,9,195,True,2026-01-12 10:00:00
11112,120,Ash,Cueva Celeste,35,238,True,2026-05-14 09:00:00
11113,29,Brock,Bosque Verde,10,55,False,2026-01-04 10:00:00
11114,173,Ash,Zona Safari,95,418,False,2026-03-01 02:00:00
11115,57,Misty,Zona Safari,62,985,False,2026-04-12 17:00:00
11116,58,Brock,Monte Moon,79,553,False,2026-05-20 06:00:00
11117,123,Red,Zona Safari,16,160,True,2026-03-16 19:00:00
11118,116,Ash,Isla Canela,60,354,True,2026-05-21 16:00:00
11119,122,Brock,Zona Safari,16,257,False,2026-01-15 00:00:00
11120,104,Leaf,Zona Safari,17,108,False,2026-05-02 17:00:00
11121,91,Leaf,Monte Moon,31,570,True,2026-05-20 19:00:00
11122,175,Blue,Ruta 1,93,455,False,2026-06-30 22:00:00
11123,58,Misty,Ruta 1,98,686,False,2026-03-17 14:00:00
11124,164,Misty,Zona Safari,5,79,False,2026-01-10 06:00:00
11125,183,Leaf,Cueva Celeste,63,554,False,2026-03-26 16:00:00
11126,22,Ash,Ruta 1,68,1054,False,2026-04-27 14:00:00
11127,124,Leaf,Bosque Verde,85,1351,True,2026-05-04 06:00:00
11128,85,Leaf,Zona Safari,45,742,True,2026-02-26 22:00:00
11129,54,Misty,Zona Safari,99,633,False,2026-01-08 13:00:00
11130,148,Red,Zona Safari,27,396,False,2026-02-23 00:00:00
11131,197,Misty,Zona Safari,88,1619,False,2026-06-01 18:00:00
11132,64,Red,Cueva Celeste,92,1288,False,2026-02-09 10:00:00
11133,126,Ash,Ruta 1,6,103,False,2026-04-16 09:00:00
11134,139,Brock,Monte Moon,95,1643,True,2026-03-24 08:00:00
11135,129,Brock,Ruta 1,97,388,True,2026-06-02 20:00:00
11136,25,Brock,Cueva Celeste,50,560,True,2026-06-05 14:00:00
11137,81,Misty,Ruta 1,14,91,False,2026-01-29 22:00:00
11138,31,Ash,Cueva Celeste,34,771,True,2026-05-11 12:00:00
11139,73,Blue,Bosque Verde,90,1620,True,2026-06-28 19:00:00
11140,60,Misty,Cueva Celeste,5,30,False,2026-05-01 20:00:00
11141,5,Brock,Ruta 1,63,894,False,2026-03-23 16:00:00
11142,141,Blue,Bosque Verde,34,588,False,2026-06-08 07:00:00
11143,90,Brock,Zona Safari,14,85,False,2026-02-24 18:00:00
11144,49,Misty,Zona Safari,44,695,False,2026-06-14 09:00:00
11145,160,Leaf,Ruta 1,82,1959,True,2026-03-03 13:00:00
11146,57,Blue,Monte Moon,29,461,True,2026-01-21 14:00:00
11147,131,Red,Monte Moon,66,1234,True,2026-03-12 08:00:00
11148,60,Red,Ruta 1,72,432,False,2026-01-29 03:00:00
11149,6,Red,Ruta 1,79,1896,False,2026-05-22 12:00:00
11150,26,Leaf,Cueva Celeste,8,174,True,2026-04-27 18:00:00
11151,58,Leaf,Zona Safari,45,315,True,2026-06-25 19:00:00
11152,72,Red,Ruta 1,16,107,True,2026-03-25 17:00:00
11153,31,Blue,Isla Canela,35,794,False,2026-06-25 20:00:00
11154,6,Brock,Zona Safari,21,504,True,2026-01-02 16:00:00
11155,31,Blue,Cueva Celeste,82,1861,True,2026-02-17 11:00:00
11156,135,Blue,Isla Canela,10,184,True,2026-03-11 12:00:00
11157,17,Misty,Isla Canela,45,549,True,2026-01-07 16:00:00
11158,66,Brock,Ruta 1,80,488,False,2026-03-06 00:00:00
11159,136,Leaf,Zona Safari,59,1085,True,2026-05-11 22:00:00
11160,151,Red,Cueva Celeste,51,1377,False,2026-03-17 00:00:00
11161,7,Leaf,Cueva Celeste,1,6,False,2026-02-16 16:00:00
11162,94,Red,Cueva Celeste,52,1170,True,2026-06-17 10:00:00
11163,164,Red,Bosque Verde,58,916,True,2026-03-05 03:00:00
11164,157,Brock,Monte Moon,84,2016,False,2026-02-06 12:00:00
11165,24,Blue,Cueva Celeste,19,298,True,2026-06-28 17:00:00
11166,23,Ash,Zona Safari,35,203,False,2026-02-21 09:00:00
11167,174,Red,Cueva Celeste,29,121,False,2026-05-12 02:00:00
11168,4,Red,Isla Canela,67,415,False,2026-06-15 00:00:00
11169,120,Red,Ruta 1,10,68,False,2026-01-08 18:00:00
11170,87,Leaf,Cueva Celeste,13,215,True,2026-06-30 19:00:00
11171,127,Ash,Bosque Verde,65,1137,True,2026-06-02 00:00:00
11172,200,Red,Bosque Verde,92,800,False,2026-04-14 03:00:00
11173,77,Blue,Isla Canela,66,541,False,2026-02-20 10:00:00
11174,105,Brock,Cueva Celeste,47,700,False,2026-03-31 03:00:00
11175,63,Red,Monte Moon,89,551,True,2026-03-15 05:00:00
11176,162,Leaf,Isla Canela,54,783,True,2026-06-28 11:00:00
11177,3,Ash,Ruta 1,23,542,True,2026-05-01 03:00:00
11178,105,Misty,Bosque Verde,5,74,True,2026-06-19 14:00:00
11179,33,Brock,Monte Moon,91,1164,True,2026-03-24 02:00:00
11180,199,Red,Cueva Celeste,39,670,True,2026-05-07 18:00:00
11181,161,Red,Bosque Verde,16,68,False,2026-02-27 09:00:00
11182,111,Ash,Cueva Celeste,88,607,False,2026-04-10 07:00:00
11183,39,Ash,Cueva Celeste,5,47,False,2026-06-16 02:00:00
11184,50,Misty,Zona Safari,77,408,True,2026-04-19 19:00:00
11185,135,Brock,Cueva Celeste,21,386,True,2026-03-05 06:00:00
11186,8,Brock,Isla Canela,57,809,False,2026-03-24 02:00:00
11187,24,Leaf,Cueva Celeste,26,408,True,2026-03-30 10:00:00
11188,34,Blue,Zona Safari,35,794,False,2026-04-25 20:00:00
11189,52,Ash,Cueva Celeste,70,406,True,2026-02-27 11:00:00
11190,95,Leaf,Monte Moon,94,723,False,2026-03-10 16:00:00
11191,153,Brock,Bosque Verde,53,752,False,2026-02-14 05:00:00
11192,179,Red,Bosque Verde,94,526,True,2026-05-17 01:00:00
11193,128,Brock,Isla Canela,59,1014,False,2026-05-05 05:00:00
11194,160,Ash,Monte Moon,59,1410,False,2026-05-28 13:00:00
11195,171,Red,Ruta 1,98,1577,False,2026-03-25 15:00:00
11196,92,Brock,Zona Safari,43,266,True,2026-06-04 11:00:00
11197,123,Blue,Cueva Celeste,55,550,False,2026-01-31 17:00:00
11198,25,Brock,Zona Safari,22,246,False,2026-02-23 10:00:00
11199,132,Blue,Zona Safari,80,808,True,2026-03-12 03:00:00
11200,51,Misty,Isla Canela,25,372,False,2026-05-15 00:00:00
11201,195,Red,Bosque Verde,89,1343,True,2026-06-09 08:00:00
11202,126,Ash,Zona Safari,77,1332,False,2026-03-21 17:00:00
11203,66,Ash,Bosque Verde,64,390,True,2026-05-18 07:00:00
11204,169,Misty,Isla Canela,90,2169,True,2026-02-19 13:00:00
11205,160,Red,Ruta 1,16,382,False,2026-01-29 09:00:00
11206,13,Leaf,Ruta 1,75,292,False,2026-01-16 15:00:00
11207,102,Leaf,Monte Moon,65,422,False,2026-01-29 06:00:00
11208,183,Leaf,Isla Canela,80,704,False,2026-01-31 16:00:00
11209,79,Ash,Isla Canela,73,459,False,2026-06-20 20:00:00
11210,103,Misty,Isla Canela,86,1599,False,2026-04-12 06:00:00
11211,35,Misty,Ruta 1,51,576,True,2026-06-30 21:00:00
11212,124,Ash,Ruta 1,54,858,False,2026-03-19 19:00:00
11213,156,Red,Zona Safari,40,568,True,2026-01-25 23:00:00
11214,150,Red,Zona Safari,93,2845,False,2026-03-20 21:00:00
11215,15,Ash,Monte Moon,91,1619,False,2026-02-09 11:00:00
11216,190,Misty,Cueva Celeste,44,316,False,2026-02-11 01:00:00
11217,135,Brock,Monte Moon,67,1232,False,2026-01-20 12:00:00
11218,89,Red,Cueva Celeste,13,227,True,2026-06-01 22:00:00
11219,65,Brock,Zona Safari,34,765,True,2026-06-25 09:00:00
11220,62,Misty,Ruta 1,68,1564,False,2026-01-24 06:00:00
11221,95,Red,Bosque Verde,72,554,True,2026-04-02 07:00:00
11222,21,Misty,Monte Moon,12,62,False,2026-02-10 01:00:00
11223,125,Brock,Ruta 1,51,877,True,2026-05-04 03:00:00
11224,53,Blue,Cueva Celeste,64,985,False,2026-01-20 14:00:00
11225,56,Brock,Monte Moon,37,225,True,2026-03-05 09:00:00
11226,147,Brock,Cueva Celeste,15,90,False,2026-01-10 23:00:00
11227,61,Ash,Ruta 1,65,877,False,2026-06-01 23:00:00
11228,158,Misty,Ruta 1,80,504,False,2026-04-15 02:00:00
11229,146,Red,Cueva Celeste,65,1696,False,2026-06-25 22:00:00
11230,195,Leaf,Cueva Celeste,86,1298,False,2026-05-18 21:00:00
11231,140,Leaf,Zona Safari,78,553,False,2026-02-28 20:00:00
11232,83,Blue,Ruta 1,8,105,False,2026-03-30 14:00:00
11233,120,Misty,Bosque Verde,47,319,False,2026-06-12 23:00:00
11234,63,Leaf,Isla Canela,6,37,True,2026-04-27 16:00:00
11235,97,Leaf,Ruta 1,11,185,False,2026-05-08 20:00:00
11236,142,Misty,Ruta 1,15,270,True,2026-06-29 07:00:00
11237,166,Ash,Bosque Verde,86,1178,False,2026-01-12 08:00:00
11238,200,Misty,Zona Safari,31,269,True,2026-01-15 07:00:00
11239,152,Red,Monte Moon,94,601,True,2026-04-12 17:00:00
11240,109,Blue,Zona Safari,46,312,True,2026-03-20 21:00:00
11241,38,Leaf,Zona Safari,66,1168,True,2026-06-12 21:00:00
11242,190,Misty,Isla Canela,68,489,False,2026-05-10 00:00:00
11243,76,Misty,Cueva Celeste,1,22,True,2026-02-13 22:00:00
11244,153,Blue,Monte Moon,1,14,False,2026-01-31 12:00:00
11245,151,Brock,Zona Safari,38,1026,True,2026-02-07 04:00:00
11246,150,Brock,Cueva Celeste,88,2692,False,2026-04-07 10:00:00
11247,50,Ash,Cueva Celeste,60,318,False,2026-06-12 05:00:00
11248,38,Blue,Ruta 1,83,1469,True,2026-01-27 05:00:00
11249,131,Red,Ruta 1,68,1271,False,2026-01-27 10:00:00
11250,45,Brock,Zona Safari,59,1303,False,2026-04-23 12:00:00
11251,9,Leaf,Cueva Celeste,73,1744,False,2026-05-06 20:00:00
11252,68,Blue,Monte Moon,49,1112,False,2026-05-15 19:00:00
11253,137,Leaf,Bosque Verde,95,750,True,2026-01-09 08:00:00
11254,109,Leaf,Ruta 1,94,639,False,2026-01-19 21:00:00
11255,135,Blue,Monte Moon,66,1214,False,2026-05-06 02:00:00
11256,197,Leaf,Monte Moon,16,294,False,2026-04-08 19:00:00
11257,112,Ash,Zona Safari,88,1496,True,2026-04-18 14:00:00
11258,67,Ash,Monte Moon,73,1036,True,2026-05-30 06:00:00
11259,62,Ash,Ruta 1,63,1449,True,2026-03-19 09:00:00
11260,135,Red,Isla Canela,37,680,False,2026-03-07 22:00:00
11261,78,Blue,Bosque Verde,55,962,False,2026-02-12 07:00:00
11262,190,Red,Zona Safari,86,619,False,2026-04-01 01:00:00
11263,3,Brock,Monte Moon,32,755,False,2026-06-06 09:00:00
11264,68,Brock,Cueva Celeste,83,1884,True,2026-01-26 06:00:00
11265,9,Leaf,Monte Moon,28,669,True,2026-01-19 15:00:00
11266,193,Leaf,Bosque Verde,84,655,True,2026-06-24 22:00:00
11267,154,Ash,Isla Canela,93,2194,False,2026-01-14 20:00:00
11268,178,Brock,Bosque Verde,25,412,True,2026-04-14 02:00:00
11269,114,Misty,Zona Safari,84,730,True,2026-01-15 12:00:00
11270,187,Ash,Bosque Verde,14,70,False,2026-01-28 17:00:00
11271,164,Ash,Isla Canela,11,173,False,2026-03-03 14:00:00
11272,114,Brock,Cueva Celeste,27,234,False,2026-06-26 04:00:00
11273,93,Misty,Zona Safari,47,667,True,2026-01-31 10:00:00
11274,41,Brock,Isla Canela,61,298,True,2026-04-30 16:00:00
11275,37,Red,Ruta 1,14,84,True,2026-03-05 00:00:00
11276,74,Red,Bosque Verde,7,42,True,2026-06-18 23:00:00
11277,31,Blue,Bosque Verde,26,590,True,2026-06-01 13:00:00
11278,101,Ash,Isla Canela,57,980,True,2026-06-17 06:00:00
11279,109,Brock,Ruta 1,63,428,False,2026-03-15 06:00:00
11280,189,Brock,Monte Moon,43,890,False,2026-06-20 09:00:00
11281,140,Ash,Bosque Verde,46,326,True,2026-06-24 05:00:00
11282,70,Misty,Isla Canela,52,712,True,2026-02-13 21:00:00
11283,18,Blue,Cueva Celeste,44,950,True,2026-06-21 03:00:00
11284,152,Red,Monte Moon,88,563,False,2026-03-21 03:00:00
11285,187,Red,Monte Moon,96,480,False,2026-05-19 21:00:00
11286,175,Brock,Monte Moon,80,392,False,2026-04-03 07:00:00
11287,19,Red,Monte Moon,32,163,False,2026-03-08 00:00:00
11288,1,Ash,Isla Canela,73,467,True,2026-04-08 08:00:00
11289,114,Red,Monte Moon,73,635,True,2026-06-06 08:00:00
11290,163,Ash,Cueva Celeste,4,20,False,2026-03-14 19:00:00
11291,113,Leaf,Cueva Celeste,51,2014,True,2026-01-11 20:00:00
11292,33,Red,Isla Canela,49,627,True,2026-05-25 18:00:00
11293,96,Red,Ruta 1,6,39,False,2026-03-27 11:00:00
11294,24,Leaf,Ruta 1,47,737,False,2026-02-13 08:00:00
11295,66,Leaf,Bosque Verde,31,189,True,2026-06-11 06:00:00
11296,67,Brock,Cueva Celeste,6,85,True,2026-04-23 05:00:00
11297,191,Leaf,Isla Canela,24,86,True,2026-05-27 09:00:00
11298,174,Leaf,Isla Canela,83,348,False,2026-05-29 00:00:00
11299,130,Red,Isla Canela,68,1285,False,2026-06-02 19:00:00
11300,20,Blue,Monte Moon,15,217,True,2026-04-24 12:00:00
11301,143,Blue,Zona Safari,97,1833,True,2026-01-02 15:00:00
11302,121,Ash,Monte Moon,49,891,False,2026-01-27 15:00:00
11303,74,Ash,Zona Safari,88,528,False,2026-03-05 17:00:00
11304,139,Red,Zona Safari,2,34,True,2026-03-10 07:00:00
11305,155,Red,Cueva Celeste,2,12,True,2026-06-21 21:00:00
11306,80,Ash,Isla Canela,56,963,True,2026-06-05 20:00:00
11307,162,Ash,Cueva Celeste,29,420,True,2026-03-18 16:00:00
11308,27,Blue,Cueva Celeste,23,138,False,2026-04-25 21:00:00
11309,89,Misty,Monte Moon,32,560,True,2026-02-05 08:00:00
11310,24,Leaf,Zona Safari,35,549,False,2026-01-20 08:00:00
11311,33,Blue,Monte Moon,78,998,True,2026-03-18 08:00:00
11312,60,Leaf,Bosque Verde,93,558,True,2026-01-12 10:00:00
11313,4,Blue,Ruta 1,14,86,True,2026-01-13 12:00:00
11314,124,Blue,Ruta 1,40,636,True,2026-05-15 06:00:00
11315,146,Red,Cueva Celeste,92,2401,True,2026-03-28 22:00:00
11316,125,Ash,Ruta 1,57,980,True,2026-02-28 18:00:00
11317,45,Leaf,Zona Safari,83,1834,False,2026-01-17 22:00:00
11318,104,Red,Zona Safari,31,198,True,2026-05-01 10:00:00
11319,166,Misty,Isla Canela,34,465,False,2026-05-25 18:00:00
11320,179,Red,Cueva Celeste,22,123,False,2026-06-30 02:00:00
11321,17,Misty,Isla Canela,84,1024,False,2026-04-06 14:00:00
11322,156,Misty,Zona Safari,48,681,True,2026-04-16 20:00:00
11323,160,Leaf,Bosque Verde,72,1720,True,2026-03-30 02:00:00
11324,24,Brock,Zona Safari,11,172,True,2026-05-03 16:00:00
11325,80,Leaf,Cueva Celeste,35,602,False,2026-04-11 00:00:00
11326,22,Blue,Isla Canela,72,1116,True,2026-01-18 05:00:00
11327,1,Red,Monte Moon,26,166,False,2026-02-11 04:00:00
11328,91,Brock,Bosque Verde,99,1821,True,2026-02-28 09:00:00
11329,75,Leaf,Isla Canela,5,68,True,2026-06-30 11:00:00
11330,14,Leaf,Monte Moon,74,532,False,2026-03-17 00:00:00
11331,62,Leaf,Zona Safari,88,2024,True,2026-05-09 14:00:00
11332,13,Blue,Bosque Verde,46,179,False,2026-06-06 03:00:00
11333,164,Blue,Isla Canela,25,395,False,2026-01-02 15:00:00
11334,105,Misty,Monte Moon,46,685,True,2026-02-23 18:00:00
11335,155,Brock,Monte Moon,65,403,False,2026-06-18 12:00:00
11336,188,Red,Bosque Verde,88,1047,False,2026-02-11 22:00:00
11337,86,Ash,Isla Canela,66,429,False,2026-06-01 02:00:00
11338,12,Leaf,Monte Moon,52,925,False,2026-06-10 00:00:00
11339,195,Misty,Monte Moon,92,1389,True,2026-06-13 03:00:00
11340,145,Blue,Zona Safari,61,1592,False,2026-02-27 00:00:00
11341,136,Leaf,Zona Safari,88,1619,False,2026-03-15 06:00:00
11342,122,Misty,Ruta 1,76,1223,True,2026-01-18 00:00:00
11343,113,Leaf,Isla Canela,10,395,True,2026-05-22 13:00:00
11344,91,Misty,Isla Canela,16,294,True,2026-01-05 14:00:00
11345,172,Ash,Ruta 1,99,405,False,2026-01-22 18:00:00
11346,11,Misty,Isla Canela,81,583,True,2026-05-07 12:00:00
11347,185,Leaf,Bosque Verde,1,14,True,2026-05-28 19:00:00
11348,142,Red,Ruta 1,41,737,False,2026-04-10 00:00:00
11349,159,Red,Zona Safari,31,440,True,2026-06-21 03:00:00
11350,193,Brock,Monte Moon,50,390,True,2026-04-16 04:00:00
11351,80,Misty,Bosque Verde,79,1358,False,2026-01-27 21:00:00
11352,5,Brock,Cueva Celeste,15,213,True,2026-01-03 20:00:00
11353,30,Brock,Zona Safari,41,524,False,2026-06-13 05:00:00
11354,54,Blue,Ruta 1,57,364,False,2026-01-27 18:00:00
11355,191,Misty,Bosque Verde,63,226,False,2026-04-28 04:00:00
11356,118,Brock,Cueva Celeste,21,134,False,2026-06-09 06:00:00
11357,151,Blue,Bosque Verde,23,621,False,2026-05-22 23:00:00
11358,153,Misty,Ruta 1,79,1121,False,2026-06-23 19:00:00
11359,102,Brock,Zona Safari,28,182,False,2026-01-29 11:00:00
11360,154,Misty,Cueva Celeste,99,2336,False,2026-01-10 05:00:00
11361,196,Blue,Ruta 1,58,1067,False,2026-02-15 10:00:00
11362,123,Misty,Bosque Verde,3,30,True,2026-01-08 14:00:00
11363,195,Misty,Isla Canela,35,528,False,2026-05-26 05:00:00
11364,174,Red,Zona Safari,10,42,False,2026-05-31 14:00:00
11365,35,Blue,Zona Safari,75,847,True,2026-06-28 04:00:00
11366,118,Leaf,Zona Safari,71,454,True,2026-04-24 21:00:00
11367,152,Red,Isla Canela,64,409,False,2026-01-11 00:00:00
11368,52,Misty,Isla Canela,71,411,True,2026-05-29 17:00:00
11369,28,Leaf,Isla Canela,27,426,False,2026-05-14 15:00:00
11370,155,Blue,Ruta 1,67,415,True,2026-03-28 23:00:00
11371,94,Blue,Zona Safari,86,1935,True,2026-03-27 10:00:00
11372,2,Misty,Monte Moon,75,1065,False,2026-04-25 09:00:00
11373,2,Ash,Bosque Verde,6,85,True,2026-06-15 08:00:00
11374,45,Red,Zona Safari,49,1082,False,2026-01-23 20:00:00
11375,198,Brock,Isla Canela,44,356,True,2026-01-11 00:00:00
11376,109,Ash,Cueva Celeste,79,537,True,2026-03-30 04:00:00
11377,14,Ash,Zona Safari,61,439,True,2026-04-17 04:00:00
11378,107,Blue,Ruta 1,36,572,False,2026-03-16 02:00:00
11379,192,Blue,Cueva Celeste,69,1028,True,2026-02-22 07:00:00
11380,162,Misty,Ruta 1,59,855,True,2026-04-01 05:00:00
11381,13,Red,Ruta 1,12,46,True,2026-04-08 08:00:00
11382,13,Brock,Zona Safari,6,23,False,2026-01-06 16:00:00
11383,102,Leaf,Monte Moon,60,390,False,2026-06-19 05:00:00
11384,11,Misty,Monte Moon,38,273,True,2026-03-06 04:00:00
11385,30,Misty,Zona Safari,3,38,True,2026-01-23 00:00:00
11386,23,Red,Ruta 1,76,440,True,2026-04-10 05:00:00
11387,178,Leaf,Cueva Celeste,21,346,True,2026-01-25 13:00:00
11388,162,Red,Ruta 1,52,754,True,2026-04-17 00:00:00
11389,118,Brock,Cueva Celeste,27,172,True,2026-02-20 06:00:00
11390,147,Misty,Monte Moon,90,540,False,2026-05-28 10:00:00
11391,163,Leaf,Zona Safari,94,488,False,2026-03-10 16:00:00
11392,125,Leaf,Zona Safari,40,688,True,2026-04-23 12:00:00
11393,18,Misty,Ruta 1,87,1879,True,2026-06-14 14:00:00
11394,102,Leaf,Zona Safari,72,468,False,2026-05-22 11:00:00
11395,186,Leaf,Zona Safari,71,1597,True,2026-02-05 21:00:00
11396,154,Ash,Bosque Verde,2,47,True,2026-03-23 08:00:00
11397,26,Blue,Ruta 1,15,327,False,2026-02-20 16:00:00
11398,48,Misty,Isla Canela,91,555,False,2026-05-06 01:00:00
11399,179,Ash,Isla Canela,25,140,True,2026-06-15 09:00:00
11400,58,Leaf,Cueva Celeste,88,616,False,2026-06-11 01:00:00
11401,184,Blue,Isla Canela,31,585,True,2026-02-05 02:00:00
11402,142,Misty,Bosque Verde,51,917,True,2026-01-07 11:00:00
11403,118,Ash,Ruta 1,37,236,True,2026-04-28 10:00:00
11404,14,Misty,Bosque Verde,84,604,True,2026-02-21 00:00:00
11405,40,Red,Cueva Celeste,70,1372,True,2026-03-25 18:00:00
11406,40,Blue,Monte Moon,98,1920,True,2026-02-10 17:00:00
11407,132,Misty,Isla Canela,37,373,False,2026-02-15 13:00:00
11408,88,Red,Zona Safari,96,624,False,2026-06-08 13:00:00
11409,112,Red,Bosque Verde,82,1393,True,2026-04-30 00:00:00
11410,158,Red,Zona Safari,97,611,True,2026-03-31 09:00:00
11411,178,Red,Bosque Verde,17,280,True,2026-03-10 11:00:00
11412,44,Ash,Bosque Verde,21,289,True,2026-05-18 18:00:00
11413,118,Brock,Cueva Celeste,4,25,False,2026-04-18 01:00:00
11414,27,Misty,Isla Canela,75,450,True,2026-06-04 08:00:00
11415,53,Leaf,Bosque Verde,95,1463,True,2026-03-17 10:00:00
11416,55,Misty,Cueva Celeste,73,1277,False,2026-05-28 11:00:00
11417,127,Blue,Ruta 1,68,1190,True,2026-05-20 08:00:00
11418,116,Leaf,Monte Moon,90,531,False,2026-02-07 04:00:00
11419,101,Red,Ruta 1,64,1100,False,2026-02-20 04:00:00
11420,127,Leaf,Bosque Verde,61,1067,False,2026-05-24 06:00:00
11421,161,Misty,Ruta 1,68,292,False,2026-03-18 04:00:00
11422,153,Leaf,Monte Moon,87,1235,True,2026-06-15 01:00:00
11423,43,Blue,Cueva Celeste,64,409,True,2026-04-09 11:00:00
11424,32,Misty,Monte Moon,23,126,True,2026-06-18 06:00:00
11425,32,Misty,Bosque Verde,93,511,True,2026-05-12 17:00:00
11426,15,Blue,Monte Moon,12,213,False,2026-01-09 19:00:00
11427,3,Brock,Monte Moon,22,519,True,2026-05-07 21:00:00
11428,103,Leaf,Ruta 1,38,706,True,2026-05-30 04:00:00
11429,109,Blue,Isla Canela,22,149,False,2026-06-22 08:00:00
11430,106,Misty,Monte Moon,57,906,True,2026-01-28 13:00:00
11431,103,Leaf,Monte Moon,5,93,True,2026-01-25 18:00:00
11432,131,Red,Zona Safari,49,916,True,2026-05-06 17:00:00
11433,63,Leaf,Cueva Celeste,88,545,True,2026-01-12 06:00:00
11434,167,Misty,Isla Canela,31,155,True,2026-01-01 16:00:00
11435,81,Blue,Bosque Verde,36,234,False,2026-01-11 07:00:00
11436,179,Blue,Bosque Verde,36,201,False,2026-06-26 06:00:00
11437,172,Misty,Ruta 1,32,131,False,2026-05-02 15:00:00
11438,39,Leaf,Cueva Celeste,73,693,False,2026-04-26 07:00:00
11439,122,Misty,Cueva Celeste,37,595,True,2026-04-06 15:00:00
11440,67,Blue,Zona Safari,28,397,True,2026-06-14 23:00:00
11441,8,Misty,Zona Safari,22,312,False,2026-02-09 23:00:00
11442,61,Brock,Monte Moon,1,13,True,2026-02-15 14:00:00
11443,88,Blue,Ruta 1,4,26,True,2026-02-23 10:00:00
11444,169,Blue,Bosque Verde,14,337,True,2026-06-14 01:00:00
11445,5,Red,Ruta 1,55,781,False,2026-01-08 18:00:00
11446,12,Brock,Zona Safari,92,1637,True,2026-02-14 20:00:00
11447,95,Ash,Bosque Verde,9,69,False,2026-03-27 19:00:00
11448,141,Brock,Monte Moon,63,1089,True,2026-02-22 01:00:00
11449,186,Red,Cueva Celeste,6,135,True,2026-06-20 15:00:00
11450,90,Red,Cueva Celeste,58,353,True,2026-04-24 01:00:00
11451,3,Misty,Monte Moon,5,118,True,2026-06-23 19:00:00
11452,124,Misty,Ruta 1,90,1431,True,2026-01-26 06:00:00
11453,41,Misty,Ruta 1,80,392,True,2026-05-15 06:00:00
11454,68,Ash,Zona Safari,21,476,True,2026-06-18 17:00:00
11455,177,Ash,Monte Moon,80,512,True,2026-03-03 06:00:00
11456,162,Misty,Bosque Verde,35,507,False,2026-02-27 05:00:00
11457,73,Red,Zona Safari,43,774,False,2026-06-17 14:00:00
11458,137,Leaf,Monte Moon,79,624,False,2026-04-22 17:00:00
11459,108,Brock,Ruta 1,65,500,True,2026-01-25 12:00:00
11460,4,Ash,Cueva Celeste,44,272,False,2026-05-04 09:00:00
11461,183,Leaf,Ruta 1,73,642,True,2026-03-15 02:00:00
11462,47,Blue,Zona Safari,52,738,True,2026-01-11 22:00:00
11463,5,Misty,Isla Canela,36,511,False,2026-05-21 15:00:00
11464,26,Leaf,Isla Canela,3,65,True,2026-03-07 06:00:00
11465,163,Ash,Ruta 1,77,400,True,2026-02-28 22:00:00
11466,122,Ash,Monte Moon,6,96,True,2026-02-18 21:00:00
11467,141,Brock,Zona Safari,23,397,True,2026-02-27 12:00:00
11468,132,Blue,Bosque Verde,93,939,True,2026-06-24 07:00:00
11469,138,Brock,Monte Moon,93,660,False,2026-03-14 15:00:00
11470,138,Red,Monte Moon,86,610,False,2026-01-03 09:00:00
11471,136,Blue,Zona Safari,21,386,True,2026-01-18 22:00:00
11472,140,Ash,Zona Safari,74,525,False,2026-02-01 01:00:00
11473,31,Red,Cueva Celeste,69,1566,False,2026-05-16 16:00:00
11474,95,Misty,Bosque Verde,14,107,True,2026-06-20 13:00:00
11475,155,Leaf,Bosque Verde,39,241,False,2026-03-12 21:00:00
11476,144,Ash,Zona Safari,6,156,False,2026-01-16 18:00:00
11477,185,Brock,Monte Moon,1,14,True,2026-02-20 23:00:00
11478,25,Brock,Bosque Verde,33,369,False,2026-02-22 06:00:00
11479,63,Ash,Isla Canela,23,142,False,2026-06-08 22:00:00
11480,184,Red,Ruta 1,40,756,True,2026-02-18 16:00:00
11481,66,Blue,Zona Safari,88,536,False,2026-02-16 06:00:00
11482,2,Brock,Cueva Celeste,27,383,False,2026-05-20 04:00:00
11483,87,Leaf,Cueva Celeste,75,1245,False,2026-03-26 06:00:00
11484,88,Misty,Zona Safari,76,494,True,2026-03-29 14:00:00
11485,79,Misty,Isla Canela,10,63,True,2026-02-04 21:00:00
11486,38,Misty,Isla Canela,15,265,False,2026-05-18 07:00:00
11487,81,Misty,Bosque Verde,3,19,True,2026-04-18 10:00:00
11488,118,Brock,Ruta 1,30,192,False,2026-05-22 00:00:00
11489,46,Blue,Bosque Verde,63,359,True,2026-04-18 08:00:00
11490,154,Blue,Monte Moon,92,2171,True,2026-06-21 13:00:00
11491,13,Red,Bosque Verde,99,386,False,2026-02-06 08:00:00
11492,188,Misty,Bosque Verde,50,595,False,2026-03-23 04:00:00
11493,133,Blue,Ruta 1,27,175,False,2026-03-05 13:00:00
11494,104,Red,Isla Canela,71,454,True,2026-04-12 14:00:00
11495,45,Blue,Bosque Verde,98,2165,False,2026-03-28 17:00:00
11496,136,Brock,Cueva Celeste,94,1729,True,2026-02-10 23:00:00
11497,7,Ash,Cueva Celeste,19,119,False,2026-06-06 10:00:00
11498,148,Brock,Ruta 1,22,323,False,2026-02-07 16:00:00
11499,31,Blue,Monte Moon,2,45,False,2026-02-28 00:00:00
11500,78,Misty,Monte Moon,46,804,False,2026-04-21 10:00:00
11501,78,Ash,Cueva Celeste,71,1242,False,2026-05-08 13:00:00
11502,90,Blue,Monte Moon,7,42,False,2026-03-11 23:00:00
11503,109,Red,Bosque Verde,72,489,True,2026-06-09 10:00:00
11504,163,Red,Monte Moon,29,150,False,2026-04-10 14:00:00
11505,36,Misty,Bosque Verde,57,1236,True,2026-02-16 15:00:00
11506,108,Blue,Monte Moon,26,200,False,2026-05-08 22:00:00
11507,54,Misty,Isla Canela,36,230,False,2026-03-12 23:00:00
11508,185,Brock,Bosque Verde,39,561,False,2026-02-15 21:00:00
11509,74,Leaf,Monte Moon,97,582,False,2026-01-18 08:00:00
11510,102,Red,Bosque Verde,82,533,True,2026-06-19 15:00:00
11511,155,Ash,Isla Canela,68,421,False,2026-02-08 05:00:00
11512,88,Red,Ruta 1,60,390,False,2026-02-26 13:00:00
11513,189,Blue,Monte Moon,83,1718,True,2026-05-02 14:00:00
11514,33,Brock,Zona Safari,22,281,True,2026-05-23 06:00:00
11515,161,Misty,Cueva Celeste,57,245,False,2026-02-20 00:00:00
11516,20,Brock,Zona Safari,65,942,True,2026-01-01 16:00:00
11517,172,Red,Isla Canela,68,278,True,2026-04-18 22:00:00
11518,150,Misty,Monte Moon,54,1652,False,2026-06-23 23:00:00
11519,49,Ash,Monte Moon,29,458,False,2026-05-26 06:00:00
11520,102,Brock,Monte Moon,16,104,False,2026-05-27 06:00:00
11521,45,Blue,Bosque Verde,12,265,False,2026-04-02 01:00:00
11522,180,Red,Bosque Verde,25,320,False,2026-03-12 22:00:00
11523,81,Blue,Monte Moon,85,552,True,2026-05-29 08:00:00
11524,93,Misty,Monte Moon,41,582,False,2026-06-10 23:00:00
11525,91,Brock,Isla Canela,19,349,False,2026-01-23 23:00:00
11526,125,Misty,Bosque Verde,97,1668,True,2026-01-10 23:00:00
11527,171,Ash,Zona Safari,12,193,True,2026-06-03 12:00:00
11528,57,Red,Cueva Celeste,46,731,True,2026-03-26 00:00:00
11529,7,Leaf,Bosque Verde,31,195,False,2026-04-04 16:00:00
11530,154,Misty,Isla Canela,64,1510,False,2026-04-13 03:00:00
11531,33,Leaf,Ruta 1,3,38,False,2026-04-19 20:00:00
11532,72,Brock,Isla Canela,60,402,True,2026-02-28 22:00:00
11533,102,Blue,Zona Safari,7,45,False,2026-04-11 02:00:00
11534,42,Red,Monte Moon,99,1574,True,2026-04-30 15:00:00
11535,138,Red,Bosque Verde,2,14,True,2026-04-08 13:00:00
11536,122,Brock,Bosque Verde,62,998,True,2026-04-26 13:00:00
11537,168,Brock,Bosque Verde,87,1218,True,2026-03-11 16:00:00
11538,59,Misty,Bosque Verde,5,97,False,2026-06-04 00:00:00
11539,62,Brock,Monte Moon,48,1104,False,2026-01-15 00:00:00
11540,152,Blue,Cueva Celeste,95,608,True,2026-03-02 22:00:00
11541,9,Red,Ruta 1,36,860,False,2026-04-21 13:00:00
11542,87,Red,Cueva Celeste,53,879,True,2026-01-13 06:00:00
11543,29,Leaf,Zona Safari,74,407,True,2026-04-05 15:00:00
11544,96,Red,Monte Moon,26,171,False,2026-03-04 02:00:00
11545,119,Brock,Bosque Verde,80,1264,False,2026-04-16 21:00:00
11546,159,Blue,Monte Moon,66,937,True,2026-03-30 11:00:00
11547,25,Leaf,Bosque Verde,15,168,False,2026-02-24 23:00:00
11548,130,Blue,Monte Moon,28,529,True,2026-02-21 04:00:00
11549,121,Misty,Zona Safari,20,364,False,2026-04-16 13:00:00
11550,86,Ash,Isla Canela,46,299,False,2026-05-08 06:00:00
11551,106,Misty,Monte Moon,98,1558,False,2026-06-30 04:00:00
11552,172,Leaf,Zona Safari,17,69,False,2026-06-21 12:00:00
11553,57,Leaf,Cueva Celeste,57,906,False,2026-06-10 16:00:00
11554,168,Red,Bosque Verde,60,840,False,2026-04-09 11:00:00
11555,13,Ash,Bosque Verde,10,39,True,2026-02-06 14:00:00
11556,94,Leaf,Bosque Verde,18,405,False,2026-05-01 22:00:00
11557,160,Misty,Ruta 1,12,286,False,2026-05-27 01:00:00
11558,113,Ash,Bosque Verde,48,1896,True,2026-04-21 23:00:00
11559,16,Brock,Monte Moon,73,365,True,2026-04-05 17:00:00
11560,153,Ash,Cueva Celeste,4,56,True,2026-01-25 12:00:00
11561,53,Blue,Cueva Celeste,65,1001,False,2026-01-05 16:00:00
11562,115,Misty,Zona Safari,35,602,True,2026-06-03 01:00:00
11563,199,Ash,Cueva Celeste,41,705,False,2026-06-08 15:00:00
11564,17,Ash,Zona Safari,54,658,False,2026-02-23 05:00:00
11565,14,Leaf,Bosque Verde,92,662,False,2026-03-14 08:00:00
11566,70,Brock,Zona Safari,98,1342,True,2026-05-20 18:00:00
11567,173,Misty,Zona Safari,60,264,False,2026-06-09 06:00:00
11568,119,Leaf,Cueva Celeste,14,221,False,2026-03-24 05:00:00
11569,69,Blue,Zona Safari,90,540,False,2026-01-03 23:00:00
11570,104,Brock,Bosque Verde,96,614,True,2026-04-17 07:00:00
11571,145,Misty,Zona Safari,14,365,True,2026-06-27 03:00:00
11572,112,Misty,Bosque Verde,35,595,False,2026-04-28 05:00:00
11573,189,Ash,Bosque Verde,56,1159,False,2026-06-02 18:00:00
11574,157,Red,Bosque Verde,21,504,False,2026-05-09 18:00:00
11575,177,Red,Bosque Verde,77,492,True,2026-02-20 00:00:00
11576,182,Leaf,Isla Canela,14,309,True,2026-06-14 10:00:00
11577,125,Misty,Monte Moon,78,1341,False,2026-05-05 16:00:00
11578,91,Red,Monte Moon,94,1729,True,2026-03-20 21:00:00
11579,17,Red,Zona Safari,59,719,False,2026-05-06 16:00:00
11580,123,Blue,Zona Safari,68,680,False,2026-05-20 19:00:00
11581,26,Blue,Zona Safari,4,87,False,2026-04-01 01:00:00
11582,32,Misty,Isla Canela,92,505,True,2026-03-28 05:00:00
11583,150,Ash,Monte Moon,33,1009,False,2026-03-18 14:00:00
11584,138,Ash,Zona Safari,23,163,False,2026-02-27 05:00:00
11585,154,Leaf,Isla Canela,72,1699,True,2026-01-22 19:00:00
11586,115,Misty,Zona Safari,36,619,True,2026-05-08 09:00:00
11587,61,Misty,Ruta 1,93,1255,False,2026-06-17 00:00:00
11588,111,Blue,Cueva Celeste,38,262,False,2026-06-24 01:00:00
11589,4,Leaf,Monte Moon,43,266,False,2026-02-08 02:00:00
11590,55,Blue,Monte Moon,22,385,False,2026-01-14 21:00:00
11591,160,Brock,Zona Safari,81,1935,True,2026-01-14 20:00:00
11592,153,Ash,Zona Safari,1,14,False,2026-02-08 22:00:00
11593,106,Ash,Ruta 1,38,604,True,2026-03-13 00:00:00
11594,98,Red,Monte Moon,12,78,True,2026-01-04 20:00:00
11595,22,Red,Bosque Verde,34,527,True,2026-04-18 07:00:00
11596,1,Red,Bosque Verde,38,243,False,2026-05-04 19:00:00
11597,131,Red,Zona Safari,16,299,True,2026-04-26 06:00:00
11598,39,Red,Bosque Verde,46,436,False,2026-04-06 04:00:00
11599,172,Brock,Monte Moon,65,266,True,2026-06-03 16:00:00
11600,101,Brock,Isla Canela,61,1049,False,2026-05-03 13:00:00
11601,57,Blue,Isla Canela,30,477,False,2026-01-15 13:00:00
11602,88,Ash,Ruta 1,7,45,False,2026-06-16 22:00:00
11603,76,Red,Cueva Celeste,99,2207,False,2026-05-09 07:00:00
11604,64,Red,Isla Canela,36,504,True,2026-06-11 10:00:00
11605,107,Ash,Bosque Verde,39,620,True,2026-03-01 08:00:00
11606,149,Red,Monte Moon,29,783,True,2026-04-23 19:00:00
11607,141,Misty,Cueva Celeste,40,692,False,2026-01-13 07:00:00
11608,169,Blue,Ruta 1,24,578,False,2026-03-06 08:00:00
11609,197,Brock,Monte Moon,71,1306,False,2026-04-21 19:00:00
11610,111,Leaf,Isla Canela,41,282,False,2026-02-20 13:00:00
11611,104,Misty,Ruta 1,20,128,True,2026-05-01 12:00:00
11612,72,Misty,Bosque Verde,50,335,False,2026-03-05 22:00:00
11613,54,Blue,Ruta 1,11,70,True,2026-04-26 15:00:00
11614,126,Misty,Zona Safari,92,1591,True,2026-04-30 00:00:00
11615,169,Blue,Cueva Celeste,72,1735,True,2026-06-01 23:00:00
11616,190,Leaf,Cueva Celeste,84,604,False,2026-03-02 04:00:00
11617,26,Red,Monte Moon,96,2092,True,2026-04-02 23:00:00
11618,46,Misty,Cueva Celeste,60,342,True,2026-04-29 23:00:00
11619,92,Red,Zona Safari,18,111,False,2026-01-24 21:00:00
11620,8,Leaf,Cueva Celeste,92,1306,True,2026-01-28 06:00:00
11621,124,Leaf,Isla Canela,69,1097,True,2026-03-11 02:00:00
11622,16,Misty,Zona Safari,38,190,True,2026-01-07 12:00:00
11623,183,Misty,Cueva Celeste,45,396,True,2026-05-21 12:00:00
11624,200,Ash,Monte Moon,13,113,False,2026-01-14 21:00:00
11625,73,Ash,Ruta 1,99,1782,True,2026-01-17 21:00:00
11626,157,Brock,Isla Canela,24,576,False,2026-05-06 00:00:00
11627,55,Leaf,Monte Moon,24,420,False,2026-04-16 08:00:00
11628,188,Red,Cueva Celeste,37,440,True,2026-05-15 09:00:00
11629,1,Ash,Isla Canela,94,601,True,2026-05-12 21:00:00
11630,104,Brock,Isla Canela,92,588,False,2026-03-23 15:00:00
11631,161,Brock,Isla Canela,52,223,False,2026-06-18 09:00:00
11632,191,Red,Ruta 1,30,108,False,2026-02-19 20:00:00
11633,167,Blue,Monte Moon,68,340,False,2026-03-20 17:00:00
11634,32,Misty,Zona Safari,6,33,True,2026-06-16 21:00:00
11635,78,Ash,Zona Safari,9,157,False,2026-01-27 21:00:00
11636,193,Red,Isla Canela,44,343,True,2026-06-18 13:00:00
11637,12,Ash,Ruta 1,87,1548,True,2026-01-13 17:00:00
11638,158,Brock,Monte Moon,85,535,False,2026-06-19 06:00:00
11639,164,Misty,Ruta 1,98,1548,False,2026-03-05 21:00:00
11640,121,Leaf,Monte Moon,7,127,False,2026-01-24 18:00:00
11641,130,Misty,Zona Safari,5,94,False,2026-01-29 00:00:00
11642,49,Misty,Zona Safari,26,410,False,2026-06-06 05:00:00
11643,160,Red,Zona Safari,18,430,True,2026-03-03 21:00:00
11644,123,Blue,Ruta 1,11,110,True,2026-05-06 01:00:00
11645,22,Misty,Bosque Verde,30,465,False,2026-05-23 08:00:00
11646,19,Red,Bosque Verde,47,239,False,2026-04-20 16:00:00
11647,3,Blue,Zona Safari,58,1368,True,2026-05-17 15:00:00
11648,31,Ash,Ruta 1,59,1339,False,2026-03-12 20:00:00
11649,12,Misty,Bosque Verde,93,1655,True,2026-04-09 16:00:00
11650,174,Red,Zona Safari,39,163,True,2026-01-18 20:00:00
11651,52,Blue,Ruta 1,23,133,False,2026-02-01 08:00:00
11652,35,Blue,Ruta 1,92,1039,True,2026-02-15 01:00:00
11653,184,Misty,Zona Safari,55,1039,False,2026-02-10 07:00:00
11654,173,Blue,Ruta 1,87,382,True,2026-03-31 13:00:00
11655,188,Red,Bosque Verde,31,368,False,2026-02-18 18:00:00
11656,105,Leaf,Cueva Celeste,28,417,True,2026-01-18 09:00:00
11657,49,Blue,Zona Safari,32,505,False,2026-02-15 07:00:00
11658,101,Red,Ruta 1,83,1427,False,2026-02-03 00:00:00
11659,164,Misty,Monte Moon,53,837,True,2026-04-06 08:00:00
11660,80,Ash,Ruta 1,24,412,False,2026-01-28 20:00:00
11661,98,Blue,Bosque Verde,11,71,False,2026-05-23 06:00:00
11662,17,Leaf,Zona Safari,39,475,False,2026-02-08 08:00:00
11663,107,Blue,Bosque Verde,20,318,True,2026-04-25 13:00:00
11664,89,Red,Isla Canela,58,1015,False,2026-03-28 22:00:00
11665,103,Leaf,Ruta 1,23,427,True,2026-01-13 00:00:00
11666,46,Blue,Bosque Verde,64,364,True,2026-01-03 14:00:00
11667,55,Red,Ruta 1,3,52,False,2026-06-11 06:00:00
11668,115,Leaf,Monte Moon,9,154,True,2026-04-27 12:00:00
11669,76,Blue,Monte Moon,51,1137,True,2026-04-04 05:00:00
11670,195,Leaf,Zona Safari,41,619,False,2026-06-14 22:00:00
11671,152,Misty,Zona Safari,12,76,False,2026-04-29 16:00:00
11672,104,Blue,Monte Moon,57,364,True,2026-04-12 06:00:00
11673,167,Misty,Ruta 1,62,310,False,2026-04-30 03:00:00
11674,83,Leaf,Cueva Celeste,81,1069,True,2026-06-14 15:00:00
11675,155,Red,Bosque Verde,49,303,True,2026-03-26 10:00:00
11676,172,Leaf,Bosque Verde,55,225,False,2026-04-28 13:00:00
11677,89,Ash,Ruta 1,26,455,True,2026-02-08 13:00:00
11678,51,Misty,Ruta 1,70,1043,True,2026-04-14 14:00:00
11679,134,Leaf,Cueva Celeste,41,754,True,2026-04-11 11:00:00
11680,147,Brock,Ruta 1,67,402,False,2026-01-28 08:00:00
11681,75,Blue,Zona Safari,93,1274,False,2026-01-24 23:00:00
11682,200,Leaf,Monte Moon,87,756,True,2026-03-09 18:00:00
11683,43,Red,Ruta 1,44,281,False,2026-04-30 14:00:00
11684,79,Brock,Cueva Celeste,88,554,False,2026-03-01 17:00:00
11685,169,Red,Zona Safari,72,1735,True,2026-04-18 03:00:00
11686,164,Brock,Monte Moon,27,426,False,2026-06-30 06:00:00
11687,18,Ash,Bosque Verde,97,2095,True,2026-05-25 00:00:00
11688,9,Brock,Cueva Celeste,91,2174,True,2026-02-11 11:00:00
11689,134,Blue,Cueva Celeste,84,1545,True,2026-02-11 16:00:00
11690,132,Blue,Monte Moon,10,101,True,2026-06-26 04:00:00
11691,1,Blue,Zona Safari,41,262,True,2026-02-02 08:00:00
11692,83,Red,Ruta 1,45,594,False,2026-01-11 16:00:00
11693,18,Ash,Ruta 1,31,669,True,2026-06-21 17:00:00
11694,145,Ash,Cueva Celeste,82,2140,True,2026-02-08 06:00:00
11695,88,Leaf,Bosque Verde,81,526,True,2026-03-24 02:00:00
11696,119,Misty,Isla Canela,5,79,False,2026-05-09 02:00:00
11697,66,Ash,Cueva Celeste,16,97,False,2026-03-11 01:00:00
11698,139,Red,Cueva Celeste,53,916,True,2026-01-03 05:00:00
11699,109,Leaf,Cueva Celeste,4,27,True,2026-04-18 19:00:00
11700,30,Misty,Cueva Celeste,37,473,False,2026-06-29 04:00:00
11701,15,Brock,Monte Moon,38,676,False,2026-01-01 15:00:00
11702,72,Ash,Zona Safari,85,569,False,2026-03-27 18:00:00
11703,112,Misty,Monte Moon,82,1393,True,2026-01-21 09:00:00
11704,109,Misty,Ruta 1,59,401,False,2026-01-26 22:00:00
11705,106,Leaf,Ruta 1,71,1128,True,2026-03-19 11:00:00
11706,174,Red,Zona Safari,29,121,False,2026-03-30 15:00:00
11707,194,Leaf,Cueva Celeste,63,264,True,2026-04-29 01:00:00
11708,177,Leaf,Isla Canela,50,320,False,2026-06-04 23:00:00
11709,32,Red,Zona Safari,58,319,True,2026-01-26 10:00:00
11710,145,Leaf,Isla Canela,3,78,False,2026-03-13 13:00:00
11711,8,Blue,Zona Safari,74,1050,True,2026-05-12 18:00:00
11712,58,Leaf,Bosque Verde,32,224,True,2026-01-01 22:00:00
11713,39,Red,Ruta 1,15,142,False,2026-01-20 13:00:00
11714,66,Ash,Cueva Celeste,35,213,True,2026-01-17 04:00:00
11715,98,Misty,Zona Safari,62,403,False,2026-05-13 17:00:00
11716,137,Leaf,Isla Canela,14,110,False,2026-03-14 04:00:00
11717,13,Ash,Isla Canela,27,105,False,2026-03-26 16:00:00
11718,115,Blue,Ruta 1,19,326,True,2026-06-25 15:00:00
11719,98,Misty,Bosque Verde,74,481,False,2026-03-28 06:00:00
11720,33,Misty,Isla Canela,20,256,False,2026-03-21 04:00:00
11721,88,Ash,Monte Moon,74,481,True,2026-02-14 16:00:00
11722,147,Blue,Isla Canela,71,426,False,2026-05-17 16:00:00
11723,167,Misty,Isla Canela,70,350,True,2026-06-29 16:00:00
11724,126,Red,Cueva Celeste,62,1072,True,2026-01-01 17:00:00
11725,47,Leaf,Isla Canela,67,951,False,2026-04-07 05:00:00
11726,92,Blue,Monte Moon,64,396,False,2026-02-11 17:00:00
11727,26,Leaf,Cueva Celeste,41,893,False,2026-02-16 15:00:00
11728,49,Leaf,Monte Moon,98,1548,True,2026-02-22 04:00:00
11729,50,Brock,Cueva Celeste,29,153,False,2026-05-12 05:00:00
11730,14,Misty,Cueva Celeste,92,662,False,2026-03-24 20:00:00
11731,6,Blue,Cueva Celeste,12,288,True,2026-02-15 13:00:00
11732,1,Leaf,Bosque Verde,25,160,False,2026-05-01 18:00:00
11733,173,Misty,Zona Safari,20,88,True,2026-03-24 07:00:00
11734,142,Ash,Bosque Verde,17,306,True,2026-06-24 08:00:00
11735,160,Red,Isla Canela,84,2007,False,2026-06-01 09:00:00
11736,73,Leaf,Ruta 1,46,827,True,2026-04-16 17:00:00
11737,56,Brock,Cueva Celeste,69,420,False,2026-02-03 19:00:00
11738,7,Brock,Isla Canela,43,270,False,2026-04-05 19:00:00
11739,97,Leaf,Isla Canela,72,1216,True,2026-02-15 14:00:00
11740,196,Blue,Isla Canela,56,1030,False,2026-05-16 01:00:00
11741,146,Brock,Bosque Verde,56,1461,False,2026-01-13 00:00:00
11742,158,Leaf,Isla Canela,90,567,True,2026-02-22 15:00:00
11743,144,Brock,Zona Safari,50,1305,True,2026-05-14 21:00:00
11744,52,Blue,Isla Canela,45,261,True,2026-01-08 08:00:00
11745,108,Leaf,Ruta 1,52,400,False,2026-02-10 07:00:00
11746,191,Red,Isla Canela,73,262,False,2026-01-16 00:00:00
11747,29,Leaf,Bosque Verde,72,396,False,2026-02-03 06:00:00
11748,14,Blue,Cueva Celeste,47,338,True,2026-06-04 22:00:00
11749,12,Blue,Zona Safari,24,427,True,2026-06-01 02:00:00
11750,179,Blue,Ruta 1,7,39,False,2026-06-08 09:00:00
11751,143,Ash,Zona Safari,61,1152,True,2026-06-17 20:00:00
11752,3,Ash,Cueva Celeste,87,2053,False,2026-03-06 09:00:00
11753,186,Leaf,Monte Moon,19,427,True,2026-03-19 22:00:00
11754,78,Ash,Bosque Verde,94,1645,True,2026-01-24 16:00:00
11755,39,Blue,Ruta 1,16,152,True,2026-04-18 19:00:00
11756,169,Leaf,Monte Moon,81,1952,True,2026-01-26 18:00:00
11757,11,Blue,Zona Safari,46,331,False,2026-01-31 22:00:00
11758,125,Red,Ruta 1,69,1186,True,2026-06-25 17:00:00
11759,43,Leaf,Isla Canela,13,83,True,2026-03-30 22:00:00
11760,117,Red,Isla Canela,39,600,True,2026-04-19 01:00:00
11761,188,Brock,Zona Safari,82,975,False,2026-01-16 02:00:00
11762,184,Red,Cueva Celeste,37,699,False,2026-05-31 14:00:00
11763,175,Blue,Zona Safari,56,274,False,2026-01-31 09:00:00
11764,183,Blue,Bosque Verde,3,26,False,2026-04-03 21:00:00
11765,76,Red,Bosque Verde,1,22,True,2026-03-22 09:00:00
11766,139,Misty,Isla Canela,94,1626,True,2026-05-15 15:00:00
11767,46,Blue,Zona Safari,37,210,True,2026-02-22 01:00:00
11768,103,Red,Cueva Celeste,16,297,False,2026-02-16 02:00:00
11769,199,Brock,Cueva Celeste,51,877,False,2026-03-31 11:00:00
11770,27,Red,Monte Moon,61,366,True,2026-01-10 17:00:00
11771,67,Misty,Cueva Celeste,70,994,True,2026-03-18 09:00:00
11772,22,Ash,Monte Moon,4,62,True,2026-04-17 21:00:00
11773,64,Misty,Ruta 1,20,280,False,2026-01-06 05:00:00
11774,25,Red,Zona Safari,52,582,False,2026-03-04 17:00:00
11775,116,Brock,Ruta 1,34,200,True,2026-05-17 23:00:00
11776,109,Brock,Isla Canela,60,408,True,2026-04-12 05:00:00
11777,172,Brock,Monte Moon,74,303,False,2026-05-12 15:00:00
11778,80,Brock,Ruta 1,88,1513,False,2026-03-03 20:00:00
11779,113,Red,Cueva Celeste,81,3199,False,2026-04-19 08:00:00
11780,59,Misty,Zona Safari,19,368,True,2026-04-22 23:00:00
11781,197,Misty,Ruta 1,69,1269,False,2026-05-09 13:00:00
11782,36,Ash,Zona Safari,86,1866,False,2026-03-29 18:00:00
11783,164,Leaf,Isla Canela,19,300,True,2026-04-18 03:00:00
11784,120,Blue,Zona Safari,30,204,False,2026-02-18 07:00:00
11785,82,Ash,Zona Safari,3,48,False,2026-04-06 04:00:00
11786,5,Leaf,Bosque Verde,81,1150,False,2026-01-22 17:00:00
11787,65,Blue,Ruta 1,80,1800,False,2026-05-09 07:00:00
11788,69,Blue,Bosque Verde,49,294,False,2026-02-23 19:00:00
11789,2,Blue,Isla Canela,17,241,True,2026-04-15 22:00:00
11790,51,Leaf,Monte Moon,5,74,True,2026-06-18 11:00:00
11791,40,Brock,Monte Moon,83,1626,False,2026-06-09 18:00:00
11792,13,Red,Isla Canela,14,54,False,2026-04-14 14:00:00
11793,179,Leaf,Monte Moon,48,268,False,2026-03-16 08:00:00
11794,197,Leaf,Bosque Verde,82,1508,False,2026-02-22 23:00:00
11795,59,Misty,Cueva Celeste,59,1144,False,2026-03-30 23:00:00
11796,6,Red,Zona Safari,17,408,True,2026-02-19 13:00:00
11797,18,Red,Cueva Celeste,3,64,False,2026-05-16 02:00:00
11798,66,Ash,Ruta 1,12,73,False,2026-03-04 07:00:00
11799,121,Red,Bosque Verde,80,1456,False,2026-03-29 06:00:00
11800,71,Leaf,Cueva Celeste,66,1458,True,2026-03-07 18:00:00
11801,152,Ash,Bosque Verde,10,64,True,2026-05-11 00:00:00
11802,178,Misty,Monte Moon,15,247,True,2026-06-30 18:00:00
11803,154,Misty,Cueva Celeste,25,590,False,2026-02-20 17:00:00
11804,177,Misty,Isla Canela,96,614,True,2026-06-19 10:00:00
11805,152,Ash,Zona Safari,29,185,False,2026-05-06 00:00:00
11806,133,Ash,Cueva Celeste,20,130,True,2026-06-17 18:00:00
11807,144,Brock,Monte Moon,50,1305,True,2026-05-18 21:00:00
11808,146,Red,Ruta 1,72,1879,False,2026-01-01 07:00:00
11809,100,Blue,Bosque Verde,58,382,False,2026-04-21 08:00:00
11810,37,Red,Ruta 1,19,114,True,2026-03-17 18:00:00
11811,143,Misty,Zona Safari,43,812,False,2026-06-21 19:00:00
11812,88,Red,Zona Safari,25,162,True,2026-04-11 09:00:00
11813,9,Blue,Zona Safari,96,2294,False,2026-05-25 22:00:00
11814,12,Ash,Isla Canela,46,818,True,2026-03-04 13:00:00
11815,131,Blue,Isla Canela,16,299,False,2026-05-22 13:00:00
11816,143,Leaf,Zona Safari,14,264,False,2026-02-14 08:00:00
11817,9,Misty,Ruta 1,3,71,False,2026-03-14 03:00:00
11818,23,Ash,Cueva Celeste,60,348,False,2026-04-21 18:00:00
11819,59,Brock,Monte Moon,94,1823,True,2026-05-19 16:00:00
11820,45,Blue,Isla Canela,97,2143,True,2026-04-21 23:00:00
11821,138,Ash,Bosque Verde,72,511,True,2026-04-14 21:00:00
11822,129,Ash,Bosque Verde,25,100,False,2026-05-12 22:00:00
11823,85,Leaf,Zona Safari,85,1402,True,2026-04-24 14:00:00
11824,171,Blue,Bosque Verde,14,225,False,2026-04-26 18:00:00
11825,168,Brock,Isla Canela,27,378,False,2026-02-09 01:00:00
11826,56,Red,Ruta 1,46,280,False,2026-02-21 22:00:00
11827,11,Leaf,Ruta 1,54,388,False,2026-06-14 10:00:00
11828,94,Ash,Monte Moon,20,450,False,2026-02-21 07:00:00
11829,149,Red,Zona Safari,76,2052,False,2026-01-23 04:00:00
11830,5,Leaf,Isla Canela,13,184,False,2026-05-06 14:00:00
11831,67,Misty,Monte Moon,100,1420,True,2026-03-04 23:00:00
11832,126,Blue,Isla Canela,23,397,True,2026-02-07 05:00:00
11833,29,Brock,Monte Moon,20,110,True,2026-04-26 10:00:00
11834,10,Misty,Cueva Celeste,73,284,True,2026-02-22 13:00:00
11835,154,Brock,Ruta 1,17,401,False,2026-04-02 15:00:00
11836,130,Blue,Zona Safari,74,1398,False,2026-03-12 08:00:00
11837,93,Leaf,Monte Moon,72,1022,True,2026-06-24 18:00:00
11838,191,Red,Cueva Celeste,100,360,False,2026-03-17 18:00:00
11839,113,Brock,Bosque Verde,96,3792,True,2026-01-16 20:00:00
11840,145,Blue,Ruta 1,72,1879,True,2026-03-30 22:00:00
11841,137,Red,Cueva Celeste,2,15,True,2026-02-13 00:00:00
11842,67,Misty,Cueva Celeste,18,255,False,2026-05-26 19:00:00
11843,124,Ash,Isla Canela,71,1128,True,2026-02-10 14:00:00
11844,43,Blue,Monte Moon,41,262,True,2026-03-07 17:00:00
11845,185,Brock,Ruta 1,30,432,True,2026-06-06 16:00:00
11846,16,Blue,Isla Canela,100,500,True,2026-02-01 15:00:00
11847,114,Brock,Bosque Verde,11,95,False,2026-04-29 01:00:00
11848,135,Misty,Bosque Verde,20,368,False,2026-03-21 10:00:00
11849,20,Red,Isla Canela,61,884,True,2026-01-24 15:00:00
11850,130,Red,Isla Canela,38,718,True,2026-04-13 22:00:00
11851,194,Leaf,Bosque Verde,10,42,True,2026-06-06 22:00:00
11852,48,Leaf,Zona Safari,58,353,False,2026-02-04 08:00:00
11853,21,Ash,Zona Safari,45,234,False,2026-02-18 19:00:00
11854,107,Ash,Bosque Verde,72,1144,True,2026-03-12 01:00:00
11855,56,Misty,Cueva Celeste,81,494,True,2026-04-18 06:00:00
11856,27,Brock,Monte Moon,52,312,False,2026-03-17 19:00:00
11857,119,Brock,Monte Moon,8,126,False,2026-04-24 07:00:00
11858,154,Ash,Zona Safari,60,1416,False,2026-03-30 12:00:00
11859,200,Ash,Zona Safari,31,269,True,2026-04-04 05:00:00
11860,20,Brock,Cueva Celeste,17,246,True,2026-01-02 23:00:00
11861,191,Blue,Ruta 1,64,230,True,2026-06-03 10:00:00
11862,140,Leaf,Zona Safari,42,298,False,2026-03-27 00:00:00
11863,139,Blue,Bosque Verde,33,570,False,2026-02-27 06:00:00
11864,101,Misty,Bosque Verde,74,1272,True,2026-01-07 15:00:00
11865,55,Leaf,Ruta 1,15,262,True,2026-05-25 23:00:00
11866,118,Ash,Bosque Verde,74,473,True,2026-03-29 20:00:00
11867,36,Ash,Ruta 1,99,2148,True,2026-03-28 20:00:00
11868,66,Leaf,Zona Safari,7,42,False,2026-03-07 19:00:00
11869,97,Misty,Monte Moon,23,388,True,2026-02-10 17:00:00
11870,130,Red,Isla Canela,33,623,False,2026-05-21 08:00:00
11871,188,Brock,Zona Safari,48,571,True,2026-01-30 17:00:00
11872,165,Blue,Bosque Verde,78,413,False,2026-01-18 09:00:00
11873,23,Brock,Isla Canela,58,336,True,2026-02-09 03:00:00
11874,50,Brock,Bosque Verde,34,180,False,2026-04-03 19:00:00
11875,61,Misty,Bosque Verde,79,1066,True,2026-06-17 03:00:00
11876,108,Misty,Zona Safari,83,639,True,2026-03-28 12:00:00
11877,160,Brock,Ruta 1,52,1242,False,2026-02-11 23:00:00
11878,113,Brock,Isla Canela,62,2449,False,2026-05-23 19:00:00
11879,126,Blue,Cueva Celeste,39,674,False,2026-06-12 06:00:00
11880,94,Misty,Bosque Verde,84,1890,False,2026-06-28 08:00:00
11881,78,Blue,Monte Moon,10,175,True,2026-01-26 01:00:00
11882,77,Blue,Ruta 1,89,729,False,2026-05-05 16:00:00
11883,43,Misty,Cueva Celeste,1,6,True,2026-02-17 21:00:00
11884,20,Brock,Ruta 1,32,464,False,2026-02-11 07:00:00
11885,188,Leaf,Zona Safari,28,333,False,2026-01-11 03:00:00
11886,105,Brock,Bosque Verde,56,834,True,2026-06-14 18:00:00
11887,117,Ash,Cueva Celeste,5,77,False,2026-02-16 06:00:00
11888,36,Leaf,Isla Canela,86,1866,True,2026-06-23 17:00:00
11889,46,Blue,Isla Canela,3,17,False,2026-04-20 11:00:00
11890,183,Brock,Bosque Verde,71,624,False,2026-05-24 04:00:00
11891,68,Leaf,Cueva Celeste,30,681,True,2026-01-20 16:00:00
11892,122,Misty,Bosque Verde,92,1481,True,2026-05-11 22:00:00
11893,174,Red,Ruta 1,70,294,False,2026-03-05 04:00:00
11894,175,Ash,Monte Moon,87,426,True,2026-06-30 07:00:00
11895,2,Misty,Isla Canela,21,298,False,2026-04-14 09:00:00
11896,77,Red,Ruta 1,33,270,False,2026-02-25 19:00:00
11897,26,Ash,Cueva Celeste,7,152,True,2026-01-26 15:00:00
11898,130,Brock,Monte Moon,61,1152,True,2026-02-16 01:00:00
11899,177,Leaf,Isla Canela,82,524,True,2026-03-21 07:00:00
11900,198,Red,Zona Safari,41,332,False,2026-01-27 11:00:00
11901,9,Blue,Monte Moon,45,1075,False,2026-06-07 10:00:00
11902,182,Brock,Bosque Verde,72,1591,False,2026-01-31 15:00:00
11903,119,Ash,Ruta 1,29,458,True,2026-01-18 17:00:00
11904,59,Brock,Isla Canela,8,155,False,2026-04-13 13:00:00
11905,117,Leaf,Isla Canela,57,877,False,2026-02-27 07:00:00
11906,142,Ash,Ruta 1,14,251,True,2026-01-27 19:00:00
11907,44,Ash,Isla Canela,55,759,False,2026-02-27 02:00:00
11908,115,Blue,Bosque Verde,41,705,False,2026-02-19 08:00:00
11909,106,Leaf,Isla Canela,26,413,False,2026-03-30 09:00:00
11910,116,Blue,Cueva Celeste,66,389,False,2026-04-14 17:00:00
11911,39,Red,Monte Moon,53,503,False,2026-05-21 16:00:00
11912,193,Misty,Zona Safari,14,109,False,2026-06-13 19:00:00
11913,39,Blue,Ruta 1,81,769,False,2026-02-10 22:00:00
11914,34,Blue,Isla Canela,64,1452,True,2026-06-13 16:00:00
11915,15,Leaf,Zona Safari,50,890,True,2026-03-23 15:00:00
11916,137,Misty,Bosque Verde,27,213,False,2026-03-23 15:00:00
11917,17,Misty,Monte Moon,100,1220,True,2026-02-25 16:00:00
11918,150,Ash,Ruta 1,66,2019,False,2026-03-07 00:00:00
11919,144,Misty,Ruta 1,55,1435,False,2026-04-21 01:00:00
11920,190,Blue,Monte Moon,81,583,True,2026-03-05 07:00:00
11921,120,Blue,Isla Canela,98,666,True,2026-03-01 04:00:00
11922,83,Ash,Isla Canela,60,792,False,2026-04-12 13:00:00
11923,192,Brock,Ruta 1,11,163,True,2026-05-18 07:00:00
11924,41,Leaf,Ruta 1,39,191,True,2026-03-07 09:00:00
11925,77,Leaf,Isla Canela,96,787,False,2026-03-14 21:00:00
11926,182,Misty,Bosque Verde,68,1502,True,2026-04-02 06:00:00
11927,110,Red,Isla Canela,48,825,True,2026-03-11 15:00:00
11928,21,Brock,Ruta 1,58,301,True,2026-02-26 22:00:00
11929,41,Red,Ruta 1,64,313,False,2026-06-11 21:00:00
11930,197,Leaf,Monte Moon,11,202,True,2026-03-13 15:00:00
11931,46,Blue,Ruta 1,14,79,False,2026-04-14 08:00:00
11932,90,Misty,Cueva Celeste,75,457,False,2026-04-23 01:00:00
11933,130,Ash,Monte Moon,29,548,False,2026-02-09 08:00:00
11934,169,Red,Monte Moon,43,1036,False,2026-06-22 01:00:00
11935,13,Ash,Zona Safari,66,257,True,2026-05-13 02:00:00
11936,163,Brock,Zona Safari,73,379,False,2026-03-08 16:00:00
11937,85,Red,Zona Safari,48,792,True,2026-06-18 04:00:00
11938,103,Leaf,Zona Safari,19,353,False,2026-05-27 14:00:00
11939,188,Brock,Isla Canela,49,583,True,2026-04-24 00:00:00
11940,81,Leaf,Monte Moon,3,19,True,2026-05-07 22:00:00
11941,61,Misty,Isla Canela,72,972,False,2026-03-10 00:00:00
11942,163,Blue,Isla Canela,53,275,False,2026-02-27 19:00:00
11943,11,Leaf,Isla Canela,94,676,True,2026-05-03 12:00:00
11944,147,Brock,Isla Canela,44,264,False,2026-03-09 09:00:00
11945,94,Blue,Cueva Celeste,93,2092,True,2026-02-10 01:00:00
11946,40,Blue,Ruta 1,11,215,False,2026-04-09 04:00:00
11947,1,Red,Ruta 1,16,102,False,2026-01-16 17:00:00
11948,193,Brock,Cueva Celeste,81,631,False,2026-06-23 00:00:00
11949,44,Red,Bosque Verde,80,1104,False,2026-06-05 13:00:00
11950,89,Leaf,Ruta 1,79,1382,False,2026-01-25 21:00:00
11951,73,Leaf,Cueva Celeste,94,1692,True,2026-05-30 15:00:00
11952,36,Blue,Ruta 1,83,1801,False,2026-02-11 08:00:00
11953,72,Brock,Isla Canela,53,355,True,2026-02-03 07:00:00
11954,182,Blue,Monte Moon,65,1436,False,2026-02-06 18:00:00
11955,152,Brock,Isla Canela,37,236,False,2026-04-03 13:00:00
11956,187,Misty,Cueva Celeste,4,20,True,2026-05-31 04:00:00
11957,79,Brock,Ruta 1,7,44,False,2026-06-28 15:00:00
11958,58,Leaf,Cueva Celeste,31,217,True,2026-01-08 16:00:00
11959,189,Blue,Bosque Verde,88,1821,False,2026-04-06 08:00:00
11960,172,Misty,Cueva Celeste,27,110,True,2026-05-15 17:00:00
11961,171,Brock,Bosque Verde,60,966,True,2026-03-26 21:00:00
11962,173,Blue,Monte Moon,67,294,False,2026-02-09 00:00:00
11963,181,Brock,Cueva Celeste,50,1150,True,2026-01-30 09:00:00
11964,164,Red,Isla Canela,61,963,False,2026-02-02 19:00:00
11965,88,Blue,Zona Safari,11,71,False,2026-02-04 12:00:00
11966,198,Misty,Ruta 1,78,631,False,2026-03-14 16:00:00
11967,44,Blue,Monte Moon,1,13,False,2026-02-06 22:00:00
11968,51,Leaf,Zona Safari,92,1370,False,2026-04-27 17:00:00
11969,172,Red,Zona Safari,71,291,False,2026-02-19 19:00:00
11970,76,Red,Cueva Celeste,92,2051,False,2026-05-10 09:00:00
11971,155,Misty,Monte Moon,57,353,True,2026-06-03 04:00:00
11972,48,Red,Bosque Verde,40,244,True,2026-06-09 20:00:00
11973,71,Brock,Isla Canela,54,1193,True,2026-06-06 04:00:00
11974,70,Blue,Ruta 1,79,1082,False,2026-06-29 08:00:00
11975,49,Misty,Cueva Celeste,8,126,False,2026-03-06 15:00:00
11976,57,Blue,Cueva Celeste,28,445,True,2026-06-20 11:00:00
11977,111,Blue,Ruta 1,99,683,True,2026-01-15 00:00:00
11978,30,Blue,Isla Canela,89,1139,False,2026-06-06 09:00:00
11979,151,Blue,Bosque Verde,8,216,True,2026-05-15 08:00:00
11980,134,Leaf,Isla Canela,40,736,True,2026-06-01 03:00:00
11981,60,Leaf,Ruta 1,67,402,False,2026-04-18 14:00:00
11982,80,Ash,Cueva Celeste,6,103,True,2026-03-24 16:00:00
11983,173,Leaf,Zona Safari,20,88,False,2026-05-15 20:00:00
11984,158,Misty,Cueva Celeste,4,25,False,2026-03-02 00:00:00
11985,142,Leaf,Bosque Verde,62,1116,True,2026-06-15 08:00:00
11986,168,Red,Isla Canela,45,630,True,2026-01-18 21:00:00
11987,64,Blue,Isla Canela,5,70,False,2026-06-07 00:00:00
11988,193,Leaf,Ruta 1,38,296,False,2026-06-03 16:00:00
11989,178,Blue,Ruta 1,64,1056,False,2026-04-15 16:00:00
11990,105,Red,Zona Safari,53,789,True,2026-02-17 19:00:00
11991,58,Misty,Bosque Verde,25,175,False,2026-03-14 21:00:00
11992,167,Ash,Cueva Celeste,12,60,False,2026-03-22 17:00:00
11993,22,Blue,Cueva Celeste,37,573,False,2026-02-12 01:00:00
11994,179,Leaf,Ruta 1,14,78,True,2026-03-16 21:00:00
11995,30,Ash,Zona Safari,100,1280,True,2026-02-05 15:00:00
11996,191,Brock,Ruta 1,25,90,False,2026-02-01 07:00:00
11997,154,Brock,Monte Moon,65,1534,True,2026-02-20 18:00:00
11998,11,Blue,Ruta 1,34,244,True,2026-01-03 08:00:00
11999,139,Red,Monte Moon,15,259,True,2026-06-26 08:00:00
12000,90,Misty,Zona Safari,32,195,False,2026-04-03 07:00:00
